{"type":"FeatureCollection","features":[{"type":"Feature","properties":{"name":"Oregon Trail"},"geometry":{"type":"MultiLineString","coordinates":[[[-94.5016,38.9649],[-94.4945,38.976]],[[-94.5016,38.9649],[-94.4977,38.9674],[-94.4958,38.9699],[-94.4945,38.976]],[[-94.4945,38.976],[-94.4824,38.989],[-94.4816,38.993],[-94.4819,39.0042],[-94.4811,39.0052],[-94.4636,39.0113],[-94.4518,39.0205],[-94.4427,39.0248],[-94.4394,39.0286],[-94.4389,39.0342],[-94.4368,39.0385],[-94.4371,39.0421],[-94.4386,39.0444],[-94.4377,39.0507],[-94.433,39.059],[-94.4239,39.069],[-94.4226,39.0796],[-94.4211,39.0838],[-94.4181,39.0839],[-94.4168,39.0929]],[[-94.4168,39.0929],[-94.4258,39.0969],[-94.4273,39.0991],[-94.426,39.1131],[-94.424,39.1206],[-94.4258,39.1234],[-94.4263,39.1272],[-94.425,39.1309],[-94.4255,39.136]],[[-97.9201,40.2443],[-97.9136,40.2414],[-97.8984,40.2376],[-97.8862,40.2368],[-97.8769,40.2375],[-97.8516,40.2354],[-97.8482,40.2333],[-97.8438,40.2279],[-97.8381,40.2249],[-97.8309,40.2273],[-97.7701,40.2269],[-97.7518,40.2274],[-97.7357,40.2183],[-97.7199,40.2122],[-97.7104,40.2069],[-97.6868,40.2078],[-97.6633,40.2101],[-97.6554,40.2077],[-97.6439,40.2062],[-97.6333,40.2036],[-97.621,40.2028],[-97.6106,40.1998],[-97.597,40.1944],[-97.5798,40.2001],[-97.5545,40.2061],[-97.5262,40.2109],[-97.5097,40.2152],[-97.4966,40.2171],[-97.4865,40.2175],[-97.4742,40.2204],[-97.4172,40.2225],[-97.4016,40.2198],[-97.3963,40.2215],[-97.3887,40.2214],[-97.3801,40.2235],[-97.3745,40.224],[-97.367,40.2234],[-97.3617,40.2215],[-97.3543,40.2207],[-97.3487,40.2188],[-97.3472,40.2204],[-97.3462,40.2246],[-97.3436,40.2257],[-97.3185,40.2257],[-97.309,40.2283],[-97.2781,40.2322],[-97.2711,40.2311],[-97.2632,40.2261],[-97.2522,40.2224],[-97.2461,40.2176],[-97.2269,40.2159],[-97.2168,40.2123],[-97.2069,40.2076],[-97.1957,40.2011],[-97.1881,40.1903],[-97.179,40.1845],[-97.1718,40.1776],[-97.1597,40.1716],[-97.1422,40.1583],[-97.1365,40.1559],[-97.1335,40.1522],[-97.118,40.1434],[-97.0958,40.128],[-97.0854,40.1231],[-97.0714,40.1204],[-97.0649,40.1165],[-97.0541,40.1069],[-97.0434,40.0996],[-97.0407,40.0959],[-97.0333,40.09],[-97.0104,40.0796],[-97.0003,40.0714],[-96.9911,40.0655],[-96.9782,40.0624],[-96.9721,40.0571],[-96.9652,40.0568],[-96.9575,40.0544],[-96.946,40.0489],[-96.9359,40.0455],[-96.9323,40.0431],[-96.9263,40.0355],[-96.925,40.0295],[-96.925,40.0149],[-96.9225,40.0112],[-96.913,40.0052],[-96.907,39.9952],[-96.895,39.982],[-96.8935,39.9784],[-96.8926,39.9716],[-96.8867,39.964],[-96.881,39.9543],[-96.8758,39.9374],[-96.8703,39.9269],[-96.852,39.9114],[-96.8448,39.9024],[-96.8427,39.8954],[-96.8369,39.8938],[-96.827,39.8929],[-96.8219,39.8907],[-96.8191,39.887],[-96.8085,39.8663],[-96.8036,39.8605],[-96.8002,39.8581],[-96.7829,39.8497],[-96.7804,39.8472],[-96.7695,39.8408],[-96.7621,39.8293],[-96.7532,39.8045],[-96.7422,39.7953],[-96.7357,39.7801],[-96.7313,39.7755],[-96.7203,39.769],[-96.716,39.7673],[-96.7092,39.7661],[-96.696,39.7504],[-96.69,39.7462],[-96.684,39.7466],[-96.6815,39.7492],[-96.6805,39.752],[-96.6769,39.754],[-96.6727,39.7544],[-96.6683,39.7531],[-96.6639,39.7551],[-96.6589,39.7532],[-96.6578,39.7552],[-96.6549,39.7558],[-96.6508,39.755],[-96.6484,39.7535],[-96.6431,39.7459],[-96.641,39.7445],[-96.6384,39.7435],[-96.6225,39.7415],[-96.6175,39.7393],[-96.615,39.7344],[-96.5981,39.7207],[-96.5779,39.7142],[-96.5644,39.7043],[-96.5544,39.6992],[-96.5469,39.6963],[-96.5349,39.6939],[-96.5282,39.6828],[-96.5173,39.6768],[-96.5157,39.6739],[-96.5152,39.67],[-96.5051,39.6578],[-96.5025,39.6532],[-96.4991,39.6506],[-96.488,39.6466],[-96.4714,39.6333],[-96.4627,39.6231],[-96.4599,39.6183],[-96.4588,39.6148],[-96.4601,39.6056],[-96.4542,39.5954],[-96.447,39.5721],[-96.4412,39.5614],[-96.4387,39.5458],[-96.4394,39.5364],[-96.4377,39.5269],[-96.4383,39.5222],[-96.4341,39.5101],[-96.4279,39.5005],[-96.4244,39.484],[-96.4236,39.473],[-96.4243,39.4667],[-96.4307,39.4564],[-96.4304,39.4519],[-96.4283,39.4476],[-96.4289,39.4425],[-96.4274,39.4399],[-96.423,39.4368],[-96.4164,39.4286],[-96.4155,39.4243],[-96.4174,39.417],[-96.416,39.4129],[-96.4082,39.4004],[-96.4066,39.3836],[-96.3953,39.3787],[-96.3932,39.3765],[-96.3911,39.3706],[-96.3822,39.3662],[-96.3767,39.3623],[-96.3745,39.3592],[-96.3696,39.3559],[-96.3641,39.3481],[-96.3526,39.3457],[-96.3492,39.3438],[-96.3438,39.3305],[-96.3383,39.326],[-96.3228,39.3164],[-96.3173,39.3091],[-96.3145,39.3007],[-96.2955,39.2865],[-96.2893,39.2759],[-96.2669,39.2656],[-96.2551,39.257],[-96.2434,39.2551],[-96.2404,39.2555],[-96.2396,39.2567],[-96.2236,39.2569],[-96.2182,39.2532],[-96.2158,39.2531],[-96.2148,39.2511],[-96.2071,39.2493],[-96.206,39.248],[-96.2029,39.2478],[-96.2025,39.2461],[-96.1902,39.2435],[-96.1761,39.2385],[-96.1656,39.2383],[-96.1648,39.2366],[-96.1609,39.2352],[-96.1482,39.2257],[-96.1417,39.2223],[-96.1378,39.2213],[-96.1272,39.2221],[-96.1239,39.2202],[-96.1106,39.2198],[-96.1074,39.2156],[-96.0858,39.2054],[-96.0749,39.1987],[-96.068,39.1967],[-96.0552,39.1901],[-96.0461,39.1871],[-96.0136,39.1704],[-95.9987,39.1641],[-95.9917,39.159],[-95.9765,39.1518],[-95.9706,39.1478],[-95.9511,39.1378],[-95.9488,39.137],[-95.9368,39.1363],[-95.9306,39.1341],[-95.8966,39.1164],[-95.861,39.1017],[-95.8549,39.0924],[-95.854,39.0866],[-95.8418,39.0782],[-95.8309,39.0752],[-95.7911,39.0682],[-95.7817,39.0713],[-95.772,39.0764],[-95.7609,39.0848],[-95.7483,39.0869],[-95.7298,39.093],[-95.7191,39.093],[-95.7135,39.0948],[-95.7094,39.0943],[-95.692,39.0867],[-95.6785,39.0823],[-95.6706,39.0773],[-95.6682,39.0712],[-95.6701,39.0627],[-95.6682,39.0572],[-95.6544,39.0499],[-95.6404,39.0483],[-95.631,39.0481],[-95.614,39.0517],[-95.5998,39.0528],[-95.5796,39.0496],[-95.555,39.0489],[-95.5414,39.044],[-95.5252,39.0304],[-95.5084,39.0222],[-95.4984,39.0194],[-95.4836,39.0133],[-95.4463,39.0037],[-95.4156,39.0009],[-95.4103,38.999],[-95.4035,38.998],[-95.394,38.9936],[-95.3836,38.9928],[-95.3752,38.9886],[-95.3691,38.982],[-95.3663,38.9767],[-95.3599,38.971],[-95.3558,38.9693],[-95.3401,38.9693],[-95.3333,38.97],[-95.325,38.9729],[-95.3177,38.9743],[-95.2963,38.9732],[-95.2868,38.9753],[-95.2685,38.9739],[-95.2593,38.9662],[-95.2545,38.9651],[-95.2439,38.9651],[-95.2403,38.9631],[-95.2382,38.9596],[-95.2375,38.9513],[-95.2386,38.9407],[-95.237,38.9375],[-95.2387,38.9333],[-95.2397,38.921],[-95.2384,38.9111],[-95.2347,38.9089],[-95.2205,38.908],[-95.2063,38.9037],[-95.1971,38.902],[-95.1854,38.9022],[-95.1634,38.9092],[-95.1541,38.9136],[-95.1458,38.9161],[-95.1428,38.9167],[-95.1305,38.9164],[-95.1263,38.9132],[-95.112,38.9078],[-95.0999,38.9048],[-95.0898,38.9042],[-95.0825,38.9063],[-95.0787,38.9063],[-95.0685,38.9013],[-95.0543,38.8914],[-95.0475,38.8908],[-95.0394,38.892],[-95.0274,38.8886],[-95.0289,38.8789],[-95.0259,38.8614],[-95.0233,38.8526],[-95.0243,38.839],[-95.0207,38.8273],[-95.0203,38.8166],[-95.019,38.8116],[-95.0166,38.8089],[-95.0099,38.8045],[-94.9961,38.8013],[-94.9845,38.8024],[-94.973,38.8008],[-94.9544,38.8006],[-94.912,38.8021],[-94.843,38.8121],[-94.8333,38.8164],[-94.8138,38.831],[-94.8011,38.8357],[-94.7891,38.8421],[-94.7786,38.8425],[-94.7629,38.8536],[-94.7558,38.8561],[-94.7523,38.8564],[-94.7447,38.8551],[-94.7259,38.8483],[-94.7131,38.8446],[-94.7091,38.8446],[-94.6915,38.8546],[-94.6343,38.884],[-94.6253,38.8914],[-94.6172,38.8966],[-94.6095,38.9059],[-94.6025,38.9068],[-94.5873,38.9114],[-94.5721,38.9246],[-94.5672,38.9265],[-94.5611,38.9267],[-94.5583,38.9278],[-94.5408,38.9449],[-94.5359,38.9483],[-94.5196,38.9549],[-94.5079,38.9557],[-94.5062,38.9599],[-94.5016,38.9649]],[[-97.9413,40.2639],[-97.9323,40.2563],[-97.9266,40.2469],[-97.9245,40.2454],[-97.9201,40.2443]],[[-97.9413,40.2639],[-97.9367,40.2631],[-97.9327,40.2606],[-97.9201,40.2443]],[[-111.031,41.7841],[-110.9813,41.8161],[-110.971,41.8517],[-110.9696,41.8612],[-110.9542,41.9106],[-110.954,41.9302],[-110.9519,41.9382],[-110.952,41.9467],[-110.9472,41.9552],[-110.9469,41.9694],[-110.9419,41.9804],[-110.9413,41.9903],[-110.9368,41.9982],[-110.9364,42.0154],[-110.9318,42.0232],[-110.9307,42.0564],[-110.9365,42.0654],[-110.9439,42.0714],[-110.9556,42.1117],[-110.9594,42.1176],[-110.9675,42.1233],[-110.9684,42.1258],[-110.9677,42.1296],[-110.9701,42.1383],[-110.99,42.1671],[-111.0024,42.1757],[-111.0184,42.1901],[-111.0391,42.2147],[-111.061,42.2203]],[[-111.031,41.7841],[-111.0296,41.7811],[-111.0102,41.7592],[-111.0031,41.7438],[-110.9965,41.735],[-110.9975,41.7298],[-110.9966,41.7286],[-110.9978,41.7248],[-110.9968,41.7224],[-110.992,41.7197],[-110.9857,41.7182],[-110.975,41.7122],[-110.9721,41.7077],[-110.9711,41.7029],[-110.9698,41.7017],[-110.9669,41.7016],[-110.9457,41.712],[-110.9326,41.7159],[-110.9283,41.7208],[-110.9199,41.7213],[-110.9197,41.7233],[-110.9175,41.7263],[-110.9142,41.7276],[-110.9029,41.7271],[-110.8929,41.7236],[-110.8894,41.7235],[-110.8864,41.7212],[-110.8797,41.7194],[-110.8759,41.7192],[-110.8702,41.7164],[-110.864,41.7074],[-110.8647,41.6954],[-110.867,41.6941],[-110.867,41.6932],[-110.8652,41.6923],[-110.8674,41.6846],[-110.8584,41.6783],[-110.8577,41.675],[-110.8555,41.6734],[-110.8511,41.6723],[-110.8421,41.6729],[-110.8282,41.6698],[-110.8002,41.6615],[-110.7886,41.6631],[-110.7733,41.6638],[-110.7625,41.661],[-110.7509,41.6531],[-110.736,41.6525],[-110.7313,41.6498],[-110.723,41.6489],[-110.7119,41.6455],[-110.7082,41.6413],[-110.7072,41.6385],[-110.7083,41.6371],[-110.7041,41.6268],[-110.7007,41.6259],[-110.7048,41.6228],[-110.7065,41.6198],[-110.7057,41.6161],[-110.6942,41.6099],[-110.687,41.6027],[-110.6852,41.6021],[-110.6833,41.5971],[-110.6705,41.6031],[-110.6667,41.6031],[-110.6615,41.6007],[-110.6533,41.6025],[-110.6446,41.5983],[-110.6402,41.5937],[-110.6387,41.5877],[-110.6354,41.5876],[-110.6282,41.5801],[-110.6262,41.5793],[-110.6229,41.5795],[-110.617,41.5817],[-110.6096,41.5825],[-110.5702,41.5824],[-110.5558,41.578],[-110.5502,41.5745],[-110.5423,41.5764],[-110.5151,41.5646],[-110.5051,41.5645],[-110.4898,41.5624],[-110.4823,41.5596],[-110.4894,41.5471],[-110.4899,41.5445],[-110.4844,41.5409],[-110.4806,41.5351],[-110.4735,41.5344],[-110.4706,41.5321],[-110.4717,41.5295],[-110.4635,41.502],[-110.4641,41.4917],[-110.4608,41.476],[-110.4614,41.4689],[-110.46,41.465],[-110.4592,41.45],[-110.4607,41.4433],[-110.4606,41.4347],[-110.4633,41.4285],[-110.4635,41.4249],[-110.4584,41.4199],[-110.4522,41.4161],[-110.4472,41.4047],[-110.4459,41.3969],[-110.442,41.3845],[-110.4396,41.3827],[-110.4304,41.3797],[-110.4282,41.3776],[-110.4284,41.3698],[-110.4311,41.3621],[-110.4306,41.3554],[-110.413,41.3438],[-110.3981,41.3361],[-110.3908,41.3189],[-110.3647,41.3326],[-110.3639,41.3346],[-110.3572,41.3391],[-110.3447,41.3456],[-110.3402,41.3462],[-110.3303,41.3495],[-110.3231,41.3504],[-110.314,41.353],[-110.2981,41.3603],[-110.284,41.3625],[-110.276,41.3625],[-110.2651,41.3669],[-110.2583,41.3652],[-110.249,41.3685],[-110.2435,41.3734],[-110.2269,41.383],[-110.2134,41.3885],[-110.2009,41.3925],[-110.1977,41.3948],[-110.1939,41.3955],[-110.1863,41.4027],[-110.178,41.4081],[-110.1809,41.4278],[-110.1779,41.4327],[-110.1763,41.4424],[-110.1729,41.4523],[-110.1729,41.4584],[-110.1687,41.4669],[-110.1635,41.474],[-110.1579,41.4787],[-110.1558,41.4857],[-110.1516,41.4897],[-110.1502,41.4936],[-110.1373,41.5044],[-110.1244,41.5202],[-110.1026,41.5341],[-110.0882,41.5444],[-110.085,41.5434],[-110.0809,41.5476],[-110.0577,41.5585],[-110.0462,41.5605],[-110.032,41.5582],[-110.0128,41.5566],[-110.0042,41.5593],[-109.995,41.5653],[-109.9904,41.5761],[-109.9852,41.5824],[-109.9732,41.5894],[-109.9731,41.5903],[-109.9689,41.5906],[-109.9585,41.6007],[-109.9499,41.6068],[-109.9439,41.6132],[-109.9406,41.6153],[-109.9327,41.6148],[-109.9255,41.6165],[-109.9173,41.6168],[-109.9131,41.6197],[-109.9087,41.6253],[-109.9026,41.6313],[-109.8984,41.6339],[-109.8955,41.6378],[-109.8956,41.6427],[-109.8969,41.646],[-109.895,41.6467],[-109.8914,41.6595],[-109.8934,41.661],[-109.8933,41.6723],[-109.8904,41.6759],[-109.8912,41.6783],[-109.8824,41.6998],[-109.8767,41.7049],[-109.8692,41.7087],[-109.8649,41.7062],[-109.8521,41.712],[-109.8447,41.7101],[-109.8419,41.7104],[-109.8395,41.714],[-109.8307,41.7215],[-109.8289,41.7239],[-109.8128,41.732],[-109.7995,41.7467],[-109.7976,41.7517],[-109.7928,41.7558],[-109.782,41.7706],[-109.7778,41.7789],[-109.7797,41.7857],[-109.7967,41.799],[-109.799,41.8082],[-109.8091,41.832],[-109.8092,41.8393],[-109.8053,41.8438],[-109.8078,41.8532],[-109.8071,41.8572],[-109.8102,41.8608],[-109.8098,41.8651],[-109.8114,41.8723],[-109.81,41.8769],[-109.8102,41.8835],[-109.8087,41.887],[-109.7954,41.8948],[-109.7854,41.909],[-109.7774,41.9136],[-109.7735,41.9173],[-109.7707,41.9232],[-109.7649,41.9281],[-109.7574,41.9383],[-109.731,41.9453],[-109.7223,41.9504],[-109.718,41.9517],[-109.7136,41.955],[-109.6937,41.9549],[-109.6601,41.9743],[-109.6339,41.9876],[-109.6229,41.997]],[[-109.6229,41.997],[-109.6229,41.9969]],[[-104.3052,42.0845],[-104.2924,42.0779],[-104.2823,42.0764],[-104.2636,42.0708],[-104.2502,42.0628],[-104.2498,42.0595],[-104.2465,42.0568],[-104.2313,42.0498],[-104.2222,42.0488],[-104.2053,42.0446],[-104.1855,42.0427],[-104.1736,42.0395],[-104.1616,42.0339],[-104.1512,42.0275],[-104.1378,42.0225],[-104.1294,42.0136],[-104.1191,42.0095],[-104.1122,42.0055],[-104.1048,41.9985],[-104.1005,41.9956],[-104.0998,41.9926],[-104.0953,41.9892],[-104.0917,41.9876],[-104.0817,41.9798],[-104.0698,41.9739],[-104.0648,41.9655],[-104.0529,41.963],[-104.0451,41.9582],[-104.0398,41.9564],[-104.0234,41.9417],[-104.0166,41.9373],[-104.0121,41.9362],[-103.9968,41.9354],[-103.9903,41.9294],[-103.9847,41.9222],[-103.982,41.9163],[-103.9771,41.9091],[-103.9658,41.8994],[-103.9593,41.8951],[-103.9492,41.8831],[-103.9393,41.874],[-103.9321,41.8688],[-103.925,41.861],[-103.9109,41.8524],[-103.9037,41.846],[-103.8976,41.8424],[-103.8923,41.8371],[-103.8745,41.8266],[-103.8599,41.8159],[-103.8543,41.8145],[-103.8484,41.8146],[-103.846,41.8137],[-103.8447,41.812],[-103.8392,41.8102],[-103.8328,41.8061],[-103.8284,41.8017],[-103.8261,41.8032],[-103.808,41.8039],[-103.7837,41.7986],[-103.7615,41.7985],[-103.7514,41.7963],[-103.7355,41.7951],[-103.7113,41.7867],[-103.6985,41.7857],[-103.6776,41.7876],[-103.6653,41.79],[-103.6501,41.7956],[-103.6412,41.7978],[-103.6256,41.805],[-103.6162,41.8078],[-103.6092,41.8074],[-103.6018,41.8056],[-103.5726,41.8013],[-103.566,41.8016],[-103.5487,41.7967],[-103.5263,41.7874],[-103.5121,41.7786],[-103.4892,41.7741],[-103.481,41.7709],[-103.4543,41.7568],[-103.4351,41.7523],[-103.419,41.7523],[-103.4072,41.7476],[-103.4015,41.7474],[-103.3803,41.7352],[-103.3545,41.7265],[-103.3387,41.7249],[-103.3274,41.7213],[-103.2955,41.7143],[-103.2694,41.7042],[-103.2092,41.6877],[-103.1991,41.6833],[-103.1879,41.68],[-103.1815,41.6771],[-103.1725,41.6749],[-103.1513,41.6717],[-103.1293,41.6644],[-103.1176,41.6614],[-103.1081,41.6575],[-103.0958,41.6504],[-103.0874,41.6484],[-103.0691,41.6456],[-103.0501,41.6385],[-103.038,41.6299],[-103.0151,41.627],[-103.0036,41.6216],[-102.9958,41.6145],[-102.991,41.6115],[-102.9787,41.6092],[-102.9693,41.6056],[-102.9633,41.6019],[-102.9598,41.601],[-102.9537,41.6009],[-102.9455,41.5971],[-102.9316,41.5965],[-102.919,41.593],[-102.9146,41.5912],[-102.8973,41.581],[-102.8765,41.5726],[-102.8732,41.57],[-102.8639,41.5686],[-102.8528,41.5636],[-102.8444,41.5632],[-102.8357,41.5574],[-102.829,41.5548],[-102.8088,41.5486],[-102.8011,41.5478],[-102.7831,41.5427],[-102.7746,41.5374],[-102.7513,41.5264],[-102.7405,41.5187],[-102.73,41.5151],[-102.7254,41.5149],[-102.7184,41.5114],[-102.7091,41.5087],[-102.7049,41.5059],[-102.6972,41.5042],[-102.6858,41.4976],[-102.6812,41.497],[-102.6729,41.4943],[-102.6659,41.4906],[-102.6489,41.4903],[-102.6461,41.4891],[-102.6428,41.4893],[-102.6308,41.4858],[-102.6221,41.4816],[-102.6142,41.4814],[-102.6035,41.4787],[-102.5954,41.4753],[-102.5907,41.4701],[-102.5843,41.469],[-102.5778,41.4654],[-102.5712,41.4602],[-102.5691,41.4572],[-102.5659,41.4553],[-102.5604,41.4555],[-102.5558,41.4532],[-102.5407,41.4506],[-102.5166,41.4432],[-102.4984,41.4398],[-102.489,41.4347],[-102.479,41.431],[-102.4754,41.4286],[-102.4688,41.4269],[-102.4605,41.4232],[-102.4365,41.4083],[-102.4308,41.4057],[-102.4184,41.4008],[-102.4021,41.3963],[-102.3808,41.3803],[-102.3661,41.3742],[-102.3508,41.3692],[-102.3374,41.3681],[-102.3313,41.3648],[-102.3247,41.3631],[-102.3088,41.3614],[-102.3001,41.3567],[-102.2869,41.3512],[-102.2759,41.3525],[-102.2703,41.3513],[-102.263,41.3523],[-102.2557,41.347],[-102.2519,41.3463],[-102.2487,41.3437],[-102.2458,41.3438],[-102.2434,41.3414],[-102.2265,41.3389],[-102.2175,41.3346],[-102.2126,41.334],[-102.2111,41.3316],[-102.2086,41.3304],[-102.1992,41.3284],[-102.1888,41.3233],[-102.18,41.3208],[-102.1746,41.3183],[-102.1715,41.3186],[-102.1557,41.314],[-102.148,41.3128],[-102.1383,41.3125],[-102.1245,41.3095],[-102.1226,41.3076],[-102.1186,41.2914],[-102.1152,41.2861],[-102.1129,41.2789],[-102.114,41.2716],[-102.1126,41.2694],[-102.1094,41.2687],[-102.1091,41.268],[-102.1139,41.2647],[-102.1148,41.2618],[-102.1142,41.2596],[-102.1123,41.2581],[-102.1088,41.2512],[-102.1043,41.2478],[-102.1024,41.2439],[-102.0996,41.2225],[-102.0971,41.2144],[-102.0894,41.2082],[-102.0801,41.1944],[-102.0707,41.1832],[-102.0632,41.1783],[-102.0569,41.1697],[-102.0471,41.1596],[-102.0333,41.1478],[-102.0191,41.1317],[-102.0071,41.1227],[-101.9981,41.1184],[-101.9913,41.108],[-101.9683,41.0923],[-101.9627,41.0838],[-101.9521,41.0763],[-101.9466,41.0743],[-101.9047,41.0726],[-101.8909,41.0735],[-101.8773,41.0765],[-101.8637,41.0768],[-101.8481,41.0839],[-101.8243,41.0856],[-101.8098,41.0887],[-101.7898,41.0952],[-101.7727,41.0992],[-101.7531,41.1018],[-101.7353,41.1072],[-101.7231,41.1082],[-101.7027,41.1113],[-101.643,41.1108],[-101.6333,41.1127],[-101.6086,41.1136],[-101.5614,41.11],[-101.5016,41.1095],[-101.4928,41.1105],[-101.4838,41.1053],[-101.4809,41.1044],[-101.4715,41.104],[-101.4515,41.1051],[-101.4183,41.1056],[-101.3586,41.1093],[-101.3049,41.1096],[-101.285,41.1123],[-101.2591,41.1122],[-101.246,41.1133],[-101.1886,41.1232],[-101.1745,41.1282],[-101.1434,41.1336],[-101.1403,41.1339],[-101.1347,41.1315],[-101.1207,41.1318],[-101.104,41.1333],[-101.0995,41.135],[-101.094,41.1399],[-101.0875,41.1419],[-101.0786,41.1389],[-101.0541,41.1359],[-101.0413,41.1353],[-101.0279,41.1359],[-100.9895,41.1334],[-100.9677,41.1274],[-100.9415,41.1217],[-100.9227,41.1192],[-100.9162,41.1192],[-100.9142,41.118],[-100.902,41.115],[-100.8957,41.1122],[-100.8769,41.1084],[-100.8706,41.1062],[-100.86,41.1007],[-100.8492,41.097],[-100.8295,41.0964],[-100.8105,41.0936],[-100.794,41.0937],[-100.7603,41.0875],[-100.7284,41.0852],[-100.6976,41.0795],[-100.6609,41.0763],[-100.6419,41.0685],[-100.6298,41.0656],[-100.6164,41.06],[-100.5999,41.0556],[-100.5812,41.047],[-100.5735,41.0466],[-100.5577,41.0351],[-100.5379,41.027],[-100.5306,41.0209],[-100.5257,41.019],[-100.5213,41.0148],[-100.5092,41.0119],[-100.4923,41.0018],[-100.4832,41],[-100.4501,40.9866],[-100.4445,40.9856],[-100.427,40.9861],[-100.4191,40.9847],[-100.4006,40.9768],[-100.3706,40.9694],[-100.3573,40.9634],[-100.3444,40.9598],[-100.3305,40.9587],[-100.3223,40.9593],[-100.3121,40.9613],[-100.3034,40.9613],[-100.3003,40.9591],[-100.2972,40.9477],[-100.2889,40.942],[-100.2727,40.933],[-100.2222,40.9095],[-100.1855,40.8971],[-100.1745,40.8923],[-100.1475,40.885],[-100.1289,40.8736],[-100.1225,40.8659],[-100.1073,40.8579],[-100.0418,40.8381],[-100.0277,40.8352],[-100.0161,40.834],[-100,40.8304],[-99.9921,40.8254],[-99.9857,40.8236],[-99.9769,40.8198],[-99.9468,40.8021],[-99.91,40.7844],[-99.8837,40.7797],[-99.8749,40.7735],[-99.8623,40.7679],[-99.8561,40.7638],[-99.8486,40.7577],[-99.8444,40.7509],[-99.8395,40.7469],[-99.827,40.7437],[-99.8095,40.7368],[-99.7793,40.7197],[-99.7584,40.7126],[-99.7415,40.7099],[-99.7281,40.7065],[-99.7084,40.6965],[-99.697,40.6934],[-99.6782,40.6861],[-99.6632,40.6821],[-99.6562,40.6809],[-99.6431,40.6802],[-99.6236,40.6824],[-99.622,40.682],[-99.615,40.6757],[-99.5685,40.6728],[-99.5511,40.6693],[-99.5299,40.6668],[-99.503,40.6653],[-99.4576,40.6592],[-99.4533,40.6591],[-99.425,40.6639],[-99.4173,40.663],[-99.4021,40.6583],[-99.3984,40.6578],[-99.3457,40.6576],[-99.3306,40.6592],[-99.3026,40.6637],[-99.2877,40.6608],[-99.253,40.6592],[-99.242,40.6568],[-99.2282,40.6565],[-99.222,40.6575],[-99.2055,40.6566],[-99.1996,40.655],[-99.1811,40.6534],[-99.1788,40.6543],[-99.1605,40.6547],[-99.1412,40.6508],[-99.1275,40.6496],[-99.113,40.6466],[-99.1022,40.6463],[-99.0878,40.6445],[-99.057,40.644],[-99.046,40.6423],[-99.0426,40.6426],[-99.0329,40.6469],[-99.0269,40.6483],[-99.0181,40.6491],[-99.0124,40.6479],[-99.0007,40.6509],[-98.9718,40.6496],[-98.9498,40.65],[-98.9211,40.652],[-98.893,40.6523],[-98.8594,40.6581],[-98.8408,40.6623],[-98.8253,40.6561],[-98.8165,40.6551],[-98.801,40.658],[-98.7858,40.6583],[-98.7632,40.6605],[-98.7326,40.6607],[-98.7254,40.6593],[-98.719,40.6569],[-98.7119,40.6521],[-98.7015,40.6376],[-98.6942,40.6318],[-98.6888,40.6256],[-98.6857,40.619],[-98.6792,40.6152],[-98.6744,40.6111],[-98.6696,40.6063],[-98.6656,40.6],[-98.6596,40.5953],[-98.6452,40.5923],[-98.6332,40.5916],[-98.6193,40.5919],[-98.6111,40.5904],[-98.5992,40.5869],[-98.5886,40.5804],[-98.5739,40.5783],[-98.5654,40.5761],[-98.5617,40.5732],[-98.5604,40.5698],[-98.5587,40.5685],[-98.5516,40.5654],[-98.541,40.5627],[-98.5326,40.5583],[-98.5204,40.5464],[-98.5168,40.5446],[-98.5127,40.5437],[-98.5038,40.5345],[-98.4926,40.5301],[-98.4868,40.525],[-98.4791,40.5205],[-98.4705,40.5136],[-98.4665,40.5123],[-98.4602,40.5118],[-98.452,40.5083],[-98.4491,40.5052],[-98.4467,40.4995],[-98.4415,40.4963],[-98.4341,40.4924],[-98.4117,40.4856],[-98.3994,40.48],[-98.386,40.4775],[-98.3774,40.4668],[-98.3565,40.4546],[-98.3402,40.4439],[-98.3231,40.4421],[-98.3094,40.4319],[-98.3036,40.4298],[-98.2774,40.4296],[-98.2682,40.429],[-98.2633,40.4279],[-98.2354,40.4062],[-98.2162,40.4029],[-98.2074,40.3931],[-98.2033,40.3901],[-98.1902,40.3863],[-98.1693,40.3781],[-98.1637,40.3777],[-98.1561,40.3756],[-98.149,40.3691],[-98.1448,40.3668],[-98.1299,40.3613],[-98.1129,40.3599],[-98.1071,40.3585],[-98.0916,40.3516],[-98.0847,40.3475],[-98.0731,40.3432],[-98.0529,40.3401],[-98.0423,40.3396],[-98.0369,40.3382],[-98.0068,40.3196],[-97.9893,40.3159],[-97.9778,40.3101],[-97.9666,40.2993],[-97.9578,40.2937],[-97.9531,40.2857],[-97.9525,40.2784],[-97.9537,40.2738],[-97.9528,40.27],[-97.9495,40.2665],[-97.9413,40.2639]],[[-104.341,42.0955],[-104.3222,42.0873],[-104.3052,42.0845]],[[-104.341,42.0955],[-104.3215,42.0916],[-104.3103,42.0879],[-104.3052,42.0845]],[[-104.341,42.0955],[-104.3522,42.1029],[-104.3727,42.1054],[-104.3791,42.1079],[-104.3873,42.1126],[-104.3941,42.1176],[-104.3975,42.1266],[-104.4,42.1296],[-104.4075,42.1346],[-104.4277,42.1452],[-104.4426,42.156],[-104.448,42.1615],[-104.457,42.1633],[-104.4625,42.1669],[-104.4706,42.1685],[-104.473,42.1706],[-104.4758,42.176],[-104.4772,42.1766],[-104.482,42.177],[-104.4864,42.1763],[-104.4915,42.1775],[-104.4991,42.1825],[-104.5131,42.1865],[-104.5259,42.1931],[-104.53,42.1985],[-104.5323,42.2073],[-104.535,42.2103],[-104.5418,42.2122],[-104.544,42.2135],[-104.5502,42.2236],[-104.5538,42.2242],[-104.5649,42.2219],[-104.5652,42.224],[-104.5676,42.2255],[-104.5805,42.2267],[-104.5934,42.2303],[-104.6036,42.2266],[-104.6066,42.2263],[-104.616,42.2295],[-104.6262,42.2299],[-104.6293,42.232],[-104.6309,42.2346],[-104.6421,42.2348],[-104.6458,42.2359],[-104.6543,42.2366],[-104.6637,42.2357],[-104.6679,42.2385],[-104.6721,42.2433],[-104.6812,42.2464],[-104.7024,42.2471],[-104.7091,42.248],[-104.7169,42.2471],[-104.7239,42.2498],[-104.7326,42.2514],[-104.752,42.2567],[-104.7606,42.2577],[-104.7635,42.2589],[-104.7673,42.2583],[-104.7697,42.2591],[-104.7741,42.2628],[-104.7833,42.2684],[-104.7862,42.2719],[-104.7932,42.2749],[-104.8006,42.2802],[-104.8057,42.2818],[-104.8207,42.2844],[-104.8336,42.2886],[-104.8378,42.2908],[-104.8487,42.3005],[-104.8548,42.301],[-104.8654,42.305],[-104.8735,42.3062],[-104.8788,42.3095],[-104.8827,42.31],[-104.8845,42.3122],[-104.8885,42.3133],[-104.8925,42.323],[-104.9024,42.3295],[-104.9043,42.3325],[-104.9165,42.3321],[-104.9207,42.3351],[-104.9222,42.3384],[-104.9376,42.3455],[-104.9427,42.3529],[-104.9463,42.3602],[-104.9441,42.3643],[-104.9443,42.3708],[-104.9496,42.3732],[-104.9524,42.3755],[-104.953,42.3799],[-104.9566,42.3856],[-104.9676,42.3983],[-104.9701,42.4037],[-104.9773,42.4119],[-104.9831,42.4241],[-104.9868,42.4388],[-105.0082,42.4557],[-105.0231,42.4692],[-105.0262,42.4711],[-105.0306,42.4719],[-105.0325,42.4745],[-105.039,42.4768],[-105.0606,42.4782],[-105.0723,42.4812],[-105.0787,42.4802],[-105.0815,42.4805],[-105.0845,42.4821],[-105.0865,42.4822],[-105.0882,42.4851],[-105.0959,42.4862],[-105.1077,42.4903],[-105.1156,42.4961],[-105.1202,42.4979],[-105.1453,42.4993],[-105.1512,42.5011],[-105.1579,42.4995],[-105.1644,42.4992],[-105.1742,42.5011],[-105.1814,42.501],[-105.1867,42.5024],[-105.194,42.5022],[-105.1955,42.5034],[-105.1971,42.5102],[-105.2043,42.5133],[-105.2083,42.5181],[-105.2125,42.5208],[-105.2229,42.5221],[-105.2303,42.5243],[-105.2418,42.5293],[-105.2613,42.5406],[-105.2738,42.544],[-105.2794,42.5471],[-105.288,42.5491],[-105.2995,42.5532],[-105.3025,42.5528],[-105.3049,42.5545],[-105.3079,42.5547],[-105.3088,42.5561],[-105.3125,42.5573],[-105.3149,42.5607],[-105.3158,42.5662],[-105.3193,42.567],[-105.3201,42.5696],[-105.3305,42.5761],[-105.3346,42.5811],[-105.3412,42.5837],[-105.346,42.5904],[-105.3524,42.5933],[-105.3629,42.6007],[-105.372,42.6027],[-105.3818,42.6063],[-105.3952,42.6137],[-105.3972,42.6202],[-105.3965,42.6247],[-105.3948,42.6272],[-105.3895,42.6297],[-105.3942,42.6328],[-105.3982,42.6448],[-105.4016,42.6473],[-105.4094,42.6498],[-105.4134,42.6519],[-105.425,42.66],[-105.4383,42.6745],[-105.4427,42.6781],[-105.4413,42.6852],[-105.4423,42.6885],[-105.4457,42.6901],[-105.4525,42.6908],[-105.4545,42.6919],[-105.4564,42.6972],[-105.4633,42.7013],[-105.4689,42.7086],[-105.4772,42.7162],[-105.4812,42.7184],[-105.4823,42.7216],[-105.4838,42.7228],[-105.5082,42.732],[-105.5342,42.7384],[-105.5596,42.7414],[-105.5716,42.7411],[-105.583,42.7435],[-105.5893,42.7466],[-105.5918,42.7496],[-105.5985,42.7535],[-105.6108,42.7589],[-105.6283,42.7561],[-105.6329,42.7573],[-105.6383,42.7594],[-105.6425,42.7638],[-105.6486,42.7661],[-105.6505,42.7681],[-105.6516,42.7718],[-105.659,42.7803],[-105.6637,42.7783],[-105.6705,42.7815],[-105.6817,42.7826],[-105.6892,42.7847],[-105.702,42.7813],[-105.7057,42.7847],[-105.7127,42.7942],[-105.7129,42.8053],[-105.7182,42.8091],[-105.7215,42.8139],[-105.7251,42.816],[-105.7363,42.8196],[-105.7513,42.8214],[-105.7638,42.8246],[-105.7697,42.8246],[-105.7891,42.8269],[-105.8017,42.8383],[-105.8064,42.8403],[-105.8113,42.8409],[-105.8144,42.8426],[-105.8206,42.8501],[-105.8264,42.8525],[-105.8387,42.8557],[-105.8499,42.8618],[-105.8671,42.8619],[-105.8738,42.8637],[-105.8875,42.8645],[-105.8965,42.8636],[-105.9083,42.861],[-105.9247,42.8618],[-105.9384,42.8602],[-105.9653,42.8521],[-105.9823,42.8475],[-105.9871,42.8469],[-106.0015,42.849],[-106.0127,42.8518],[-106.0328,42.8615],[-106.0415,42.8642],[-106.0572,42.8666],[-106.0662,42.8662],[-106.0728,42.8644],[-106.0782,42.864],[-106.0815,42.8647],[-106.084,42.864],[-106.0926,42.8576],[-106.0971,42.8564],[-106.1137,42.8561],[-106.1215,42.8567],[-106.1368,42.8536],[-106.1507,42.8521],[-106.1682,42.8516],[-106.1797,42.8458],[-106.192,42.8408],[-106.1982,42.8411],[-106.2119,42.8516],[-106.2169,42.8521],[-106.2187,42.8537],[-106.2516,42.8575],[-106.2844,42.8559],[-106.3004,42.8618],[-106.3066,42.8667],[-106.3137,42.8653],[-106.3198,42.8659],[-106.327,42.8652],[-106.3456,42.8485],[-106.3504,42.8467],[-106.3575,42.8454],[-106.3667,42.8406],[-106.3692,42.8412],[-106.3757,42.8469],[-106.3797,42.8475],[-106.3876,42.8478],[-106.4025,42.8458],[-106.4134,42.8411],[-106.4185,42.8398],[-106.4312,42.8417],[-106.4407,42.8457],[-106.4533,42.8457],[-106.4616,42.8466],[-106.4757,42.8445],[-106.4903,42.8509],[-106.499,42.8538],[-106.515,42.8549],[-106.5192,42.8544],[-106.5215,42.853],[-106.5253,42.847],[-106.5275,42.8454],[-106.5378,42.8445],[-106.543,42.8406],[-106.5481,42.8405],[-106.5574,42.8359],[-106.5649,42.8336],[-106.5676,42.8317],[-106.5703,42.8252],[-106.5752,42.8237],[-106.582,42.817],[-106.5935,42.8117],[-106.6101,42.7947],[-106.6182,42.7805],[-106.6196,42.7682],[-106.6241,42.7652],[-106.629,42.7605],[-106.6337,42.7586],[-106.644,42.7499],[-106.656,42.7445],[-106.6604,42.741],[-106.6622,42.739],[-106.6599,42.7367],[-106.6638,42.7297],[-106.6673,42.7284],[-106.6709,42.7249],[-106.6744,42.7234],[-106.6777,42.7231],[-106.6799,42.7208],[-106.6852,42.7185],[-106.6935,42.7115],[-106.7031,42.7065],[-106.7091,42.7016],[-106.7149,42.6996],[-106.7292,42.6919],[-106.7593,42.6795],[-106.7729,42.6763],[-106.7758,42.6765],[-106.7822,42.6748],[-106.7958,42.6736],[-106.8073,42.6637],[-106.8259,42.6555],[-106.8317,42.6521],[-106.8336,42.6499],[-106.8451,42.6448],[-106.8526,42.6397],[-106.8637,42.6373],[-106.8691,42.6348],[-106.8739,42.6344],[-106.8847,42.6318],[-106.8994,42.6315],[-106.9019,42.6301],[-106.9055,42.6256],[-106.9146,42.6216],[-106.9227,42.6164],[-106.9311,42.6146],[-106.9343,42.6132],[-106.9405,42.6124],[-106.9609,42.6056],[-106.9753,42.6018],[-106.9811,42.5983],[-106.9863,42.5892],[-106.9921,42.5858],[-107.0009,42.5827],[-107.0031,42.5804],[-107.0047,42.5761],[-107.0115,42.5698],[-107.0182,42.5599],[-107.0361,42.5404],[-107.0406,42.5373],[-107.0449,42.5362],[-107.0497,42.5304],[-107.0691,42.5189],[-107.0756,42.5157],[-107.0831,42.5143],[-107.0927,42.5096],[-107.1026,42.5026],[-107.1105,42.4988],[-107.123,42.4957],[-107.1358,42.486],[-107.1488,42.4797],[-107.1495,42.4783],[-107.1471,42.4696],[-107.1484,42.467],[-107.1542,42.4648],[-107.1667,42.4639],[-107.1714,42.4593],[-107.181,42.4542],[-107.1901,42.4509],[-107.1971,42.4474],[-107.207,42.4438],[-107.222,42.4411],[-107.2264,42.4392],[-107.2353,42.4371],[-107.2461,42.4368],[-107.2634,42.4395],[-107.2773,42.4389],[-107.286,42.4413],[-107.2978,42.4421],[-107.3066,42.4457],[-107.3206,42.4482],[-107.331,42.4518],[-107.3433,42.452],[-107.3547,42.4554],[-107.3644,42.4596],[-107.3755,42.4678],[-107.3946,42.4795],[-107.4081,42.4814],[-107.4135,42.4846],[-107.4212,42.4861],[-107.4269,42.4856],[-107.4338,42.4817],[-107.4372,42.4815],[-107.4507,42.4772],[-107.4545,42.4747],[-107.4667,42.4723],[-107.471,42.4724],[-107.4767,42.4738],[-107.4905,42.4738],[-107.4993,42.4709],[-107.5023,42.4689],[-107.5117,42.4684],[-107.5351,42.4628],[-107.5408,42.458],[-107.5888,42.4647],[-107.5934,42.4663],[-107.6001,42.4659],[-107.6025,42.4671],[-107.6039,42.4711],[-107.6133,42.475],[-107.619,42.482],[-107.63,42.4871],[-107.6368,42.4887],[-107.6548,42.4889],[-107.6711,42.4916],[-107.6885,42.4986],[-107.717,42.5081],[-107.7376,42.5185],[-107.76,42.5226],[-107.7677,42.5223],[-107.7696,42.5231],[-107.7717,42.5269],[-107.7775,42.5289],[-107.7823,42.5287],[-107.7847,42.5296],[-107.8053,42.5285],[-107.8323,42.5254],[-107.8655,42.5236],[-107.872,42.5248],[-107.885,42.5235],[-107.8969,42.5241],[-107.9061,42.5269],[-107.9135,42.5279],[-107.9361,42.5227],[-107.9423,42.5219],[-107.9637,42.5219],[-107.9731,42.5239],[-107.9822,42.524],[-107.9889,42.5204],[-107.9935,42.5213],[-108.0085,42.5174],[-108.0118,42.5156],[-108.0169,42.515],[-108.0298,42.5161],[-108.0447,42.5199],[-108.0608,42.5209],[-108.0935,42.5178],[-108.1051,42.5152],[-108.1252,42.5148],[-108.1361,42.5112],[-108.1497,42.5122],[-108.1602,42.5141],[-108.2018,42.5118],[-108.213,42.5132],[-108.2211,42.5101],[-108.2282,42.5094],[-108.2318,42.5106],[-108.2364,42.514],[-108.2463,42.516],[-108.2501,42.516],[-108.2594,42.5128],[-108.2702,42.5116],[-108.2742,42.5068],[-108.2821,42.5006],[-108.2855,42.4952],[-108.2891,42.4961],[-108.2916,42.4953],[-108.2956,42.4974],[-108.3019,42.493],[-108.3066,42.4916],[-108.3105,42.4918],[-108.312,42.4908],[-108.3466,42.4815],[-108.3501,42.4819],[-108.3529,42.481],[-108.3571,42.4777],[-108.3635,42.4784],[-108.3678,42.4758],[-108.3716,42.4752],[-108.381,42.471],[-108.3883,42.4691],[-108.3908,42.4662],[-108.3941,42.4648],[-108.3978,42.4656],[-108.4062,42.4718],[-108.4107,42.471],[-108.4131,42.4714],[-108.415,42.4702],[-108.414,42.4674],[-108.4155,42.4623],[-108.4188,42.4622],[-108.4246,42.4652],[-108.4346,42.4641],[-108.4528,42.4515],[-108.4608,42.4505],[-108.4679,42.4512],[-108.4938,42.4483],[-108.4978,42.449],[-108.5164,42.4483],[-108.5392,42.4421],[-108.5468,42.4354],[-108.553,42.4342],[-108.5803,42.4394],[-108.5937,42.4402],[-108.6018,42.4392],[-108.6077,42.4398],[-108.6253,42.437],[-108.6437,42.4354],[-108.6644,42.4226],[-108.6724,42.4184],[-108.6777,42.4171],[-108.6819,42.4133],[-108.7088,42.396],[-108.7164,42.3787],[-108.7224,42.3773],[-108.7225,42.3757],[-108.7312,42.3694],[-108.7617,42.3536],[-108.7728,42.3459],[-108.7817,42.3445],[-108.8001,42.344],[-108.8126,42.3446],[-108.8416,42.3487],[-108.8548,42.3492],[-108.8743,42.3446]],[[-111.061,42.2203],[-111.0685,42.2216]],[[-111.0685,42.2216],[-111.0791,42.2196],[-111.0865,42.2193],[-111.0974,42.2214],[-111.1064,42.2222],[-111.1087,42.2242],[-111.1106,42.2311],[-111.1188,42.2344],[-111.1292,42.2307],[-111.133,42.2317],[-111.1357,42.2313],[-111.1554,42.224],[-111.1636,42.2229],[-111.1712,42.2209],[-111.173,42.2197],[-111.1766,42.2197],[-111.1784,42.2212],[-111.1787,42.2187],[-111.1817,42.2166],[-111.1843,42.2161],[-111.1865,42.2217],[-111.1855,42.2256],[-111.1875,42.2309],[-111.1864,42.2369],[-111.1869,42.2391],[-111.1891,42.2411],[-111.1903,42.2453],[-111.1926,42.247],[-111.2072,42.25],[-111.2092,42.2511],[-111.2165,42.2515],[-111.2277,42.2674],[-111.242,42.2783],[-111.293,42.2987],[-111.2955,42.3062],[-111.2947,42.3097],[-111.2954,42.3141],[-111.3003,42.3217],[-111.2989,42.3251],[-111.2992,42.3455],[-111.3026,42.352],[-111.3066,42.3563],[-111.3087,42.3616],[-111.308,42.3668],[-111.309,42.3699],[-111.311,42.3719],[-111.3121,42.3813],[-111.3163,42.3849],[-111.3202,42.3913],[-111.3266,42.3978],[-111.337,42.4135],[-111.3386,42.4205],[-111.3385,42.4275],[-111.3407,42.4325],[-111.3523,42.4432],[-111.3586,42.4552],[-111.3648,42.4631],[-111.3797,42.4859],[-111.3864,42.4934],[-111.3934,42.5171],[-111.401,42.5245],[-111.4046,42.5312],[-111.4079,42.534],[-111.42,42.5416],[-111.4282,42.5488],[-111.4392,42.5553],[-111.4446,42.5615],[-111.4515,42.5658],[-111.4553,42.5689],[-111.4581,42.5731],[-111.4632,42.576],[-111.471,42.5844],[-111.4799,42.59],[-111.4833,42.5939],[-111.4876,42.6023],[-111.4918,42.6063],[-111.4965,42.6103],[-111.5081,42.6171],[-111.5103,42.6232],[-111.5138,42.6273],[-111.5246,42.631],[-111.5316,42.6362],[-111.5348,42.6372],[-111.5436,42.6377],[-111.5511,42.6429],[-111.5662,42.6454],[-111.5952,42.6525],[-111.6136,42.6528],[-111.6422,42.6563],[-111.6673,42.6511],[-111.6817,42.6491],[-111.7154,42.6494],[-111.7194,42.6503],[-111.7209,42.6525],[-111.7234,42.6621],[-111.7276,42.6691],[-111.736,42.6749],[-111.7478,42.6876],[-111.7539,42.6959],[-111.7545,42.7052],[-111.7589,42.7104],[-111.7655,42.7224],[-111.766,42.7272],[-111.7677,42.7285],[-111.7734,42.7298],[-111.7811,42.7349],[-111.7858,42.7366],[-111.7917,42.7428],[-111.7992,42.7474],[-111.8052,42.7542],[-111.8111,42.7577],[-111.8353,42.7755],[-111.8578,42.7897],[-111.8636,42.7997],[-111.863,42.8136],[-111.8702,42.828],[-111.8794,42.8361],[-111.8881,42.8402],[-111.894,42.8442],[-111.9014,42.8572],[-111.9157,42.8719],[-111.9182,42.8734],[-111.9261,42.875],[-111.9383,42.8757],[-111.9421,42.8826],[-111.9464,42.8862],[-111.9479,42.8892],[-111.9473,42.8902],[-111.9665,42.903],[-111.9775,42.9188],[-111.9833,42.9243],[-111.9961,42.9282],[-112.0012,42.9278],[-112.0067,42.9289],[-112.0228,42.9298],[-112.0252,42.9384],[-112.0281,42.9439],[-112.0372,42.954],[-112.0382,42.9559],[-112.0377,42.9607],[-112.041,42.9641],[-112.0484,42.9656],[-112.0589,42.973],[-112.0743,42.977],[-112.0856,42.9828],[-112.0897,42.984],[-112.1035,42.9872],[-112.1154,42.9866],[-112.1337,42.9883],[-112.1348,42.9928],[-112.1384,42.9985],[-112.1585,43.0069],[-112.1628,43.0075],[-112.1758,43.0071],[-112.1859,43.0044],[-112.195,42.9985],[-112.2089,42.9994],[-112.2192,43.0018],[-112.2255,43.0051],[-112.2268,43.007],[-112.2329,43.0093],[-112.2337,43.0138],[-112.239,43.0179],[-112.2434,43.0236],[-112.249,43.0277],[-112.2623,43.0299],[-112.2755,43.0306],[-112.2847,43.0293],[-112.2892,43.0307],[-112.2972,43.0369],[-112.3017,43.0389],[-112.3144,43.0399],[-112.3212,43.0367],[-112.3247,43.0338],[-112.3299,43.0325],[-112.333,43.0303],[-112.3373,43.0296],[-112.3427,43.0302],[-112.3812,43.0249],[-112.3877,43.0254],[-112.3957,43.0277],[-112.4046,43.0277],[-112.4252,43.0302],[-112.4323,43.0331],[-112.442,43.0344],[-112.4498,43.0376],[-112.4598,43.037],[-112.4782,43.038],[-112.4834,43.0364],[-112.498,43.0383],[-112.5145,43.037],[-112.5321,43.0403],[-112.5482,43.0406],[-112.5533,43.0419],[-112.5553,43.0444],[-112.5609,43.0471],[-112.5707,43.0421],[-112.5754,43.0374],[-112.5784,43.0367],[-112.5788,43.0349],[-112.5841,43.0355],[-112.5874,43.0346],[-112.5986,43.0349],[-112.6048,43.0297],[-112.6203,43.0232],[-112.6246,43.0179],[-112.6289,43.0177],[-112.6336,43.0193],[-112.644,43.0125],[-112.6535,43.0082],[-112.6589,43.0039],[-112.6625,42.9984],[-112.6676,42.9947],[-112.6757,42.9847],[-112.6834,42.9736],[-112.6919,42.9566],[-112.6954,42.9531],[-112.7061,42.9459],[-112.7133,42.929],[-112.7218,42.917],[-112.7263,42.9066],[-112.7327,42.885],[-112.7379,42.8784],[-112.7498,42.8715],[-112.7577,42.8632],[-112.762,42.86],[-112.77,42.8561],[-112.7796,42.8531],[-112.7898,42.8481],[-112.7957,42.8414],[-112.7994,42.8341],[-112.8056,42.828],[-112.8159,42.825],[-112.8299,42.8164],[-112.8479,42.8093],[-112.8618,42.8053],[-112.8675,42.802],[-112.8697,42.7995],[-112.8704,42.7966],[-112.8719,42.769],[-112.8759,42.7624],[-112.8784,42.7596],[-112.8853,42.7554],[-112.8885,42.7512],[-112.8949,42.7482],[-112.8994,42.7384],[-112.9016,42.736],[-112.9129,42.7326],[-112.9282,42.72],[-112.9319,42.712],[-112.946,42.7012],[-112.9561,42.6907],[-112.9575,42.6905],[-112.9593,42.6918],[-112.9624,42.6902],[-112.9648,42.6904],[-112.9722,42.6841],[-112.9853,42.6748],[-112.9962,42.6629],[-113.0074,42.6541],[-113.0203,42.6517],[-113.0356,42.6446],[-113.0698,42.6339],[-113.0786,42.629],[-113.0861,42.6263],[-113.1204,42.6211],[-113.1308,42.6207],[-113.1365,42.6171],[-113.1391,42.6133],[-113.144,42.6129],[-113.1518,42.6076],[-113.1643,42.5965],[-113.167,42.595],[-113.1749,42.5937],[-113.1785,42.5919],[-113.1883,42.5833],[-113.2164,42.5776],[-113.2224,42.5741],[-113.2327,42.5714],[-113.235,42.5709],[-113.2408,42.5719],[-113.245,42.5705],[-113.2502,42.5674],[-113.2544,42.5676],[-113.2592,42.5657],[-113.288,42.5621],[-113.2927,42.5604],[-113.3132,42.5597],[-113.3262,42.5557],[-113.3275,42.5566],[-113.3315,42.5552],[-113.3366,42.5551],[-113.3431,42.553],[-113.3573,42.5505],[-113.3753,42.5458],[-113.3981,42.5423],[-113.4027,42.541],[-113.404,42.5386],[-113.4059,42.5377],[-113.4199,42.5395],[-113.4598,42.5376],[-113.4718,42.5403],[-113.4851,42.5405],[-113.4961,42.5402],[-113.5169,42.5379],[-113.5307,42.5383],[-113.5326,42.538],[-113.5447,42.5309],[-113.5615,42.5261],[-113.5846,42.5253],[-113.631,42.5289],[-113.6533,42.5238],[-113.6639,42.5188],[-113.6696,42.519],[-113.6763,42.5162],[-113.6877,42.5148],[-113.6991,42.5142],[-113.7166,42.5164],[-113.7287,42.5163],[-113.7375,42.5193],[-113.7472,42.5204],[-113.7526,42.5195],[-113.7604,42.5151],[-113.763,42.5146],[-113.7819,42.5136],[-113.7934,42.5091],[-113.8163,42.5078],[-113.8205,42.5089],[-113.842,42.5243],[-113.8512,42.5259],[-113.856,42.528],[-113.8647,42.5297],[-113.8967,42.5343],[-113.9106,42.5303],[-113.9147,42.5272],[-113.9223,42.5249],[-113.9505,42.5288],[-113.976,42.5284],[-113.992,42.5258],[-114,42.5225],[-114.0111,42.5207],[-114.0276,42.5151],[-114.0475,42.512],[-114.0621,42.5055],[-114.069,42.5046],[-114.0806,42.5014],[-114.0879,42.4967],[-114.0905,42.4963],[-114.0976,42.4973],[-114.1024,42.4959],[-114.1073,42.4958],[-114.1133,42.4939],[-114.1173,42.4935],[-114.1361,42.4876],[-114.1479,42.4864],[-114.1524,42.482],[-114.1652,42.4771],[-114.1855,42.4724],[-114.2034,42.47],[-114.2142,42.4656],[-114.2193,42.4645],[-114.2318,42.464],[-114.2401,42.46],[-114.2446,42.4593],[-114.2713,42.4582],[-114.2915,42.4595],[-114.3039,42.459],[-114.3173,42.4604],[-114.3297,42.4643],[-114.3385,42.4658],[-114.3489,42.4704],[-114.3534,42.4735],[-114.3565,42.4773],[-114.371,42.4862],[-114.3783,42.4947],[-114.39,42.4999],[-114.3946,42.5054],[-114.405,42.5113],[-114.4121,42.5167],[-114.4155,42.5209],[-114.4216,42.5243],[-114.426,42.5283],[-114.4287,42.5296],[-114.4362,42.53],[-114.4464,42.5287],[-114.4585,42.5292],[-114.4668,42.5386],[-114.4871,42.5479],[-114.4915,42.5522],[-114.4967,42.5544],[-114.5028,42.5616],[-114.5103,42.5685],[-114.5233,42.5783],[-114.5308,42.5817],[-114.53,42.5862],[-114.5335,42.602],[-114.5538,42.6009],[-114.5556,42.6014],[-114.5588,42.6044],[-114.5695,42.6064],[-114.5745,42.6082],[-114.5828,42.6145],[-114.588,42.615],[-114.6008,42.6191],[-114.6111,42.6272],[-114.6129,42.6296],[-114.6291,42.6396],[-114.6428,42.6457],[-114.6462,42.6455],[-114.6487,42.6421],[-114.6539,42.6399],[-114.6543,42.6358],[-114.6569,42.6317],[-114.657,42.6276],[-114.658,42.626],[-114.6605,42.6251],[-114.6628,42.6263],[-114.6677,42.6324],[-114.6732,42.6365],[-114.6781,42.637],[-114.6852,42.6396],[-114.695,42.641],[-114.7055,42.6445],[-114.708,42.6465],[-114.716,42.649],[-114.7218,42.6528],[-114.7244,42.6561],[-114.7333,42.6582],[-114.7372,42.6605],[-114.7499,42.6637],[-114.7542,42.666],[-114.7601,42.665],[-114.7629,42.6654],[-114.7744,42.657],[-114.7797,42.6551],[-114.784,42.6555],[-114.7923,42.6588],[-114.7994,42.6568],[-114.8079,42.6585],[-114.8122,42.662],[-114.8146,42.6661],[-114.8214,42.6698],[-114.8253,42.6779],[-114.8469,42.6944],[-114.8494,42.7],[-114.8531,42.7026],[-114.8557,42.7059],[-114.8536,42.7108],[-114.8513,42.7228],[-114.8553,42.7229],[-114.8585,42.7241],[-114.8623,42.7275],[-114.8674,42.7404],[-114.875,42.7463],[-114.878,42.7499],[-114.8881,42.757],[-114.8918,42.7621],[-114.9196,42.7637],[-114.9238,42.7609],[-114.9301,42.7606],[-114.9349,42.7614],[-114.9416,42.7647],[-114.9461,42.7642],[-114.9493,42.7647],[-114.9542,42.768],[-114.9523,42.7715],[-114.9552,42.7721],[-114.9598,42.7704],[-114.9654,42.773],[-114.9659,42.7743],[-114.9834,42.7858],[-114.987,42.7894],[-114.9999,42.7978],[-115.008,42.8055],[-115.0095,42.8059],[-115.0116,42.8099],[-115.0162,42.8143],[-115.0261,42.8189],[-115.0321,42.8243],[-115.0468,42.8306],[-115.052,42.8343],[-115.0587,42.8397],[-115.0638,42.8485],[-115.0701,42.852],[-115.0736,42.8572],[-115.0757,42.8643],[-115.0796,42.8661],[-115.0833,42.8698],[-115.1094,42.8724],[-115.1149,42.8739],[-115.1248,42.8743],[-115.1304,42.8777],[-115.1415,42.876],[-115.152,42.8779]],[[-109.2838,42.2259],[-109.3017,42.2145],[-109.3114,42.2064],[-109.318,42.2045],[-109.3223,42.2043],[-109.343,42.1974],[-109.3478,42.1967],[-109.3541,42.1925],[-109.3636,42.19],[-109.3903,42.1645],[-109.3943,42.1623],[-109.405,42.1534],[-109.4107,42.1506],[-109.4179,42.1488],[-109.4235,42.1463],[-109.4302,42.1419],[-109.4346,42.1348],[-109.4387,42.1196],[-109.4435,42.1136],[-109.4584,42.1046],[-109.4997,42.0872],[-109.5178,42.0777],[-109.5556,42.0504],[-109.5651,42.0409],[-109.5678,42.0355],[-109.5733,42.0285],[-109.5904,42.019],[-109.5973,42.0108],[-109.6123,42.0049],[-109.6229,41.997]],[[-108.9094,42.34],[-108.9232,42.3378],[-108.9268,42.3387],[-108.9327,42.3382],[-108.939,42.3345],[-108.9438,42.3331],[-108.9546,42.3317],[-108.9601,42.3277],[-108.9624,42.3218],[-108.9713,42.3153],[-108.9758,42.3137],[-108.9778,42.3121],[-109.026,42.296],[-109.0288,42.2959],[-109.0395,42.291],[-109.0538,42.2872],[-109.0655,42.2825],[-109.0761,42.2797],[-109.0963,42.2786],[-109.1067,42.2821],[-109.1169,42.2913],[-109.1256,42.2937],[-109.1306,42.2929],[-109.1432,42.2865],[-109.1641,42.2741],[-109.1708,42.2714],[-109.1907,42.2682],[-109.2107,42.2623],[-109.215,42.2596],[-109.2282,42.258],[-109.2495,42.2432],[-109.2611,42.2387],[-109.274,42.2321],[-109.2838,42.2259]],[[-108.8743,42.3446],[-108.879,42.3434],[-108.8951,42.343],[-108.9074,42.3412],[-108.9094,42.34]],[[-115.1522,42.8779],[-115.1558,42.8779],[-115.1574,42.877],[-115.1628,42.8764],[-115.1657,42.8781],[-115.1809,42.8802],[-115.1866,42.8841],[-115.1933,42.893],[-115.2036,42.9025],[-115.2154,42.9106],[-115.2236,42.9113],[-115.2469,42.9113],[-115.251,42.9135],[-115.2604,42.9147],[-115.2709,42.9177],[-115.2782,42.9224],[-115.2805,42.9229],[-115.2849,42.9218],[-115.2899,42.9219],[-115.2955,42.9251],[-115.2996,42.9261],[-115.305,42.9242],[-115.3074,42.922],[-115.312,42.9218],[-115.3141,42.9233],[-115.315,42.9281],[-115.3228,42.9337],[-115.3344,42.9322],[-115.3431,42.9353],[-115.352,42.9371],[-115.3664,42.9422],[-115.3751,42.9426],[-115.3865,42.9455],[-115.3926,42.9452],[-115.396,42.9431],[-115.4002,42.9427],[-115.4094,42.9398],[-115.4135,42.9375],[-115.4405,42.9294],[-115.4545,42.9271],[-115.4605,42.9271],[-115.4703,42.9244],[-115.4802,42.9231],[-115.4814,42.9238],[-115.4948,42.9234],[-115.5247,42.9386],[-115.5356,42.9417],[-115.5475,42.9398],[-115.5623,42.9319],[-115.5673,42.9311],[-115.5764,42.9334],[-115.5957,42.934],[-115.6185,42.9304],[-115.6395,42.9234],[-115.6552,42.9275],[-115.6818,42.9314],[-115.6934,42.934],[-115.6979,42.9344],[-115.7243,42.9324],[-115.7416,42.9352],[-115.7651,42.9344],[-115.7721,42.9319],[-115.777,42.9325],[-115.7951,42.9291],[-115.7985,42.9275],[-115.8178,42.9263]],[[-115.8178,42.9264],[-115.8367,42.9213],[-115.8515,42.921],[-115.86,42.922],[-115.8667,42.9186],[-115.875,42.916],[-115.8987,42.9185],[-115.9021,42.918],[-115.9075,42.9157],[-115.9115,42.9156],[-115.9141,42.9141],[-115.9242,42.9132],[-115.9296,42.915],[-115.9447,42.9255],[-115.9482,42.9307],[-115.9487,42.9388],[-115.9499,42.941],[-115.9529,42.9427],[-115.9562,42.9427],[-115.9561,42.9401],[-115.9573,42.9394],[-115.9739,42.9442],[-115.9999,42.9464],[-116.0235,42.952],[-116.0362,42.9595],[-116.0419,42.9615],[-116.045,42.9615],[-116.0494,42.9637],[-116.0568,42.9706],[-116.0635,42.975],[-116.0715,42.9787],[-116.0824,42.9814],[-116.0967,42.9875],[-116.1323,43.0072],[-116.1474,43.0136],[-116.1682,43.0308],[-116.1814,43.0392],[-116.2017,43.0483],[-116.2208,43.0554],[-116.2279,43.0591],[-116.2359,43.0716],[-116.2411,43.0752],[-116.2733,43.0913],[-116.2769,43.0959],[-116.2774,43.1015],[-116.2862,43.1048],[-116.2943,43.1135],[-116.2972,43.1151],[-116.3038,43.1162],[-116.3108,43.1149],[-116.3119,43.1178],[-116.3143,43.12],[-116.3213,43.1227],[-116.326,43.1226],[-116.3306,43.124],[-116.3407,43.1312],[-116.3475,43.1348],[-116.3517,43.1361],[-116.3604,43.1367],[-116.3633,43.1378],[-116.3642,43.1444],[-116.3687,43.1478],[-116.3781,43.1613],[-116.385,43.1657],[-116.3931,43.1667],[-116.3952,43.1687],[-116.3964,43.1753],[-116.3944,43.1745],[-116.3935,43.1751],[-116.398,43.1796],[-116.3973,43.1815],[-116.396,43.182],[-116.4,43.187],[-116.4093,43.1948],[-116.4153,43.1986],[-116.4194,43.1995],[-116.4602,43.2023],[-116.4707,43.2059],[-116.4832,43.2142],[-116.487,43.2158],[-116.4969,43.2171],[-116.5151,43.2179],[-116.5345,43.2216],[-116.54,43.2236],[-116.5426,43.2287],[-116.5374,43.2367],[-116.5308,43.2536],[-116.5315,43.259],[-116.5365,43.2672],[-116.5512,43.2845],[-116.5556,43.2948],[-116.5598,43.2979],[-116.5695,43.3004],[-116.581,43.3065],[-116.5904,43.3222],[-116.6006,43.327],[-116.6034,43.329],[-116.6068,43.3342],[-116.6119,43.3388],[-116.6249,43.3476],[-116.6441,43.3588],[-116.6464,43.3609],[-116.6543,43.3752],[-116.677,43.3941],[-116.6835,43.4013],[-116.6972,43.4109],[-116.705,43.4186],[-116.7125,43.4236],[-116.7196,43.4303],[-116.7293,43.4367],[-116.7396,43.448],[-116.7464,43.4535],[-116.7561,43.4598],[-116.7681,43.464],[-116.7731,43.4667],[-116.7808,43.4736],[-116.7875,43.4817],[-116.7883,43.4921],[-116.7875,43.5]],[[-115.3303,42.9327],[-115.3297,42.934],[-115.3312,42.9385],[-115.3407,42.9437],[-115.3426,42.9465],[-115.3422,42.9488],[-115.3374,42.9554],[-115.3357,42.9627],[-115.3312,42.9658],[-115.3297,42.9729],[-115.3343,42.9762],[-115.3431,42.9851],[-115.3521,42.9902],[-115.3617,42.9999]],[[-115.3616,42.9999],[-115.366,43.0063],[-115.3768,43.017],[-115.388,43.0193],[-115.3979,43.0357],[-115.4124,43.0392],[-115.4285,43.0522],[-115.4373,43.0577],[-115.4555,43.0736],[-115.46,43.0791],[-115.4599,43.0815],[-115.4746,43.088],[-115.4827,43.0932],[-115.4942,43.1093],[-115.4936,43.1191],[-115.4982,43.1287],[-115.4969,43.1407],[-115.5056,43.1417],[-115.5122,43.1455],[-115.5193,43.1551],[-115.5242,43.16],[-115.5269,43.1653],[-115.556,43.1918],[-115.5627,43.1956],[-115.5716,43.1985],[-115.5837,43.2074],[-115.5958,43.2136],[-115.6036,43.2173],[-115.6187,43.2227],[-115.6232,43.2263],[-115.6364,43.2337],[-115.6439,43.2368],[-115.6525,43.2373],[-115.6738,43.248],[-115.6886,43.2571],[-115.702,43.2604],[-115.7159,43.2677],[-115.7198,43.274],[-115.72,43.2769],[-115.7293,43.2935],[-115.741,43.3215],[-115.7472,43.325],[-115.764,43.3394],[-115.7675,43.3412],[-115.7708,43.3417],[-115.7728,43.3433],[-115.7807,43.3429],[-115.782,43.3441],[-115.7826,43.3482],[-115.7855,43.3531],[-115.8002,43.358],[-115.8057,43.3622],[-115.8117,43.3698],[-115.8204,43.3763],[-115.8215,43.378],[-115.8203,43.3836],[-115.8216,43.3852],[-115.8313,43.3898],[-115.8323,43.391],[-115.8483,43.3898],[-115.8558,43.3915],[-115.8593,43.3952],[-115.8605,43.4025],[-115.8685,43.4092],[-115.873,43.411],[-115.8763,43.4106],[-115.8795,43.4133],[-115.8858,43.414],[-115.8964,43.4171],[-115.9085,43.4191],[-115.9148,43.4246],[-115.9177,43.4254],[-115.923,43.4287],[-115.9251,43.4328],[-115.9342,43.4433],[-115.9455,43.453],[-115.9589,43.4602],[-115.9669,43.4628],[-115.9716,43.4632],[-115.9815,43.4627],[-115.9879,43.4605],[-115.9942,43.4605],[-116.0021,43.4618],[-116.0112,43.4647],[-116.0133,43.4668],[-116.0134,43.4684],[-116.0269,43.4787],[-116.0288,43.4826],[-116.0345,43.4892],[-116.0475,43.497],[-116.0515,43.4976],[-116.0526,43.4996],[-116.0552,43.5015],[-116.0662,43.5054],[-116.0697,43.5107],[-116.0746,43.5136],[-116.0828,43.5231],[-116.0926,43.5309],[-116.0993,43.5382],[-116.1063,43.5408],[-116.1165,43.5479],[-116.1249,43.5516],[-116.1325,43.5569],[-116.1348,43.5577],[-116.1495,43.558],[-116.1539,43.5598],[-116.1602,43.5651],[-116.1683,43.5764],[-116.1742,43.5788],[-116.185,43.588],[-116.1923,43.5902],[-116.2054,43.5987],[-116.2654,43.6419],[-116.2812,43.65],[-116.2862,43.6523],[-116.3024,43.6573],[-116.3141,43.6625],[-116.326,43.6625],[-116.3359,43.6639],[-116.3632,43.67],[-116.3779,43.6718],[-116.3842,43.6735],[-116.3865,43.6733],[-116.3856,43.6713],[-116.3868,43.6705],[-116.3887,43.67],[-116.3968,43.6706],[-116.3992,43.6684],[-116.401,43.668],[-116.4559,43.6683],[-116.4614,43.6673],[-116.4679,43.6684],[-116.4893,43.6671],[-116.5036,43.6704],[-116.5084,43.6723],[-116.5189,43.6723],[-116.5439,43.6743],[-116.5569,43.6737],[-116.584,43.6756],[-116.5924,43.6754],[-116.6106,43.6771],[-116.621,43.6796],[-116.6362,43.6798],[-116.6622,43.6827],[-116.6716,43.6813],[-116.6773,43.684],[-116.6811,43.6875],[-116.6827,43.6904],[-116.6881,43.6916],[-116.6911,43.6985],[-116.7129,43.6949],[-116.7148,43.6961],[-116.737,43.7031],[-116.7419,43.7038],[-116.7471,43.7062],[-116.7519,43.7069],[-116.7555,43.7102],[-116.7584,43.7113],[-116.7705,43.7144],[-116.784,43.7203],[-116.7915,43.7227],[-116.8004,43.7242],[-116.807,43.7283],[-116.8144,43.7313],[-116.8584,43.7406],[-116.8784,43.751],[-116.8837,43.7551],[-116.8892,43.7563],[-116.9041,43.7649],[-116.9112,43.767],[-116.9271,43.7761],[-116.9308,43.7793],[-116.9407,43.7814],[-116.9469,43.7843],[-116.9722,43.7982],[-116.9885,43.8088],[-116.9995,43.8097],[-117.0044,43.8119],[-117.0078,43.8116],[-117.0123,43.8127],[-117.0182,43.8175],[-117.0174,43.8217]],[[-116.7868,43.4999],[-116.7849,43.5069],[-116.7849,43.5121],[-116.787,43.5162],[-116.7883,43.5311],[-116.8026,43.5396],[-116.8112,43.5466],[-116.8203,43.5592],[-116.8331,43.5646],[-116.8561,43.5815],[-116.8647,43.5888],[-116.8702,43.5919],[-116.8859,43.594],[-116.8983,43.5971],[-116.9088,43.6007],[-116.9272,43.6198],[-116.9329,43.6228],[-116.9439,43.625],[-116.9482,43.6267],[-116.959,43.6322],[-116.9695,43.6454],[-116.9901,43.6563],[-116.9933,43.6592],[-116.9986,43.6683],[-117.0017,43.6707],[-117.0074,43.6728],[-117.017,43.6735],[-117.0517,43.6713],[-117.0772,43.6711],[-117.0794,43.6713],[-117.0841,43.674],[-117.0864,43.6771],[-117.0907,43.691],[-117.0909,43.6945],[-117.0886,43.6995],[-117.0863,43.7144],[-117.0765,43.7281],[-117.0754,43.7323],[-117.0789,43.7381],[-117.0876,43.758],[-117.0943,43.7662],[-117.0991,43.7776],[-117.0982,43.7792],[-117.0986,43.7812],[-117.1039,43.7905],[-117.1072,43.7987],[-117.1111,43.817],[-117.1126,43.8346],[-117.1119,43.84],[-117.1133,43.847],[-117.1123,43.8495],[-117.1136,43.8543]],[[-117.0174,43.8217],[-117.0227,43.8223],[-117.0304,43.8249]],[[-117.0174,43.8217],[-117.0181,43.8252],[-117.0206,43.8266],[-117.0254,43.8267],[-117.0304,43.8249]],[[-117.0304,43.8249],[-117.0375,43.8257],[-117.0463,43.8279],[-117.0549,43.8287],[-117.0706,43.8366],[-117.0856,43.8432],[-117.1045,43.8499],[-117.1136,43.8543]],[[-117.1136,43.8543],[-117.1275,43.866],[-117.1537,43.8818],[-117.1604,43.8934],[-117.1727,43.9023],[-117.1754,43.9087],[-117.1786,43.9115],[-117.1862,43.9279],[-117.1937,43.9375],[-117.2011,43.9424],[-117.2036,43.9432],[-117.2104,43.9425],[-117.2167,43.9466],[-117.2198,43.9509],[-117.2262,43.9571],[-117.2363,43.9764]],[[-117.2363,43.9764],[-117.2365,43.993],[-117.2376,43.9991],[-117.2542,44.0206],[-117.2544,44.0283],[-117.2525,44.0345],[-117.2534,44.0387],[-117.2651,44.0673],[-117.2731,44.0792],[-117.272,44.0846],[-117.2728,44.0905],[-117.2696,44.0982],[-117.2648,44.1053]],[[-117.2365,43.9768],[-117.2363,43.9764]],[[-117.2648,44.1053],[-117.2584,44.1149],[-117.2458,44.1237],[-117.2449,44.1273]],[[-117.2648,44.1053],[-117.2626,44.1059],[-117.2513,44.1043],[-117.246,44.1045],[-117.2426,44.1066],[-117.2376,44.1073],[-117.2341,44.1098],[-117.2348,44.1117],[-117.2419,44.1176],[-117.2423,44.1225],[-117.2449,44.1273]],[[-117.2449,44.1273],[-117.2452,44.1364],[-117.255,44.1521],[-117.2568,44.1577],[-117.2556,44.1733],[-117.2575,44.1788],[-117.259,44.1924],[-117.2623,44.1959],[-117.2635,44.1996],[-117.2612,44.2075],[-117.261,44.2142],[-117.262,44.2165],[-117.261,44.2279],[-117.258,44.2331],[-117.2586,44.2342],[-117.2609,44.2347],[-117.2565,44.2383],[-117.2509,44.241],[-117.2354,44.2448],[-117.2305,44.2477],[-117.2278,44.2509],[-117.2258,44.2581],[-117.2168,44.2643],[-117.2173,44.2693],[-117.2213,44.2777],[-117.2223,44.2866],[-117.2217,44.2907],[-117.2254,44.299],[-117.2281,44.3091],[-117.2361,44.3234],[-117.237,44.3275],[-117.2396,44.3304],[-117.2491,44.3378],[-117.2553,44.3459],[-117.2607,44.3485],[-117.2631,44.3515],[-117.2701,44.352],[-117.2717,44.3529],[-117.2764,44.3626],[-117.2794,44.3636],[-117.2845,44.3625],[-117.2885,44.3638],[-117.2901,44.3659],[-117.2902,44.3681],[-117.2875,44.3727],[-117.2879,44.3738],[-117.294,44.3752],[-117.2996,44.3805],[-117.306,44.3815],[-117.3063,44.3885],[-117.3049,44.3905],[-117.3043,44.3951],[-117.3059,44.4001],[-117.305,44.4023],[-117.306,44.4041],[-117.3095,44.4056],[-117.3096,44.4067],[-117.3055,44.4137],[-117.3065,44.4185],[-117.3085,44.4217],[-117.308,44.4232],[-117.3098,44.4307],[-117.3118,44.4328],[-117.3115,44.4348],[-117.3131,44.4374],[-117.3121,44.4414],[-117.3131,44.4449],[-117.311,44.4471],[-117.3111,44.4492],[-117.3142,44.4573],[-117.3165,44.4601],[-117.3196,44.4615],[-117.3211,44.4643],[-117.3272,44.467],[-117.3288,44.4688],[-117.3331,44.4685],[-117.3415,44.477],[-117.3422,44.4781],[-117.3388,44.4838],[-117.3428,44.4899],[-117.3481,44.4897],[-117.3493,44.4869],[-117.3487,44.4854],[-117.3501,44.4839],[-117.3589,44.4842],[-117.3683,44.4957],[-117.368,44.4992],[-117.3641,44.5013],[-117.3575,44.5089],[-117.3563,44.5116],[-117.3567,44.516],[-117.3527,44.5281],[-117.3529,44.5308],[-117.3559,44.535],[-117.3637,44.5372],[-117.3626,44.5501],[-117.3756,44.561],[-117.3791,44.562],[-117.385,44.5617],[-117.3994,44.5584],[-117.4071,44.5596],[-117.4159,44.5583],[-117.4203,44.5562],[-117.4243,44.557],[-117.4334,44.5681],[-117.4386,44.5717],[-117.4447,44.5736],[-117.4566,44.5796],[-117.4679,44.5955],[-117.4753,44.5991],[-117.4947,44.6171],[-117.5115,44.6294],[-117.5213,44.6345],[-117.5405,44.6469],[-117.5451,44.6478],[-117.5516,44.6471],[-117.5677,44.651],[-117.5752,44.6535],[-117.5771,44.6589],[-117.5816,44.6668],[-117.5921,44.6767],[-117.5953,44.6781],[-117.5976,44.6803],[-117.6015,44.6855],[-117.6017,44.6897],[-117.5994,44.6937],[-117.6013,44.6964],[-117.6018,44.7003],[-117.6057,44.7045],[-117.6062,44.7073],[-117.6084,44.7091],[-117.6143,44.7114],[-117.6173,44.7148],[-117.623,44.7173],[-117.6291,44.7237],[-117.6349,44.7258],[-117.6415,44.7254],[-117.6461,44.7268],[-117.6521,44.7311],[-117.6523,44.7328],[-117.65,44.7367],[-117.6452,44.7415],[-117.645,44.7484],[-117.6459,44.7504],[-117.6592,44.7591],[-117.6952,44.793],[-117.7097,44.8009],[-117.719,44.8046],[-117.7267,44.8064],[-117.7298,44.808],[-117.7524,44.8236],[-117.7859,44.852],[-117.7951,44.8587],[-117.817,44.8792],[-117.8198,44.8837],[-117.8163,44.8869],[-117.8173,44.8912],[-117.8206,44.894],[-117.8335,44.9015],[-117.8453,44.916],[-117.8491,44.9195],[-117.8602,44.9271],[-117.866,44.9344],[-117.8721,44.9505],[-117.8732,44.956],[-117.8793,44.9683],[-117.8785,44.977],[-117.8799,44.9789],[-117.8789,44.9843],[-117.8791,44.9981],[-117.8902,45.0064],[-117.904,45.014],[-117.9049,45.017],[-117.9126,45.0176],[-117.9178,45.0213],[-117.918,45.0244],[-117.9207,45.0273],[-117.9208,45.035],[-117.9225,45.0432],[-117.9307,45.0473],[-117.9326,45.0491],[-117.9341,45.0648],[-117.9364,45.0741],[-117.9475,45.0938],[-117.9538,45.1082],[-117.9529,45.1166],[-117.9643,45.1372],[-117.9662,45.1389],[-117.967,45.1459],[-117.971,45.1511],[-117.9817,45.1809],[-117.9949,45.1941],[-117.9963,45.1994],[-117.9957,45.2033],[-117.9965,45.2055],[-117.9951,45.2149],[-117.9963,45.2187],[-118,45.2243],[-118.0037,45.2258],[-118.0048,45.2287],[-118.0095,45.2307],[-118.0094,45.2321],[-118.007,45.2349],[-118.0103,45.2373],[-118.0089,45.2516],[-118.0105,45.2625],[-118.0134,45.2677],[-118.0204,45.2755],[-118.0264,45.2794],[-118.0447,45.2862],[-118.0597,45.2937],[-118.064,45.2974],[-118.0756,45.3109],[-118.0858,45.3111],[-118.0911,45.312],[-118.097,45.3113],[-118.1079,45.3129],[-118.1113,45.3139],[-118.1167,45.319],[-118.1201,45.3197],[-118.1234,45.3194],[-118.1285,45.3161],[-118.1309,45.3156],[-118.1339,45.3187],[-118.1409,45.3218],[-118.1502,45.3225],[-118.1508,45.3233],[-118.1554,45.3242],[-118.1723,45.3252],[-118.1783,45.3262],[-118.184,45.3282],[-118.1925,45.3282],[-118.1982,45.3302],[-118.208,45.3313],[-118.211,45.3331],[-118.2181,45.3411],[-118.2237,45.3434],[-118.227,45.3417],[-118.2324,45.342],[-118.2314,45.3432],[-118.2279,45.3429],[-118.2263,45.3434],[-118.2254,45.3443],[-118.2269,45.3458],[-118.2264,45.3467],[-118.2409,45.3539],[-118.2434,45.3581],[-118.2541,45.3595],[-118.2601,45.3642],[-118.2646,45.3717],[-118.269,45.3736],[-118.2694,45.3747],[-118.2723,45.3765],[-118.2745,45.3768],[-118.2836,45.383],[-118.2908,45.3894],[-118.308,45.395],[-118.3173,45.4028],[-118.3214,45.4046],[-118.3265,45.4056],[-118.3328,45.4155],[-118.3408,45.4177],[-118.3424,45.4194],[-118.3441,45.4255],[-118.3453,45.4261]],[[-121.8382,45.3096],[-121.8309,45.3107],[-121.8277,45.3091],[-121.8188,45.3077],[-121.8193,45.3066],[-121.8185,45.3064],[-121.8148,45.3082],[-121.8043,45.3096],[-121.802,45.3115],[-121.7995,45.3101],[-121.7931,45.3103],[-121.7822,45.3049],[-121.7721,45.3022],[-121.76,45.305],[-121.7521,45.304],[-121.7431,45.2999],[-121.7359,45.2902],[-121.7263,45.2845],[-121.7113,45.2841],[-121.7005,45.285],[-121.6972,45.2825],[-121.6907,45.2843],[-121.6891,45.2841],[-121.6895,45.2809],[-121.6883,45.2806],[-121.6842,45.2829],[-121.6834,45.2825],[-121.6832,45.2803],[-121.6802,45.2793],[-121.6786,45.2775],[-121.6793,45.2746],[-121.678,45.2691],[-121.6722,45.2667],[-121.6689,45.2624],[-121.6672,45.2582],[-121.6598,45.2527],[-121.6593,45.2511],[-121.6542,45.2464],[-121.6478,45.2435],[-121.6383,45.2422],[-121.6257,45.2358],[-121.6133,45.2197],[-121.6125,45.2164],[-121.6064,45.21],[-121.6014,45.2027],[-121.6,45.1925],[-121.5969,45.1894],[-121.5899,45.1871],[-121.5792,45.1796],[-121.5707,45.1777],[-121.5626,45.1806],[-121.5496,45.1799],[-121.5423,45.1811],[-121.5364,45.1808],[-121.5273,45.1788],[-121.5219,45.1803],[-121.518,45.1784],[-121.5157,45.1782],[-121.515,45.1767],[-121.5114,45.1759],[-121.4911,45.1781],[-121.4892,45.176],[-121.4857,45.1767],[-121.4819,45.1748],[-121.467,45.1777],[-121.4614,45.1759],[-121.4585,45.1738],[-121.4536,45.1724],[-121.447,45.1719],[-121.4438,45.1701],[-121.4423,45.1725],[-121.439,45.1737],[-121.4311,45.1731],[-121.4283,45.1741],[-121.4267,45.1728],[-121.4239,45.1729],[-121.4053,45.1774],[-121.3891,45.1727],[-121.3885,45.174],[-121.378,45.1793],[-121.3799,45.1819],[-121.3791,45.1833],[-121.3608,45.1792],[-121.3544,45.1816],[-121.3528,45.1831],[-121.3475,45.1833],[-121.3419,45.1803],[-121.3396,45.1804],[-121.3323,45.1834],[-121.3168,45.1922],[-121.2964,45.1954],[-121.2814,45.2017],[-121.2734,45.2056],[-121.2702,45.2084],[-121.256,45.2133],[-121.2523,45.2138],[-121.2403,45.2209],[-121.2231,45.2329],[-121.2178,45.233],[-121.2099,45.2354],[-121.1903,45.2387],[-121.1824,45.2442],[-121.1809,45.2511],[-121.1835,45.2585],[-121.1926,45.2662],[-121.1972,45.2715],[-121.1964,45.2744],[-121.1966,45.2816],[-121.1996,45.2843],[-121.2023,45.2904],[-121.2009,45.3023],[-121.2002,45.3697],[-121.1967,45.375],[-121.1899,45.3803],[-121.1847,45.3859],[-121.1774,45.3969],[-121.1763,45.4041],[-121.1743,45.4086],[-121.1722,45.4109],[-121.1516,45.4223],[-121.1451,45.4284],[-121.1305,45.4479],[-121.1288,45.4509],[-121.1285,45.4567],[-121.1238,45.4644],[-121.1195,45.4768],[-121.1195,45.4795],[-121.1135,45.4865],[-121.1142,45.4953],[-121.117,45.5],[-121.1117,45.5058],[-121.1119,45.5073],[-121.1148,45.5098],[-121.1064,45.5221],[-121.106,45.5246],[-121.1085,45.5281],[-121.1075,45.5311],[-121.1087,45.5359],[-121.1063,45.5466],[-121.1075,45.5515],[-121.1139,45.5552],[-121.1217,45.5554],[-121.1259,45.5592],[-121.1527,45.5693],[-121.1543,45.5712],[-121.1591,45.5725],[-121.1715,45.5805],[-121.1764,45.5825],[-121.1782,45.5844],[-121.1784,45.5915],[-121.1807,45.5996]],[[-118.3453,45.4261],[-118.3499,45.4287],[-118.3545,45.4301],[-118.3595,45.4333]],[[-118.3453,45.4261],[-118.3571,45.4292],[-118.3595,45.4333]],[[-118.3595,45.4333],[-118.3653,45.437],[-118.3726,45.4456],[-118.3807,45.4467],[-118.3838,45.4496],[-118.383,45.4547],[-118.3858,45.4679],[-118.3935,45.4832],[-118.3993,45.4917],[-118.4028,45.5012],[-118.4052,45.5023],[-118.4245,45.5018],[-118.4301,45.5027],[-118.4328,45.5065],[-118.4342,45.5151],[-118.4491,45.5188],[-118.4705,45.5325],[-118.4747,45.5404],[-118.4745,45.5428],[-118.4691,45.5501],[-118.4626,45.554],[-118.4555,45.5639],[-118.4545,45.5698],[-118.4521,45.5749],[-118.4534,45.5818],[-118.4555,45.5851],[-118.4691,45.592],[-118.4774,45.5952],[-118.4815,45.5956],[-118.4841,45.5973],[-118.4928,45.5987],[-118.4958,45.5979],[-118.5001,45.5992],[-118.5027,45.5988],[-118.5074,45.5995],[-118.5117,45.6016],[-118.5162,45.6027],[-118.5142,45.6092],[-118.5195,45.6137],[-118.5218,45.6179],[-118.5251,45.619],[-118.5258,45.6225],[-118.5301,45.6261],[-118.5324,45.6296],[-118.5339,45.63],[-118.5337,45.6309],[-118.5443,45.6366],[-118.546,45.6397],[-118.5516,45.6429],[-118.5563,45.6471],[-118.5847,45.6621],[-118.6043,45.6654],[-118.6123,45.6647],[-118.6207,45.6614],[-118.625,45.6609],[-118.6296,45.662],[-118.6488,45.6609],[-118.6679,45.6625],[-118.7158,45.6627],[-118.7242,45.664],[-118.7296,45.6688],[-118.7328,45.6705],[-118.7397,45.6691],[-118.744,45.6692],[-118.7528,45.6727],[-118.7588,45.6738],[-118.7709,45.6739],[-118.7867,45.6701],[-118.7998,45.6691],[-118.8057,45.6696],[-118.8108,45.6716],[-118.8223,45.674],[-118.8685,45.6743],[-118.8957,45.6871],[-118.9009,45.6884],[-118.908,45.6889],[-118.9308,45.6874],[-118.9381,45.688],[-118.9479,45.692],[-118.9506,45.6923],[-118.9883,45.6916],[-119.0115,45.6975],[-119.0188,45.6957],[-119.0363,45.6946],[-119.0477,45.6954],[-119.0781,45.6954],[-119.0956,45.6964],[-119.1038,45.6998],[-119.1128,45.698],[-119.1249,45.698],[-119.1315,45.6969],[-119.1341,45.699],[-119.1363,45.6992],[-119.1443,45.7058],[-119.1487,45.7064],[-119.1541,45.7126],[-119.1615,45.7189],[-119.1656,45.7201],[-119.1731,45.7204],[-119.1898,45.7404],[-119.1927,45.7417],[-119.1954,45.7415],[-119.2056,45.7371],[-119.2221,45.7352],[-119.2246,45.7314],[-119.2284,45.7299],[-119.2377,45.7278],[-119.2476,45.727],[-119.2559,45.7254],[-119.286,45.7236],[-119.3049,45.7261],[-119.3112,45.728],[-119.3245,45.7271],[-119.3445,45.7273],[-119.3609,45.7214],[-119.3707,45.7142],[-119.3902,45.7069],[-119.4015,45.704],[-119.4311,45.69],[-119.4426,45.6834],[-119.4506,45.6805],[-119.4799,45.6735],[-119.4937,45.6697],[-119.497,45.668],[-119.5003,45.6679],[-119.5049,45.6658],[-119.5067,45.6668],[-119.5122,45.6656],[-119.5209,45.6667],[-119.5307,45.6653],[-119.5346,45.6637],[-119.5401,45.6642],[-119.5613,45.6611],[-119.5958,45.6586],[-119.602,45.6573],[-119.6153,45.6569],[-119.6325,45.66],[-119.6352,45.6613],[-119.6392,45.6616],[-119.6447,45.6612],[-119.6598,45.6576],[-119.6633,45.656],[-119.6731,45.6583],[-119.6862,45.6529],[-119.6946,45.6484],[-119.7044,45.6382],[-119.7098,45.6344],[-119.7202,45.6367],[-119.73,45.6354],[-119.7363,45.6356],[-119.7417,45.6373],[-119.7671,45.6362],[-119.777,45.6379],[-119.8015,45.636],[-119.8049,45.6372],[-119.8085,45.6352],[-119.8314,45.6358],[-119.8465,45.634],[-119.8494,45.6329],[-119.8542,45.6329],[-119.8575,45.626],[-119.8732,45.6207],[-119.8831,45.6121],[-119.894,45.6104],[-119.9146,45.6104],[-119.93,45.6124],[-119.9354,45.6156],[-119.9447,45.615],[-119.9499,45.6191],[-119.9528,45.6235],[-119.9606,45.6253],[-119.9675,45.6247],[-119.9721,45.6217],[-119.9759,45.6179],[-119.979,45.617],[-119.9818,45.6177],[-119.9845,45.6197],[-119.9945,45.6208]],[[-121.1807,45.5996],[-121.1886,45.6032],[-121.2002,45.6116],[-121.2072,45.6186],[-121.2109,45.6279],[-121.2062,45.6312],[-121.2054,45.6343],[-121.1962,45.6365]],[[-119.9945,45.6208],[-120.0049,45.6188],[-120.0178,45.619],[-120.025,45.6178],[-120.0269,45.6159],[-120.0307,45.615],[-120.0447,45.6222],[-120.0499,45.6217]],[[-119.9945,45.6208],[-120.0106,45.6252],[-120.0347,45.628],[-120.0451,45.6265],[-120.047,45.6256],[-120.0499,45.6217]],[[-120.0499,45.6217],[-120.0611,45.6194],[-120.0656,45.6205],[-120.0766,45.6208],[-120.0839,45.6238],[-120.0945,45.6258],[-120.1002,45.6249],[-120.1057,45.6254],[-120.1104,45.6245],[-120.1192,45.6207],[-120.1266,45.6207],[-120.1427,45.6181],[-120.1449,45.6186],[-120.1485,45.6215],[-120.1552,45.624],[-120.1603,45.6243],[-120.1639,45.6231],[-120.17,45.624],[-120.1848,45.6156],[-120.1899,45.6106],[-120.1972,45.608],[-120.2049,45.6087],[-120.2137,45.6113],[-120.2239,45.6114],[-120.2325,45.6131],[-120.2554,45.6127],[-120.2711,45.6105],[-120.2802,45.6059],[-120.2869,45.606],[-120.2932,45.605],[-120.2984,45.6054],[-120.3025,45.6032],[-120.3073,45.6022],[-120.3214,45.6049],[-120.3334,45.6117],[-120.3514,45.6122],[-120.363,45.6102],[-120.373,45.6069],[-120.3828,45.6053],[-120.3847,45.6028],[-120.4044,45.5996],[-120.4062,45.5966],[-120.4078,45.5897],[-120.4093,45.5883],[-120.4156,45.591],[-120.4173,45.5931],[-120.419,45.5929],[-120.4198,45.5915],[-120.4266,45.5932],[-120.4271,45.5924],[-120.4242,45.5909],[-120.4244,45.5899],[-120.4296,45.5896],[-120.4455,45.585],[-120.4563,45.5809],[-120.4615,45.5819],[-120.474,45.5859],[-120.4863,45.5876],[-120.507,45.5893],[-120.5113,45.5987],[-120.5163,45.604],[-120.5227,45.6069],[-120.5335,45.6059],[-120.5386,45.6073],[-120.5499,45.6198],[-120.5636,45.62],[-120.5718,45.621],[-120.5809,45.6239],[-120.6009,45.6277],[-120.6063,45.6297],[-120.6144,45.6366],[-120.6233,45.6383],[-120.6351,45.6375],[-120.6549,45.6338],[-120.668,45.625],[-120.6748,45.6226],[-120.6816,45.6224],[-120.6847,45.6213],[-120.692,45.6161],[-120.6958,45.6144],[-120.7104,45.615],[-120.7205,45.6185],[-120.7254,45.6189],[-120.7293,45.6184],[-120.7385,45.6142],[-120.7481,45.616],[-120.7639,45.6164],[-120.7701,45.6157],[-120.7769,45.6163],[-120.7842,45.6185],[-120.7883,45.6206],[-120.8083,45.6332],[-120.8149,45.6385],[-120.8207,45.6415],[-120.8319,45.6498],[-120.8411,45.6635],[-120.845,45.665],[-120.8546,45.662],[-120.873,45.6519],[-120.8871,45.6408],[-120.8969,45.6381],[-120.9131,45.6357],[-120.9224,45.6298],[-120.9284,45.6275],[-120.9365,45.6279],[-120.9448,45.6308],[-120.9558,45.6289],[-120.9573,45.629],[-120.9623,45.6319],[-120.968,45.6314],[-120.9983,45.6207],[-121.0033,45.6218],[-121.0068,45.621],[-121.0085,45.6193],[-121.0094,45.6114],[-121.0199,45.6092],[-121.0267,45.6048],[-121.0335,45.6057],[-121.0399,45.605],[-121.0546,45.6072],[-121.0616,45.6055],[-121.0667,45.6065],[-121.0696,45.6089],[-121.0766,45.6096],[-121.0812,45.6078],[-121.0818,45.6068],[-121.0821,45.6037],[-121.0805,45.6002],[-121.0841,45.5995],[-121.0898,45.6],[-121.092,45.5991],[-121.0959,45.5973],[-121.0998,45.5929],[-121.1041,45.5898],[-121.1149,45.5901],[-121.1237,45.5871],[-121.1283,45.5882],[-121.1299,45.5926],[-121.1315,45.5937],[-121.1351,45.5957],[-121.1401,45.5972],[-121.1432,45.5974],[-121.1487,45.596],[-121.1568,45.5959],[-121.1756,45.5978],[-121.1807,45.5996]],[[-121.1962,45.6365],[-121.1969,45.6432],[-121.1994,45.6503],[-121.2107,45.6656],[-121.2232,45.6727],[-121.2471,45.6775],[-121.2864,45.687],[-121.3108,45.6997],[-121.3365,45.7048],[-121.3583,45.7038],[-121.3728,45.7022],[-121.3982,45.6941],[-121.4037,45.6932],[-121.4225,45.6941],[-121.4556,45.7008],[-121.4673,45.7049],[-121.4926,45.7176],[-121.5058,45.722],[-121.5254,45.7249],[-121.5438,45.7238],[-121.6257,45.7061],[-121.6342,45.7049],[-121.6639,45.7053],[-121.673,45.7039],[-121.7023,45.6963],[-121.7104,45.6952],[-121.734,45.6945],[-121.8004,45.7055],[-121.8177,45.7052],[-121.8627,45.6943],[-121.8692,45.6913],[-121.8835,45.6823],[-121.8953,45.6781],[-121.9004,45.6752],[-121.9051,45.6694],[-121.9033,45.6648],[-121.9064,45.6587],[-121.9119,45.6544],[-121.9193,45.653],[-121.9267,45.6487],[-121.9371,45.6511],[-121.9421,45.6514],[-121.9447,45.6507],[-121.9559,45.6447],[-121.9705,45.6314],[-121.9768,45.6285],[-121.9846,45.6223],[-121.9999,45.617],[-122.0193,45.615],[-122.0441,45.6096],[-122.079,45.5933],[-122.1017,45.5847],[-122.1141,45.5819],[-122.1469,45.5825],[-122.1691,45.5789],[-122.1826,45.5752],[-122.1885,45.5725],[-122.2002,45.565],[-122.237,45.5521],[-122.2541,45.547],[-122.2627,45.5448],[-122.2931,45.5437],[-122.3244,45.5481],[-122.3345,45.5529],[-122.3531,45.5688],[-122.361,45.5718],[-122.3682,45.5736],[-122.377,45.5752],[-122.3858,45.5753],[-122.3921,45.5741],[-122.4118,45.5674],[-122.4352,45.5644],[-122.4419,45.5648],[-122.4532,45.5686],[-122.4722,45.5777],[-122.4868,45.5823],[-122.5276,45.5907],[-122.5505,45.5971],[-122.5686,45.6011],[-122.5959,45.6056],[-122.623,45.6083],[-122.6435,45.6093],[-122.654,45.6124],[-122.6601,45.6195],[-122.6607,45.623],[-122.6616,45.6188],[-122.6685,45.6174],[-122.6732,45.6182],[-122.6874,45.6237],[-122.7111,45.6372],[-122.7362,45.6445],[-122.7549,45.6533],[-122.7592,45.6543],[-122.7628,45.6535],[-122.7669,45.649],[-122.7794,45.6405],[-122.7873,45.6338],[-122.7904,45.6262],[-122.7888,45.6168],[-122.7867,45.6119],[-122.7763,45.5966],[-122.7648,45.586],[-122.7319,45.568],[-122.7227,45.5615],[-122.7156,45.5577],[-122.6954,45.5493],[-122.6668,45.5264],[-122.6665,45.5215],[-122.6691,45.5146],[-122.6692,45.5116],[-122.6648,45.504],[-122.6638,45.4999],[-122.6689,45.4877],[-122.6679,45.481],[-122.6654,45.4757],[-122.664,45.463],[-122.6538,45.4474],[-122.6507,45.4454],[-122.6446,45.4433],[-122.644,45.442],[-122.6458,45.4385],[-122.6496,45.4364],[-122.6473,45.4321],[-122.6477,45.4301],[-122.6527,45.4265],[-122.6541,45.4243],[-122.6542,45.4179],[-122.6571,45.4105],[-122.6553,45.4088],[-122.6433,45.4026],[-122.6409,45.402],[-122.6333,45.3955],[-122.6259,45.3914],[-122.6227,45.3877],[-122.6174,45.3763],[-122.6078,45.3727],[-122.6003,45.3652],[-122.5954,45.3642],[-122.5902,45.3655],[-122.5829,45.3643],[-122.5685,45.3714],[-122.5652,45.3724],[-122.5333,45.3753],[-122.5255,45.3734],[-122.5157,45.3731],[-122.4979,45.3758],[-122.4906,45.3723],[-122.483,45.3725],[-122.4771,45.3706],[-122.4713,45.3713],[-122.4674,45.3706],[-122.4601,45.3679],[-122.4385,45.3526],[-122.4139,45.3482],[-122.4099,45.3463],[-122.4058,45.3414],[-122.3948,45.323],[-122.3902,45.3214],[-122.3869,45.3232],[-122.3862,45.3253],[-122.3817,45.3297],[-122.3788,45.33],[-122.375,45.3291],[-122.3702,45.33],[-122.3724,45.3336],[-122.3694,45.3356],[-122.371,45.3398],[-122.373,45.3421],[-122.3726,45.3437],[-122.3687,45.3458],[-122.3552,45.3582],[-122.3513,45.3602],[-122.348,45.3633],[-122.3386,45.3673],[-122.3228,45.3685],[-122.3106,45.3745],[-122.2983,45.3753],[-122.2759,45.3829],[-122.2669,45.388],[-122.2608,45.3938],[-122.2463,45.3983],[-122.2449,45.3995],[-122.2426,45.405],[-122.2369,45.4102],[-122.2267,45.412],[-122.2065,45.4079],[-122.1984,45.4072],[-122.1656,45.4092],[-122.1509,45.4092],[-122.1402,45.4072],[-122.1213,45.4015],[-122.1057,45.3903],[-122.0992,45.3865],[-122.086,45.3808],[-122.0807,45.3801],[-122.0755,45.3805],[-122.0584,45.3841],[-122.0485,45.3848],[-122.0379,45.3833],[-122.0339,45.3806],[-122.0296,45.3791],[-122.0216,45.3785],[-122.0171,45.3797],[-122.0111,45.3794],[-122.0043,45.3766],[-122.0009,45.3722],[-121.9892,45.3653],[-121.9827,45.3644],[-121.9736,45.3597],[-121.9644,45.3573],[-121.9473,45.3545],[-121.9392,45.3496],[-121.9269,45.3453],[-121.9221,45.3398],[-121.9163,45.3366],[-121.9126,45.3329],[-121.908,45.326],[-121.9019,45.3194],[-121.8936,45.3171],[-121.888,45.3128],[-121.8775,45.3086],[-121.8713,45.307],[-121.8623,45.3059],[-121.8473,45.3089],[-121.8382,45.3096]]]}},{"type":"Feature","properties":{"name":"California Trail"},"geometry":{"type":"MultiLineString","coordinates":[[[-120.3761,37.988],[-120.3689,37.9897],[-120.3478,38.0068],[-120.3344,38.0089],[-120.3079,38.0057],[-120.2936,38.008],[-120.2908,38.013],[-120.2749,38.0146],[-120.2754,38.0257],[-120.2717,38.0329],[-120.2602,38.032],[-120.2532,38.0405],[-120.2322,38.0512],[-120.2015,38.0588],[-120.1591,38.0802],[-120.1475,38.0922],[-120.1403,38.0892],[-120.1294,38.0937],[-120.1222,38.101],[-120.122,38.1116],[-120.097,38.1322],[-120.0913,38.1412],[-120.0621,38.1532],[-120.0534,38.1635],[-120.0144,38.1832],[-119.9916,38.1839],[-119.9751,38.1893],[-119.9568,38.1782],[-119.9405,38.1822],[-119.9078,38.1968],[-119.8983,38.1957],[-119.8845,38.2021],[-119.8596,38.2017],[-119.8547,38.1988],[-119.8465,38.2024],[-119.8319,38.2006],[-119.8099,38.2112],[-119.7956,38.2098],[-119.7816,38.2195],[-119.7697,38.2379],[-119.7482,38.2476],[-119.742,38.2438],[-119.7255,38.2457],[-119.721,38.2358],[-119.7107,38.2296],[-119.7048,38.2213],[-119.6933,38.2224],[-119.6792,38.2175],[-119.6714,38.22],[-119.6538,38.2086],[-119.6253,38.215],[-119.6186,38.2109],[-119.5988,38.2245],[-119.5864,38.2175],[-119.5824,38.2193],[-119.5689,38.2365],[-119.5612,38.2393],[-119.5602,38.2446],[-119.5488,38.2471],[-119.5508,38.2522],[-119.5436,38.2719],[-119.5427,38.2881],[-119.5511,38.2966],[-119.5518,38.3015],[-119.5499,38.3045],[-119.5424,38.3021],[-119.54,38.3054],[-119.5316,38.3063],[-119.5282,38.3454],[-119.5133,38.3549],[-119.5152,38.3602],[-119.5392,38.3817],[-119.5288,38.408],[-119.5286,38.4262],[-119.5367,38.4318],[-119.54,38.4385],[-119.537,38.4545],[-119.5248,38.4791],[-119.5124,38.4847],[-119.5111,38.4905],[-119.5023,38.5]],[[-119.5023,38.5001],[-119.4985,38.5076],[-119.5041,38.5365],[-119.4984,38.5436],[-119.4993,38.565],[-119.5119,38.6083],[-119.507,38.622],[-119.4883,38.6469]],[[-119.4882,38.6469],[-119.4814,38.6579],[-119.4696,38.6923],[-119.4539,38.7127],[-119.41,38.7358],[-119.3969,38.7365],[-119.3988,38.7449],[-119.3815,38.7548],[-119.3779,38.761],[-119.3816,38.7663],[-119.3801,38.7723],[-119.3634,38.8018],[-119.3499,38.8122],[-119.3159,38.8297],[-119.2885,38.8309],[-119.2764,38.8373],[-119.2706,38.8361],[-119.2457,38.8095],[-119.2451,38.7991],[-119.2351,38.7878],[-119.2162,38.7758],[-119.2053,38.7736],[-119.1984,38.7646],[-119.1866,38.7567],[-119.1722,38.7542],[-119.1652,38.7578],[-119.1636,38.7747],[-119.167,38.8092],[-119.1749,38.8321],[-119.1847,38.8422],[-119.187,38.8673],[-119.1835,38.8918],[-119.1916,38.9153],[-119.1887,38.957],[-119.1794,38.9962],[-119.1823,39.0187],[-119.2128,39.0991],[-119.2264,39.1269],[-119.2243,39.1488],[-119.2273,39.1659],[-119.2574,39.1891],[-119.2651,39.2012],[-119.2719,39.2313],[-119.2799,39.2368],[-119.2795,39.2486],[-119.2837,39.2607],[-119.278,39.2769],[-119.2604,39.2767],[-119.2545,39.2795],[-119.2482,39.2891],[-119.2533,39.3006]],[[-94.973,38.8008],[-94.912,38.8021],[-94.8401,38.8128],[-94.8138,38.831],[-94.7891,38.8421],[-94.7786,38.8425],[-94.7558,38.8561],[-94.7091,38.8446],[-94.6343,38.884],[-94.6095,38.9059],[-94.5873,38.9114],[-94.5721,38.9246],[-94.5583,38.9278],[-94.5359,38.9483],[-94.5196,38.9549],[-94.5079,38.9557],[-94.5016,38.9649]],[[-94.9961,38.8013],[-94.9819,38.7977],[-94.973,38.8008]],[[-94.9961,38.8013],[-94.973,38.8008]],[[-95.1305,38.9164],[-95.0999,38.9048],[-95.0787,38.9063],[-95.0543,38.8914],[-95.0394,38.892],[-95.0274,38.8886],[-95.0289,38.8789],[-95.019,38.8116],[-95.0099,38.8045],[-94.9961,38.8013]],[[-95.1439,38.9166],[-95.1305,38.9164]],[[-95.16,38.9324],[-95.1439,38.9166]],[[-95.16,38.9324],[-95.1385,38.93],[-95.1349,38.9186],[-95.1305,38.9164]],[[-95.2375,38.9536],[-95.2397,38.921],[-95.2387,38.9118],[-95.2356,38.9093],[-95.1854,38.9022],[-95.1439,38.9166]],[[-95.2403,38.9631],[-95.2375,38.9536]],[[-95.2403,38.9631],[-95.221,38.9455],[-95.2081,38.9467],[-95.16,38.9324]],[[-94.5016,38.9649],[-94.4958,38.9699],[-94.4945,38.976]],[[-94.5016,38.9649],[-94.4945,38.976]],[[-95.2605,38.9669],[-95.2375,38.9536]],[[-95.2605,38.9669],[-95.2403,38.9631]],[[-94.4945,38.976],[-94.4824,38.989],[-94.4811,39.0052],[-94.4636,39.0113],[-94.4394,39.0286],[-94.4377,39.0507],[-94.4239,39.069],[-94.4168,39.0929]],[[-121.368,39.0323],[-121.367,39.038],[-121.3527,39.0464],[-121.3074,39.0634],[-121.297,39.0652],[-121.2899,39.0562],[-121.2843,39.0543]],[[-119.8255,39.04],[-119.8453,39.0035],[-119.8309,38.9851],[-119.8378,38.9665],[-119.8378,38.9504],[-119.8427,38.9425],[-119.8186,38.8949],[-119.8188,38.8824],[-119.7954,38.8478],[-119.7898,38.8331],[-119.7924,38.8105],[-119.8236,38.7743],[-119.8489,38.7648],[-119.8673,38.7654],[-119.8723,38.772],[-119.8851,38.7782],[-119.908,38.7742],[-119.9213,38.7773],[-119.9292,38.774],[-119.9356,38.7679],[-119.9375,38.7509],[-119.9448,38.7468],[-119.9536,38.7355],[-119.9527,38.7149],[-119.9623,38.699],[-119.9716,38.699],[-119.9857,38.6922],[-119.9904,38.6964],[-119.9977,38.6939],[-120.0202,38.7006],[-120.0353,38.7011],[-120.0469,38.6939],[-120.0481,38.6868],[-120.0432,38.6745],[-120.0459,38.6672],[-120.0528,38.662],[-120.0414,38.6525],[-120.0558,38.6427],[-120.054,38.6395],[-120.0571,38.6327],[-120.0668,38.6275],[-120.0782,38.6263],[-120.0819,38.6189],[-120.0902,38.6144],[-120.0947,38.6171],[-120.1124,38.6152],[-120.1199,38.6071],[-120.145,38.6098],[-120.1386,38.625],[-120.1444,38.6401],[-120.1705,38.6318],[-120.1803,38.6344],[-120.2012,38.6274],[-120.2295,38.6283],[-120.2371,38.6331],[-120.2388,38.6382],[-120.2454,38.6408],[-120.2431,38.6497],[-120.2478,38.6574],[-120.2613,38.6629],[-120.2842,38.6652],[-120.3131,38.6773],[-120.3451,38.6961],[-120.3512,38.6932],[-120.3546,38.6865],[-120.3589,38.6858],[-120.3602,38.6961],[-120.3668,38.7008],[-120.3916,38.7049],[-120.4176,38.7241],[-120.4389,38.7455],[-120.472,38.7473],[-120.4919,38.7535],[-120.5028,38.7502],[-120.5194,38.7523],[-120.5304,38.7497],[-120.5501,38.7562],[-120.572,38.74],[-120.5877,38.7376],[-120.6015,38.7275],[-120.6213,38.7204],[-120.6322,38.7095],[-120.6492,38.7021],[-120.6811,38.6923],[-120.7199,38.6912],[-120.7341,38.6808],[-120.7474,38.6766],[-120.7687,38.6779],[-120.7815,38.6883],[-120.8086,38.6954],[-120.826,38.6918],[-120.8397,38.6817],[-120.8631,38.6825],[-120.8756,38.6762],[-120.885,38.6764],[-120.8921,38.6679],[-120.9134,38.6691],[-120.9614,38.6531],[-120.9776,38.6605],[-120.9848,38.6578],[-120.9987,38.6612],[-121.0128,38.6558],[-121.0276,38.6566],[-121.0309,38.654],[-121.0455,38.6618],[-121.0503,38.6551],[-121.0596,38.6562],[-121.0824,38.6286],[-121.1467,38.616],[-121.1923,38.5984],[-121.3143,38.5847],[-121.3299,38.5778],[-121.3428,38.5769],[-121.3544,38.5704],[-121.4171,38.5542],[-121.4698,38.5722]],[[-95.631,39.0481],[-95.6014,39.0429],[-95.555,39.0489]],[[-95.631,39.0481],[-95.6037,39.0528],[-95.555,39.0489]],[[-95.555,39.0489],[-95.5414,39.044],[-95.5252,39.0304],[-95.4836,39.0133],[-95.3836,38.9928],[-95.3752,38.9886],[-95.3573,38.9696],[-95.2868,38.9753],[-95.2685,38.9739],[-95.2605,38.9669]],[[-121.2501,39.0509],[-121.2458,39.0557],[-121.2342,39.0464],[-121.2183,39.045],[-121.1963,39.034],[-121.1947,39.0391],[-121.1828,39.0475],[-121.1724,39.0482],[-121.1591,39.0626],[-121.1373,39.0587],[-121.1361,39.064],[-121.1256,39.0666],[-121.1077,39.0612],[-121.1016,39.0614],[-121.0989,39.065],[-121.0949,39.0609],[-121.0837,39.0639],[-121.0803,39.0707],[-121.072,39.07],[-121.053,39.0788],[-121.0463,39.0894],[-121.0328,39.0985],[-121.0183,39.097],[-121.0046,39.1031],[-121.0028,39.1107],[-120.9955,39.1178],[-120.9874,39.1413],[-120.9648,39.1521],[-120.9674,39.161],[-120.9606,39.1644],[-120.9604,39.1703],[-120.9359,39.1614],[-120.9142,39.1729],[-120.9058,39.1804],[-120.9041,39.1878],[-120.8848,39.1862],[-120.8679,39.1987],[-120.8594,39.2087],[-120.8586,39.2139],[-120.836,39.2223],[-120.8194,39.2379],[-120.8004,39.244],[-120.7996,39.2464],[-120.8041,39.2487],[-120.8009,39.2559],[-120.7765,39.2598],[-120.7645,39.2724]],[[-121.2843,39.0543],[-121.278,39.0462],[-121.2678,39.0442],[-121.2501,39.0509]],[[-121.2843,39.0543],[-121.2634,39.0598],[-121.2501,39.0509]],[[-95.7915,39.0682],[-95.779,39.0726],[-95.7609,39.0848],[-95.7298,39.093]],[[-95.7298,39.093],[-95.7094,39.0943],[-95.6785,39.0823],[-95.6685,39.0737],[-95.6701,39.0627],[-95.667,39.0559],[-95.6544,39.0499],[-95.631,39.0481]],[[-95.861,39.1017],[-95.854,39.0866],[-95.8418,39.0782],[-95.7915,39.0682]],[[-95.861,39.1017],[-95.816,39.0854],[-95.7915,39.0682]],[[-95.861,39.1017],[-95.8113,39.0953],[-95.7298,39.093]],[[-119.7419,39.1285],[-119.7844,39.0989],[-119.8154,39.0876],[-119.8202,39.0757],[-119.821,39.0507],[-119.8255,39.04]],[[-119.7419,39.1285],[-119.7467,39.1087],[-119.7677,39.083],[-119.8255,39.04]],[[-94.425,39.1309],[-94.4255,39.136]],[[-94.425,39.1309],[-94.4273,39.0991],[-94.4168,39.0929],[-94.4166,39.1236],[-94.425,39.1309]],[[-119.5796,39.2632],[-119.5898,39.2463],[-119.5897,39.2364],[-119.6402,39.231],[-119.6816,39.2094],[-119.6909,39.192],[-119.7144,39.1766],[-119.7256,39.1582],[-119.7348,39.1508],[-119.7419,39.1285]],[[-119.5796,39.2632],[-119.5267,39.3],[-119.4865,39.3225],[-119.3726,39.3528]],[[-119.5796,39.2632],[-119.5023,39.2973],[-119.4885,39.3002],[-119.4794,39.295],[-119.4673,39.2969],[-119.4501,39.2909],[-119.4403,39.2928],[-119.4235,39.2867],[-119.409,39.2867],[-119.3948,39.2795],[-119.3797,39.2951],[-119.3697,39.2992],[-119.3339,39.2995],[-119.2958,39.2901],[-119.2608,39.2954],[-119.2455,39.3084],[-119.2101,39.3751],[-119.1997,39.3889]],[[-120.7645,39.2724],[-120.7502,39.2673],[-120.728,39.2845],[-120.7005,39.298]],[[-120.7645,39.2724],[-120.7621,39.2763],[-120.7263,39.2964],[-120.705,39.3006],[-120.7005,39.298]],[[-120.7005,39.298],[-120.674,39.3064],[-120.6569,39.3022]],[[-120.6569,39.3022],[-120.6341,39.2994],[-120.6215,39.3094],[-120.6131,39.308],[-120.5977,39.3146]],[[-120.6569,39.3022],[-120.6045,39.3179],[-120.5977,39.3146]],[[-120.3383,39.3114],[-120.3342,39.3023],[-120.3229,39.2995],[-120.3258,39.2927],[-120.3168,39.2959],[-120.3185,39.2906],[-120.3131,39.2888],[-120.264,39.2968],[-120.247,39.3044],[-120.2232,39.3243]],[[-120.3383,39.3114],[-120.3104,39.3176],[-120.303,39.3256],[-120.2933,39.3211],[-120.2852,39.3251],[-120.2538,39.3292],[-120.2232,39.3243]],[[-120.5977,39.3146],[-120.5827,39.3145],[-120.5753,39.3219],[-120.5673,39.3214],[-120.5363,39.3058],[-120.5197,39.3022],[-120.5132,39.3109],[-120.4614,39.3165],[-120.4404,39.3038],[-120.4335,39.3067],[-120.4292,39.314],[-120.4041,39.3117],[-120.4006,39.309],[-120.3745,39.3146],[-120.3586,39.3106],[-120.3383,39.3114]],[[-120.2232,39.3243],[-120.1915,39.3256],[-120.1643,39.3328],[-120.1502,39.3399],[-120.1299,39.3619],[-120.1293,39.3656],[-120.135,39.3678],[-120.1328,39.3758],[-120.1466,39.387],[-120.1388,39.3918],[-120.1442,39.4003],[-120.1466,39.4175],[-120.1373,39.4336],[-120.1219,39.4376],[-120.1134,39.4495],[-120.1244,39.4602],[-120.1138,39.469],[-120.1029,39.4668],[-120.0797,39.4922],[-120.077,39.5138],[-120.0669,39.5266],[-120.0623,39.5424],[-120.0442,39.5527],[-120.0349,39.5469],[-120.0308,39.5385],[-120.0198,39.5287],[-120.0118,39.5242],[-119.9995,39.5243],[-119.9992,39.5095],[-119.9808,39.5146],[-119.9394,39.5068],[-119.9197,39.5157],[-119.9079,39.5116],[-119.8993,39.5036],[-119.8473,39.511],[-119.7769,39.5114],[-119.7415,39.5149]],[[-119.3726,39.3528],[-119.3547,39.3694],[-119.2278,39.4157]],[[-119.3726,39.3528],[-119.3527,39.3635],[-119.3047,39.3768],[-119.2706,39.3901],[-119.2278,39.4157]],[[-119.1997,39.3889],[-119.1846,39.4027],[-119.159,39.4103],[-119.106,39.4055],[-119.0851,39.435]],[[-119.1997,39.3889],[-119.1935,39.4149],[-119.1863,39.4225],[-119.1736,39.4284]],[[-119.2278,39.4157],[-119.1989,39.4252],[-119.1736,39.4284]],[[-119.1736,39.4284],[-119.1417,39.4375]],[[-119.0851,39.435],[-119.085,39.4351]],[[-119.0851,39.435],[-119.0816,39.4403]],[[-119.1417,39.4375],[-119.1311,39.4324],[-119.0851,39.435]],[[-119.1417,39.4375],[-119.1124,39.4378]],[[-119.1124,39.4378],[-119.0816,39.4403]],[[-119.1124,39.4378],[-119.0937,39.4466],[-119.0795,39.4644],[-119.0115,39.4919]],[[-119.0816,39.4403],[-119.0711,39.4503],[-119.0627,39.4668],[-119.0234,39.4826],[-119.0115,39.4919]],[[-119.0115,39.4919],[-118.9955,39.496],[-118.9614,39.4927],[-118.9441,39.5016],[-118.9126,39.5046],[-118.8916,39.5309],[-118.8408,39.5733],[-118.8259,39.6018],[-118.8107,39.6506],[-118.7687,39.7096],[-118.7717,39.7515],[-118.7809,39.7713]],[[-119.7133,39.4948],[-119.6782,39.4863],[-119.6475,39.4961],[-119.6454,39.5096],[-119.6192,39.517]],[[-119.7133,39.4948],[-119.7077,39.4991],[-119.7044,39.5074],[-119.6861,39.5186],[-119.6763,39.512],[-119.6614,39.5094],[-119.6479,39.5106],[-119.6392,39.5157],[-119.6192,39.517]],[[-119.7415,39.5149],[-119.7195,39.5066],[-119.7133,39.4948]],[[-119.6192,39.517],[-119.6051,39.5266],[-119.5884,39.5454],[-119.5423,39.559],[-119.4735,39.5668],[-119.4685,39.5738],[-119.467,39.5837],[-119.4597,39.591],[-119.3985,39.5871],[-119.3732,39.5883],[-119.3254,39.605],[-119.2974,39.6206],[-119.1948,39.6272],[-119.1861,39.6336],[-119.1773,39.6481],[-119.1619,39.6543],[-119.1106,39.69],[-119.0809,39.7249],[-119.0148,39.7877],[-118.9999,39.8121],[-118.9823,39.8281],[-118.9616,39.8398],[-118.9254,39.8485],[-118.8986,39.8512],[-118.8502,39.8671],[-118.8449,39.8843],[-118.8264,39.9044],[-118.8028,39.9149],[-118.7462,39.93],[-118.736,39.9379],[-118.7012,39.9502],[-118.6854,39.9604]],[[-121.4403,39.5521],[-121.4487,39.5659],[-121.4515,39.5843],[-121.4433,39.5954],[-121.4394,39.6152],[-121.4349,39.6188],[-121.4277,39.6355],[-121.4285,39.6412],[-121.4089,39.6484],[-121.397,39.6656],[-121.3714,39.6825],[-121.326,39.6946],[-121.3269,39.7018],[-121.3149,39.7091],[-121.2869,39.7423],[-121.2887,39.7554],[-121.2951,39.7618],[-121.3048,39.7648],[-121.3071,39.7716],[-121.3038,39.7795],[-121.296,39.7837],[-121.2947,39.7911],[-121.3123,39.8025],[-121.3191,39.814],[-121.3155,39.8174],[-121.3184,39.8216],[-121.3151,39.8266],[-121.3082,39.8333],[-121.298,39.8364],[-121.295,39.8463],[-121.2816,39.847],[-121.2764,39.8564],[-121.2704,39.8599],[-121.253,39.8523],[-121.2442,39.8591],[-121.2273,39.8644],[-121.2137,39.8623],[-121.1789,39.8704],[-121.1693,39.8802],[-121.15,39.8814],[-121.1405,39.8889],[-121.1252,39.8923],[-121.1166,39.9002],[-121.0906,39.9069],[-121.0845,39.9204],[-121.0643,39.9261],[-121.0446,39.9588],[-121.0326,39.9514],[-121.0188,39.9653],[-121.0108,39.9685],[-120.9919,39.9653],[-120.9879,39.9679],[-120.9536,39.9687],[-120.9486,39.9643]],[[-118.7809,39.7713],[-118.7808,39.7922]],[[-118.7809,39.7713],[-118.7808,39.7922]],[[-94.9559,39.7857],[-94.9542,39.7667],[-94.9483,39.7636],[-94.9479,39.7598],[-94.8616,39.7629],[-94.8606,39.7676]],[[-94.9559,39.7857],[-94.9394,39.7822],[-94.9367,39.7905],[-94.9356,39.7826]],[[-118.7808,39.7922],[-118.7768,39.8528],[-118.7659,39.8789],[-118.7188,39.9032],[-118.6938,39.9115]],[[-95.1086,39.8381],[-95.0957,39.8368],[-95.0751,39.8265],[-95.054,39.8276],[-94.9934,39.8142],[-94.9623,39.7946],[-94.9559,39.7857]],[[-95.1354,39.8424],[-95.1086,39.8381]],[[-95.1354,39.8424],[-95.1301,39.8512],[-95.1241,39.8523],[-95.1215,39.8454],[-95.1086,39.8381]],[[-96.8135,39.8768],[-96.8036,39.8605],[-96.7695,39.8408],[-96.7532,39.8045],[-96.7422,39.7953],[-96.7344,39.7783],[-96.7222,39.7698],[-96.7092,39.7661],[-96.6919,39.7469],[-96.684,39.7466],[-96.6769,39.754],[-96.6589,39.7532],[-96.6549,39.7558],[-96.6484,39.7535],[-96.641,39.7445],[-96.6195,39.7403],[-96.5981,39.7207],[-96.5779,39.7142],[-96.5544,39.6992],[-96.5349,39.6939],[-96.5282,39.6828],[-96.5173,39.6768],[-96.5025,39.6532],[-96.488,39.6466],[-96.4714,39.6333],[-96.4599,39.6183],[-96.4601,39.6056],[-96.4412,39.5614],[-96.4383,39.5222],[-96.4279,39.5005],[-96.4244,39.484],[-96.4243,39.4667],[-96.4307,39.4564],[-96.4289,39.4425],[-96.4164,39.4286],[-96.4174,39.417],[-96.4082,39.4004],[-96.4066,39.3836],[-96.3953,39.3787],[-96.3911,39.3706],[-96.3767,39.3623],[-96.3641,39.3481],[-96.3492,39.3438],[-96.3438,39.3305],[-96.3228,39.3164],[-96.3145,39.3007],[-96.2955,39.2865],[-96.2893,39.2759],[-96.2551,39.257],[-96.2236,39.2569],[-96.2025,39.2461],[-96.1656,39.2383],[-96.1417,39.2223],[-96.1115,39.2202],[-96.0749,39.1987],[-95.9987,39.1641],[-95.9511,39.1378],[-95.9306,39.1341],[-95.861,39.1017]],[[-96.8135,39.8768],[-96.8015,39.8707],[-96.7771,39.8655],[-96.7121,39.8594],[-96.6933,39.8505],[-96.676,39.8509],[-96.6448,39.8411],[-96.6199,39.8579],[-96.5879,39.8663],[-96.5611,39.9001],[-96.5533,39.9027],[-96.5407,39.916],[-96.5047,39.9318],[-96.4948,39.9431],[-96.4717,39.9511],[-96.4597,39.9619],[-96.419,39.9675],[-96.3817,39.9615],[-96.3515,39.9609],[-96.3411,39.957],[-96.2997,39.9525],[-96.2773,39.9459],[-96.2605,39.9365],[-96.246,39.9362]],[[-118.6938,39.9115],[-118.6837,39.9145],[-118.6476,39.9133],[-118.6236,39.9267],[-118.5903,39.9476],[-118.5826,39.9575],[-118.5776,39.9712],[-118.539,39.9938],[-118.5221,39.9998],[-118.484,40.0362],[-118.4498,40.0481],[-118.4333,40.0621],[-118.4079,40.1071],[-118.4091,40.1357],[-118.4256,40.1661],[-118.426,40.2038],[-118.4112,40.2313],[-118.3158,40.3277],[-118.3124,40.3751],[-118.3058,40.3918],[-118.301,40.3956],[-118.2927,40.4291],[-118.2957,40.4873],[-118.2886,40.5215]],[[-118.6938,39.9115],[-118.69,39.9416],[-118.6746,40.0094],[-118.6688,40.0267],[-118.6542,40.0516],[-118.6269,40.0718],[-118.5513,40.1082],[-118.5071,40.1348],[-118.4679,40.2022],[-118.4472,40.2304],[-118.4325,40.2439],[-118.4131,40.2769],[-118.4009,40.2889],[-118.3884,40.3135],[-118.3678,40.3306],[-118.3479,40.3671],[-118.3453,40.3759],[-118.3468,40.4028],[-118.3327,40.4188],[-118.3261,40.4545],[-118.3336,40.4888],[-118.3282,40.508],[-118.3264,40.5551],[-118.3335,40.5892],[-118.3442,40.6189],[-118.3454,40.6331],[-118.3386,40.6536],[-118.3223,40.6718]],[[-96.246,39.9362],[-96.1836,39.941]],[[-96.246,39.9362],[-96.2312,39.949],[-96.2118,39.9461],[-96.196,39.9479],[-96.1836,39.941]],[[-96.1836,39.941],[-96.1668,39.9364],[-96.1373,39.9216],[-96.1051,39.9129],[-96.0652,39.9243],[-96.037,39.9514],[-95.9854,39.9665],[-95.9712,39.9648],[-95.9447,39.9544],[-95.9176,39.9592],[-95.904,39.9577],[-95.8716,39.9457],[-95.8073,39.9062],[-95.7872,39.8987],[-95.7658,39.8579],[-95.75,39.8521],[-95.7069,39.8261],[-95.6891,39.8048],[-95.669,39.7985],[-95.6527,39.7991],[-95.6423,39.8034],[-95.6071,39.836],[-95.5739,39.841],[-95.5452,39.8532],[-95.5202,39.869],[-95.4899,39.8795],[-95.4676,39.875],[-95.4494,39.8636],[-95.4313,39.8589],[-95.3548,39.8611],[-95.3021,39.8482],[-95.2793,39.8599],[-95.2613,39.8648],[-95.253,39.8601],[-95.2455,39.8499],[-95.2386,39.8472],[-95.2103,39.8575],[-95.1863,39.8354],[-95.1499,39.8502],[-95.1354,39.8424]],[[-96.8806,39.9533],[-96.869,39.9253],[-96.852,39.9114],[-96.8427,39.8954],[-96.8227,39.8914],[-96.8135,39.8768]],[[-120.9012,39.9614],[-120.8915,39.9585],[-120.8637,39.9356],[-120.8461,39.9319],[-120.8285,39.9179],[-120.8048,39.9103],[-120.7911,39.902],[-120.7811,39.9081],[-120.7534,39.9107],[-120.7196,39.9264],[-120.714,39.9335],[-120.6914,39.9288],[-120.678,39.9424],[-120.6457,39.946],[-120.6155,39.9299],[-120.6012,39.9306],[-120.5684,39.9233],[-120.513,39.9079],[-120.4798,39.8942],[-120.4577,39.8776],[-120.4471,39.8647],[-120.4216,39.8506],[-120.4229,39.8365],[-120.4184,39.8266],[-120.4051,39.8205],[-120.3126,39.8215],[-120.2218,39.8171],[-120.1516,39.795],[-120.0848,39.7918],[-120.0736,39.7805],[-120.065,39.7511],[-120.0438,39.7231],[-120.0441,39.7151],[-120.0369,39.7031],[-120.0171,39.6896],[-120.0093,39.6777],[-119.9877,39.6583],[-119.9728,39.6486],[-119.9469,39.6398],[-119.9248,39.6275],[-119.8603,39.6195],[-119.8313,39.5985],[-119.8198,39.5803],[-119.7987,39.5619],[-119.7813,39.5536],[-119.7705,39.5274],[-119.764,39.5203],[-119.7415,39.5149]],[[-120.9486,39.9643],[-120.9588,39.9497],[-120.9418,39.939],[-120.9349,39.9401],[-120.9012,39.9614]],[[-120.9486,39.9643],[-120.9235,39.9684],[-120.9012,39.9614]],[[-96.8926,39.9716],[-96.8806,39.9533]],[[-96.8926,39.9716],[-96.8711,39.9639],[-96.8806,39.9533]],[[-97.1698,40.177],[-97.0979,40.1292],[-97.0649,40.1165],[-97.0333,40.09],[-97.0104,40.0796],[-96.9911,40.0655],[-96.9341,40.0445],[-96.9263,40.0355],[-96.925,40.0149],[-96.913,40.0052],[-96.8975,39.9855],[-96.8926,39.9716]],[[-97.5524,40.2065],[-97.5148,40.2137]],[[-97.5148,40.2137],[-97.5003,40.2154],[-97.4743,40.211],[-97.4461,40.2104],[-97.4108,40.2212]],[[-97.5148,40.2137],[-97.4742,40.2204],[-97.4108,40.2212]],[[-97.4108,40.2212],[-97.3887,40.2214]],[[-97.3887,40.2214],[-97.368,40.2236],[-97.3487,40.2188],[-97.3459,40.225]],[[-97.3887,40.2214],[-97.3683,40.2269],[-97.3459,40.225]],[[-97.2522,40.2224],[-97.2461,40.2176],[-97.2269,40.2159],[-97.2069,40.2076],[-97.1957,40.2011],[-97.1881,40.1903],[-97.1698,40.177]],[[-97.2522,40.2224],[-97.2377,40.223],[-97.2172,40.2318],[-97.2134,40.2309],[-97.1758,40.1988],[-97.1696,40.19],[-97.1698,40.177]],[[-97.8381,40.2249],[-97.8309,40.2273],[-97.7518,40.2274]],[[-97.3459,40.225],[-97.323,40.2255]],[[-97.323,40.2255],[-97.3131,40.2185],[-97.2769,40.2322]],[[-97.323,40.2255],[-97.2769,40.2322]],[[-97.7518,40.2274],[-97.7104,40.2069],[-97.6633,40.2101],[-97.621,40.2028],[-97.597,40.1944],[-97.5524,40.2065]],[[-97.7518,40.2274],[-97.7215,40.2328],[-97.7072,40.2276],[-97.692,40.2146],[-97.6626,40.2195],[-97.6266,40.2148],[-97.6024,40.2072],[-97.5524,40.2065]],[[-97.2769,40.2322],[-97.2522,40.2224]],[[-97.8984,40.2376],[-97.8731,40.2305],[-97.8574,40.2219],[-97.8381,40.2249]],[[-97.8984,40.2376],[-97.8516,40.2354],[-97.8381,40.2249]],[[-97.9201,40.2443],[-97.8984,40.2376]],[[-97.9413,40.2639],[-97.9266,40.2469],[-97.9201,40.2443]],[[-97.9413,40.2639],[-97.9327,40.2606],[-97.9201,40.2443]],[[-121.0413,40.3352],[-121.0389,40.3443],[-121.0237,40.3525],[-121.0131,40.3747]],[[-121.0413,40.3352],[-121.0508,40.322],[-121.0447,40.3017],[-121.0482,40.2965],[-121.0523,40.2935],[-121.0739,40.2929],[-121.0927,40.2728],[-121.118,40.2622],[-121.1482,40.2314],[-121.1596,40.2099],[-121.2073,40.2169],[-121.2491,40.2078],[-121.269,40.2103],[-121.3192,40.2453],[-121.3499,40.254],[-121.3903,40.257],[-121.414,40.2692],[-121.4676,40.2639],[-121.4721,40.2541],[-121.4862,40.248],[-121.4984,40.2483],[-121.5021,40.2384],[-121.5065,40.2391],[-121.5144,40.2269],[-121.5208,40.2262],[-121.522,40.2221],[-121.5292,40.2224],[-121.531,40.2261],[-121.5451,40.2176],[-121.5742,40.2209],[-121.5887,40.2078],[-121.6041,40.2085],[-121.6267,40.2003],[-121.6326,40.1925],[-121.6371,40.1931],[-121.6657,40.1762],[-121.6654,40.1686],[-121.6778,40.1641],[-121.686,40.1573],[-121.7052,40.1345],[-121.7367,40.1393],[-121.7521,40.1317],[-121.7744,40.1343],[-121.8102,40.1104],[-121.8146,40.1145],[-121.8295,40.1109],[-121.8447,40.1005],[-121.8619,40.0959],[-121.8789,40.0849],[-121.9127,40.0812],[-121.9545,40.0691],[-122.0007,40.032],[-122.0144,39.9884],[-122.0297,39.9722],[-122.0382,39.9551],[-122.0592,39.9337]],[[-121.0413,40.3353],[-121.0413,40.3352]],[[-121.0131,40.3747],[-121.0036,40.3594],[-120.9966,40.3571],[-121.0017,40.3534],[-121.0201,40.35],[-121.0413,40.3352]],[[-121.0351,40.4155],[-121.0284,40.4023],[-121.0119,40.3933],[-121.0131,40.3747]],[[-121.919,40.4998],[-121.8974,40.4912],[-121.8502,40.4921],[-121.7925,40.5232],[-121.7466,40.5275],[-121.7357,40.5362],[-121.7273,40.5379],[-121.7214,40.5339],[-121.7079,40.5315],[-121.6552,40.5307],[-121.6316,40.5253],[-121.6295,40.5291],[-121.6166,40.5283],[-121.5996,40.5373],[-121.5831,40.5384],[-121.5659,40.5451],[-121.5512,40.5453],[-121.5524,40.547],[-121.5294,40.5609],[-121.5019,40.569],[-121.4844,40.5866],[-121.4717,40.5851],[-121.4554,40.5702],[-121.4554,40.5669],[-121.4374,40.5607],[-121.4147,40.5617],[-121.388,40.5583],[-121.3532,40.5428],[-121.3359,40.5412],[-121.3263,40.5442],[-121.2947,40.5702],[-121.2991,40.5889],[-121.294,40.6176],[-121.2949,40.6348],[-121.2747,40.644],[-121.2513,40.6436],[-121.2268,40.6388],[-121.212,40.6505],[-121.2012,40.6546],[-121.1634,40.6482],[-121.157,40.6377],[-121.1458,40.6346],[-121.1141,40.6137],[-121.1013,40.5978],[-121.0873,40.5864]],[[-121.0311,40.5065],[-121.0582,40.4975],[-121.0689,40.4621],[-121.0664,40.4404],[-121.0578,40.4353],[-121.047,40.4206],[-121.0351,40.4155]],[[-121.0311,40.5065],[-121.0311,40.5031],[-121.0122,40.4886],[-121.0109,40.4827],[-121.0157,40.4576],[-121.0295,40.4468],[-121.0351,40.4368],[-121.0346,40.4298],[-121.0394,40.4218],[-121.0351,40.4155]],[[-118.2886,40.5215],[-118.284,40.5444],[-118.2738,40.5709],[-118.2472,40.6117],[-118.237,40.6343]],[[-118.2886,40.5215],[-118.2919,40.5302],[-118.2909,40.5499],[-118.2962,40.5806],[-118.2899,40.5996],[-118.2762,40.6159],[-118.237,40.6343]],[[-121.0335,40.5494],[-121.0256,40.5375],[-121.023,40.5239],[-121.0242,40.5165],[-121.0311,40.5065]],[[-121.0335,40.5494],[-121.0132,40.5425],[-121.0025,40.5328],[-120.9693,40.5246],[-120.9202,40.4964],[-120.9155,40.4769],[-120.9188,40.4698],[-120.9179,40.4596],[-120.9022,40.4475],[-120.8489,40.4373],[-120.831,40.437],[-120.8106,40.427],[-120.7873,40.4269],[-120.7811,40.4202],[-120.7576,40.4292],[-120.7076,40.4218],[-120.6821,40.4273],[-120.6621,40.4192],[-120.6141,40.4119],[-120.5939,40.4027],[-120.569,40.3966],[-120.5181,40.3958],[-120.4965,40.4009],[-120.4804,40.3951],[-120.4356,40.3936],[-120.4169,40.3815],[-120.3263,40.3742],[-120.3071,40.3906],[-120.2886,40.4006],[-120.2807,40.4298],[-120.2612,40.4548],[-120.2468,40.4598],[-120.2306,40.4736],[-120.2062,40.48],[-120.1789,40.4823],[-120.1567,40.4786],[-120.1179,40.4826],[-120.0945,40.4785],[-120.0802,40.485],[-120.0601,40.5021],[-120.0484,40.5314],[-120.0295,40.5464],[-119.9999,40.5526],[-119.9871,40.5498],[-119.9777,40.5571],[-119.9599,40.5598],[-119.9468,40.5526],[-119.9271,40.549],[-119.9245,40.5431],[-119.917,40.5409],[-119.9187,40.5387],[-119.9141,40.537],[-119.9104,40.5295],[-119.8966,40.5245],[-119.8851,40.5116],[-119.8669,40.509],[-119.8446,40.5119],[-119.8311,40.5166],[-119.7455,40.5851],[-119.7277,40.5909],[-119.6976,40.6107],[-119.6463,40.619],[-119.5677,40.6751],[-119.5096,40.7091],[-119.4817,40.718],[-119.4463,40.7082],[-119.4255,40.6967],[-119.3882,40.6612],[-119.3771,40.6559],[-119.3682,40.6619],[-119.3421,40.7064],[-119.3342,40.7122]],[[-112.7361,40.5671],[-112.7375,40.5559],[-112.746,40.541],[-112.7485,40.5559],[-112.7632,40.5609],[-112.8566,40.6373],[-112.8855,40.6563]],[[-116.4026,40.5755],[-116.4025,40.5755]],[[-116.4026,40.5755],[-116.3966,40.5805]],[[-116.3966,40.5805],[-116.3815,40.5778],[-116.3698,40.5813],[-116.3697,40.5906],[-116.3604,40.606]],[[-116.3966,40.5805],[-116.3604,40.606]],[[-112.7065,40.5856],[-112.7224,40.5835],[-112.7361,40.5671]],[[-112.7065,40.5856],[-112.6843,40.5697]],[[-121.0873,40.5864],[-121.0889,40.5747],[-121.0726,40.5721],[-121.0581,40.5604],[-121.0468,40.5587],[-121.0335,40.5494]],[[-122.4892,40.5989],[-122.4735,40.5912],[-122.444,40.5842],[-122.4324,40.5815],[-122.4247,40.5838],[-122.4178,40.5731],[-122.3856,40.5566],[-122.3797,40.5467],[-122.3753,40.523],[-122.3657,40.4962],[-122.3294,40.4714],[-122.2982,40.4614],[-122.2719,40.4648],[-122.2364,40.4839],[-122.2199,40.4842],[-122.193,40.4742],[-122.1804,40.4765],[-122.1717,40.4828],[-122.1389,40.4875],[-122.1369,40.4909],[-122.1049,40.4978],[-122.0865,40.5051],[-122.0258,40.5135],[-121.9782,40.5063],[-121.9642,40.5085],[-121.9528,40.5062],[-121.9363,40.5096],[-121.919,40.4998]],[[-116.3604,40.606],[-116.3309,40.6291],[-116.3237,40.6293],[-116.3177,40.6438],[-116.2322,40.6624],[-116.2089,40.6758],[-116.1449,40.6987],[-116.1352,40.6972],[-116.1061,40.7141],[-116.0771,40.7233],[-116.0387,40.7285],[-116.0176,40.7233],[-116.0171,40.7298],[-116.0135,40.7304],[-116.0063,40.7179],[-115.9968,40.7146],[-115.9906,40.7168],[-115.9855,40.7125],[-115.9802,40.7125],[-115.9579,40.7229],[-115.9374,40.7491]],[[-112.7059,40.6153],[-112.7065,40.5856]],[[-118.237,40.6343],[-118.2157,40.6439],[-118.0719,40.6813],[-118.0662,40.689],[-118.0629,40.7097],[-118.0558,40.7164],[-118.0498,40.7349],[-118.0332,40.7604],[-118.0358,40.7767],[-118.042,40.7805],[-118.0276,40.7933],[-118.0263,40.8051],[-118.0208,40.8078],[-118.0176,40.8221],[-118.0238,40.8338]],[[-112.2875,40.6443],[-112.2895,40.6292],[-112.3015,40.6091],[-112.3126,40.5938],[-112.3247,40.5843],[-112.335,40.5799],[-112.3873,40.5779],[-112.4083,40.5842],[-112.436,40.5996],[-112.4812,40.6023],[-112.5092,40.6342],[-112.5233,40.6407],[-112.5307,40.6496],[-112.5345,40.6608],[-112.5679,40.6938]],[[-99.0124,40.6479],[-99.0022,40.644],[-98.9407,40.6453],[-98.893,40.6523]],[[-99.0124,40.6479],[-99.0007,40.6509],[-98.893,40.6523]],[[-112.2929,40.6521],[-112.2957,40.6498],[-112.2875,40.6443]],[[-98.893,40.6523],[-98.8408,40.6623]],[[-98.714,40.6541],[-98.6857,40.619],[-98.6596,40.5953],[-98.6111,40.5904],[-98.5886,40.5804],[-98.5654,40.5761],[-98.5587,40.5685],[-98.5326,40.5583],[-98.5204,40.5464],[-98.4705,40.5136],[-98.452,40.5083],[-98.4415,40.4963],[-98.386,40.4775],[-98.3774,40.4668],[-98.3411,40.4443],[-98.3231,40.4421],[-98.3036,40.4298],[-98.2633,40.4279],[-98.2354,40.4062],[-98.2162,40.4029],[-98.2033,40.3901],[-98.1561,40.3756],[-98.1448,40.3668],[-98.1299,40.3613],[-98.1071,40.3585],[-98.0731,40.3432],[-98.0369,40.3382],[-98.0068,40.3196],[-97.9778,40.3101],[-97.9578,40.2937],[-97.9531,40.2857],[-97.9528,40.27],[-97.9413,40.2639]],[[-99.1934,40.6545],[-99.1855,40.6465],[-99.1777,40.6438],[-99.1605,40.6547]],[[-99.1934,40.6545],[-99.1605,40.6547]],[[-99.1605,40.6547],[-99.113,40.6466],[-99.0469,40.6424],[-99.0246,40.6487],[-99.0124,40.6479]],[[-112.2817,40.655],[-112.2929,40.6521]],[[-112.2817,40.655],[-112.2874,40.6496],[-112.2875,40.6443]],[[-112.8855,40.6563],[-112.9033,40.6577]],[[-112.8855,40.6563],[-112.8906,40.6651]],[[-112.9033,40.6577],[-112.9082,40.657]],[[-112.9033,40.6577],[-112.8906,40.6651]],[[-98.801,40.658],[-98.7545,40.6603]],[[-98.7545,40.6603],[-98.7291,40.6603],[-98.714,40.6541]],[[-98.7545,40.6603],[-98.7333,40.6742]],[[-98.8408,40.6623],[-98.8213,40.6553],[-98.801,40.658]],[[-98.8408,40.6623],[-98.8233,40.6666]],[[-112.8906,40.6651],[-112.8863,40.6737],[-112.8914,40.6833],[-112.9063,40.693],[-112.9211,40.6965],[-112.9233,40.7031],[-112.9304,40.7057],[-112.9292,40.7184],[-112.9543,40.7317],[-113.0954,40.7625],[-113.1503,40.7795],[-113.1537,40.783],[-113.1682,40.7837],[-113.1815,40.7881],[-113.2041,40.8052],[-113.2329,40.8167],[-113.2953,40.8124],[-113.3202,40.8064],[-113.4259,40.8081]],[[-98.8233,40.6666],[-98.801,40.658]],[[-98.8233,40.6666],[-98.8098,40.671],[-98.7748,40.6727],[-98.7614,40.6776],[-98.7364,40.6776]],[[-112.2705,40.6689],[-112.2883,40.6616],[-112.2891,40.655],[-112.2929,40.6521]],[[-112.2705,40.6689],[-112.2817,40.655]],[[-99.5511,40.6693],[-99.4576,40.6592],[-99.425,40.6639],[-99.3984,40.6578],[-99.3457,40.6576],[-99.3026,40.6637],[-99.1934,40.6545]],[[-118.3223,40.6718],[-118.291,40.7059],[-118.2795,40.7043],[-118.2439,40.6858],[-118.2286,40.6883],[-118.1948,40.7015]],[[-98.7333,40.6742],[-98.714,40.6541]],[[-98.7333,40.6742],[-98.7288,40.6777]],[[-99.6492,40.6749],[-99.6004,40.6692],[-99.5511,40.6693]],[[-99.6492,40.6749],[-99.6187,40.6757]],[[-99.6027,40.6754],[-99.5511,40.6693]],[[-99.6187,40.6757],[-99.615,40.6757]],[[-99.615,40.6757],[-99.6027,40.6754]],[[-98.7364,40.6776],[-98.7333,40.6742]],[[-98.7364,40.6776],[-98.7288,40.6777]],[[-98.7288,40.6777],[-98.714,40.6779],[-98.6859,40.69],[-98.6526,40.6975],[-98.6454,40.7053],[-98.593,40.7235],[-98.576,40.7355],[-98.5573,40.7426],[-98.5142,40.7477],[-98.4753,40.7609],[-98.4435,40.7616],[-98.3914,40.7773],[-98.3627,40.803],[-98.2892,40.8422],[-98.2762,40.8583],[-98.2443,40.8846],[-98.206,40.9104],[-98.1895,40.9325],[-98.1482,40.9593],[-98.1298,40.9619],[-98.0825,40.9817],[-98.0638,41.0031],[-98.0444,41.0133],[-98.0308,41.0158],[-98.0194,41.0239],[-97.9934,41.0279],[-97.9772,41.052],[-97.9772,41.0606],[-97.8813,41.1087],[-97.8412,41.1496],[-97.7952,41.1835],[-97.7269,41.2511],[-97.6161,41.3046],[-97.5155,41.3267]],[[-99.65,40.678],[-99.6492,40.6749]],[[-99.65,40.678],[-99.6393,40.6758],[-99.6278,40.6792],[-99.6187,40.6757]],[[-99.6515,40.6806],[-99.65,40.678]],[[-99.6515,40.6806],[-99.622,40.682]],[[-99.6562,40.6809],[-99.65,40.678]],[[-99.6562,40.6809],[-99.6515,40.6806]],[[-99.622,40.682],[-99.615,40.6757]],[[-99.622,40.682],[-99.6027,40.6754]],[[-99.6724,40.6844],[-99.6713,40.6793],[-99.666,40.6757],[-99.6492,40.6749]],[[-99.6724,40.6844],[-99.6562,40.6809]],[[-118.4937,40.6888],[-118.4908,40.692],[-118.4926,40.7099]],[[-112.5679,40.6938],[-112.5697,40.6983]],[[-112.5679,40.6938],[-112.5697,40.6983]],[[-112.5697,40.6983],[-112.5804,40.7044],[-112.6079,40.7085],[-112.6153,40.7273],[-112.6314,40.7429],[-112.6459,40.7406],[-112.6977,40.6274],[-112.7092,40.6111],[-112.7307,40.5958],[-112.7374,40.5791],[-112.7361,40.5671]],[[-118.1948,40.7015],[-118.1781,40.692],[-118.1402,40.6915],[-118.1196,40.6926],[-118.0962,40.7013],[-118.082,40.7194],[-118.0654,40.7262],[-118.0569,40.7371],[-118.0486,40.7617],[-118.0535,40.7793],[-118.0346,40.7971],[-118.0364,40.8263],[-118.0312,40.8317]],[[-118.1948,40.7015],[-118.1336,40.7405],[-118.1085,40.7699],[-118.0414,40.827],[-118.0312,40.8317]],[[-118.4926,40.7099],[-118.4517,40.7143],[-118.4189,40.7116],[-118.4013,40.7011],[-118.3861,40.6982],[-118.3223,40.6718]],[[-119.3342,40.7122],[-119.2825,40.7204],[-119.23,40.7391],[-119.1707,40.7659],[-119.1138,40.7699],[-119.0962,40.7747],[-119.083,40.7739]],[[-119.3342,40.7122],[-119.3074,40.7208],[-119.2752,40.7396],[-119.1815,40.8494],[-119.173,40.8638],[-119.1371,40.9016],[-119.0815,40.9365],[-119.0503,40.9625],[-119.0082,40.9737]],[[-115.9374,40.7491],[-115.9106,40.7653],[-115.8532,40.7874],[-115.8043,40.8155],[-115.7602,40.8319],[-115.7267,40.8614],[-115.6827,40.92],[-115.6308,40.9479],[-115.623,40.9486]],[[-111.8003,40.7517],[-111.8419,40.7322],[-111.882,40.7075],[-111.8998,40.7071],[-111.9235,40.712],[-111.9482,40.7094],[-112.0737,40.7091],[-112.1102,40.7123],[-112.1199,40.7187],[-112.1329,40.7158],[-112.1519,40.7205],[-112.1563,40.7268],[-112.1745,40.7282],[-112.222,40.7219],[-112.254,40.7056],[-112.2563,40.7012],[-112.2547,40.6834],[-112.2621,40.6718],[-112.2705,40.6689]],[[-111.8003,40.7517],[-111.7806,40.7606],[-111.7786,40.7656],[-111.7458,40.7714],[-111.7283,40.7788],[-111.7175,40.7751]],[[-111.8003,40.7517],[-111.8514,40.7629],[-111.899,40.7628]],[[-111.899,40.7628],[-111.9004,40.7628]],[[-111.899,40.7628],[-111.8961,40.7852],[-111.918,40.8059],[-111.9185,40.8129],[-111.914,40.8345],[-111.9042,40.8436],[-111.8852,40.8761],[-111.8852,40.9014],[-111.878,40.911],[-111.8806,40.9471],[-111.8872,40.9871],[-111.891,40.9905]],[[-118.7697,40.7641],[-118.7546,40.7564],[-118.743,40.7589],[-118.7267,40.7705],[-118.7152,40.7722],[-118.7014,40.7505],[-118.6771,40.7456],[-118.5739,40.6943],[-118.5532,40.6977],[-118.5467,40.7026],[-118.5234,40.6983],[-118.4926,40.7099]],[[-119.083,40.7739],[-119.065,40.7787]],[[-119.083,40.7739],[-119.0727,40.7789],[-119.065,40.7787]],[[-111.7175,40.7751],[-111.707,40.7719],[-111.6896,40.7764]],[[-111.7175,40.7751],[-111.7229,40.7502],[-111.7038,40.7678],[-111.6896,40.7764]],[[-111.6896,40.7764],[-111.6792,40.7846],[-111.6781,40.8117],[-111.6491,40.8306],[-111.6327,40.8338],[-111.6183,40.8322],[-111.5967,40.8253],[-111.5887,40.8162],[-111.5839,40.8157],[-111.5811,40.8202],[-111.5848,40.8257],[-111.5803,40.8358],[-111.5884,40.8561],[-111.5794,40.8783],[-111.5806,40.881]],[[-119.065,40.7787],[-119.0404,40.7827],[-119.0206,40.7981],[-119.0088,40.7993],[-119.0029,40.7925],[-118.93,40.7789],[-118.789,40.77],[-118.7697,40.7641]],[[-113.4259,40.8081],[-113.4325,40.8086],[-113.4353,40.8123]],[[-113.4259,40.8081],[-113.4353,40.8123]],[[-116.9999,40.8113],[-116.9883,40.7956],[-116.967,40.7781],[-116.9567,40.762],[-116.9491,40.7593],[-116.8987,40.7104],[-116.8448,40.6754],[-116.8268,40.6739],[-116.7893,40.6843],[-116.7294,40.6912],[-116.7036,40.6902],[-116.6733,40.6963],[-116.5473,40.711],[-116.5094,40.7074],[-116.5026,40.7014],[-116.4833,40.6577],[-116.4673,40.642],[-116.4621,40.6278],[-116.4193,40.6013],[-116.4218,40.5966],[-116.4193,40.5894],[-116.4207,40.5799],[-116.4026,40.5755]],[[-113.4353,40.8123],[-113.4605,40.8371],[-113.4829,40.8527],[-113.499,40.8727],[-113.5349,40.8909],[-113.5799,40.9084]],[[-121.2587,40.8231],[-121.2566,40.8096],[-121.2661,40.7886],[-121.2622,40.7783],[-121.2343,40.7532],[-121.2115,40.7418],[-121.1446,40.7403],[-121.1365,40.7318],[-121.1149,40.7295],[-121.1075,40.7222],[-121.0923,40.7224],[-121.0761,40.7125],[-121.074,40.6883],[-121.0773,40.677],[-121.0994,40.6497],[-121.1039,40.6392],[-121.1023,40.6164],[-121.0874,40.5969],[-121.0873,40.5864]],[[-121.2587,40.8231],[-121.2233,40.8651],[-121.2036,40.873],[-121.2025,40.88],[-121.1959,40.8864],[-121.1687,40.8986],[-121.1784,40.9146],[-121.1616,40.9225],[-121.1521,40.9334],[-121.1494,40.9406],[-121.152,40.943],[-121.1412,40.9631],[-121.1501,40.9804],[-121.1363,40.989],[-121.1308,40.9998],[-121.13,41.0134],[-121.1454,41.0364]],[[-118.0312,40.8317],[-118.0238,40.8338]],[[-118.0312,40.8317],[-118.0286,40.8449],[-118.0051,40.867],[-117.9999,40.8686],[-117.9925,40.8805],[-117.9753,40.8967],[-117.9525,40.9045],[-117.9165,40.9108],[-117.8756,40.9278],[-117.844,40.9321],[-117.8328,40.9384],[-117.8197,40.9402],[-117.8021,40.9526],[-117.7652,40.9646],[-117.7432,40.9764],[-117.7248,40.9999]],[[-118.0238,40.8338],[-118.0196,40.8429],[-118.0001,40.8556]],[[-117.9999,40.8556],[-117.9756,40.8871],[-117.8888,40.9122],[-117.8609,40.9161],[-117.7961,40.9328],[-117.7652,40.9464],[-117.7298,40.9787],[-117.7151,41],[-117.7024,41.0096],[-117.6738,41.0233],[-117.5986,41.0281],[-117.5618,41.02],[-117.5534,41.0158],[-117.4949,40.9596],[-117.4878,40.9578],[-117.44,40.9521],[-117.4247,40.9589],[-117.399,40.9532],[-117.3862,40.9683],[-117.375,40.9739]],[[-111.5806,40.881],[-111.5959,40.9177],[-111.5923,40.9228]],[[-111.5806,40.881],[-111.5804,40.8866],[-111.588,40.8986],[-111.5882,40.914],[-111.5761,40.9216],[-111.5653,40.9353]],[[-113.5799,40.9084],[-113.6124,40.9184],[-113.6296,40.933]],[[-113.5799,40.9084],[-113.6563,40.9653]],[[-111.5923,40.9228],[-111.5752,40.9377]],[[-113.6296,40.933],[-113.64,40.9439]],[[-113.6296,40.933],[-113.64,40.9439]],[[-114.0416,40.9349],[-114.0544,40.9286],[-114.07,40.9257],[-114.087,40.9052],[-114.1133,40.891],[-114.1245,40.8891],[-114.2503,40.8986],[-114.2759,40.9052],[-114.2903,40.9032],[-114.3267,40.9185],[-114.4865,40.9563],[-114.4923,40.95],[-114.4952,40.9164],[-114.5002,40.9039],[-114.5021,40.853],[-114.5163,40.7588],[-114.5213,40.7331],[-114.5244,40.7301],[-114.5521,40.7356],[-114.5769,40.7285],[-114.6165,40.731],[-114.6464,40.7197],[-114.7295,40.7102],[-114.7627,40.7128],[-114.8238,40.7395],[-114.96,40.7522],[-114.9838,40.7508],[-115.009,40.7381],[-115.0677,40.679],[-115.1155,40.6578],[-115.158,40.6284],[-115.2272,40.6062],[-115.2798,40.5848],[-115.2961,40.5723],[-115.3268,40.5309],[-115.3452,40.4871],[-115.3608,40.462],[-115.4069,40.4213],[-115.4266,40.3992],[-115.4294,40.3818],[-115.4405,40.3664],[-115.4453,40.3453],[-115.446,40.3196],[-115.454,40.2951],[-115.4848,40.2316],[-115.4876,40.2207],[-115.4859,40.2088],[-115.4918,40.2012],[-115.4925,40.1743],[-115.5051,40.1522],[-115.5293,40.1259],[-115.5362,40.0936],[-115.5316,40.0687],[-115.5378,40.0322],[-115.5432,40.0265],[-115.5644,40.0185],[-115.5782,40.0189],[-115.6074,40.0098],[-115.6654,40.0134],[-115.7468,40.0617],[-115.7647,40.1145],[-115.7546,40.1493],[-115.7543,40.1623],[-115.7478,40.1779],[-115.7488,40.2113],[-115.7573,40.2259],[-115.7733,40.2367],[-115.7749,40.2593],[-115.7678,40.2852],[-115.7584,40.293],[-115.7498,40.3116],[-115.7359,40.3281],[-115.7223,40.3607],[-115.7144,40.3898],[-115.7016,40.415],[-115.7034,40.4534],[-115.719,40.461],[-115.7249,40.4705],[-115.7315,40.5096],[-115.7268,40.5344],[-115.7179,40.5501],[-115.7202,40.5838],[-115.7284,40.6086],[-115.7248,40.6399],[-115.7406,40.6634],[-115.7684,40.6839],[-115.7983,40.6893],[-115.8106,40.6853],[-115.8157,40.6883],[-115.8236,40.6847],[-115.8332,40.6857],[-115.8378,40.6831],[-115.842,40.6852],[-115.8342,40.6917],[-115.838,40.7025],[-115.8352,40.7111],[-115.8376,40.7152],[-115.8272,40.7294],[-115.8342,40.7323],[-115.8318,40.7388],[-115.836,40.7387],[-115.8394,40.7342],[-115.8428,40.7369],[-115.8494,40.7358],[-115.8503,40.7387],[-115.8435,40.7408],[-115.8497,40.7472],[-115.8558,40.7443],[-115.8617,40.7474],[-115.9374,40.7491]],[[-111.5653,40.9353],[-111.5601,40.9368],[-111.5495,40.9501],[-111.5396,40.9775],[-111.5404,40.982],[-111.5265,40.9895],[-111.5124,41.0154],[-111.4961,41.0161],[-111.4874,41.009],[-111.4786,41.0079],[-111.4616,40.9938],[-111.4594,40.9883],[-111.4473,40.9823],[-111.4445,40.9751],[-111.4376,40.9721],[-111.4097,40.9915],[-111.3708,41.0123],[-111.3634,41.0207],[-111.3354,41.0319],[-111.3247,41.0414],[-111.3041,41.0461],[-111.2837,41.0637],[-111.2292,41.0887],[-111.1934,41.1221],[-111.1658,41.1251],[-111.1446,41.1392],[-111.1178,41.145],[-111.0966,41.1637],[-111.0897,41.1658],[-111.069,41.1583],[-111.059,41.1613]],[[-111.5661,40.9377],[-111.5653,40.9353]],[[-111.5661,40.9377],[-111.5752,40.9377]],[[-111.5752,40.9377],[-111.5923,40.9228]],[[-111.5752,40.9377],[-111.5759,40.9411],[-111.571,40.9446],[-111.5661,40.9377]],[[-115.5782,40.9415],[-115.5598,40.9389],[-115.5504,40.93],[-115.5219,40.9281],[-115.4926,40.93],[-115.4717,40.9366],[-115.456,40.9498],[-115.4203,41.0025],[-115.3848,41.0305],[-115.3396,41.0498],[-115.279,41.064],[-115.2547,41.0726],[-115.2439,41.0804],[-115.2344,41.0968],[-115.2152,41.1137],[-115.1495,41.1388],[-115.0589,41.1557],[-115.0222,41.148],[-114.9834,41.1298],[-114.9661,41.1464],[-114.8882,41.1854],[-114.8684,41.2042],[-114.8508,41.2292],[-114.8095,41.2706],[-114.7781,41.2915],[-114.7741,41.2978],[-114.7734,41.3067],[-114.7838,41.3393],[-114.7782,41.3473],[-114.7398,41.3648],[-114.6999,41.4046],[-114.6662,41.4204],[-114.6416,41.4382],[-114.6027,41.4559],[-114.5822,41.4686],[-114.5624,41.4882],[-114.5332,41.5039],[-114.5245,41.5229],[-114.5094,41.5414]],[[-113.64,40.9439],[-113.6532,40.9578],[-113.6563,40.9653]],[[-100.2972,40.9477],[-100.2727,40.933],[-100.2222,40.9095],[-100.1475,40.885],[-100.1073,40.8579],[-100.0418,40.8381],[-100,40.8304],[-99.91,40.7844],[-99.8837,40.7797],[-99.8561,40.7638],[-99.8395,40.7469],[-99.8095,40.7368],[-99.7793,40.7197],[-99.7281,40.7065],[-99.6724,40.6844]],[[-115.6007,40.9489],[-115.588,40.9418],[-115.5782,40.9415]],[[-115.6007,40.9489],[-115.5782,40.9415]],[[-115.6032,40.9497],[-115.6229,40.9485],[-115.6137,40.9527],[-115.6032,40.9497]],[[-115.6032,40.9497],[-115.6007,40.9489]],[[-100.3297,40.9588],[-100.2972,40.9477]],[[-100.3297,40.9588],[-100.3034,40.9613],[-100.2972,40.9477]],[[-113.6563,40.9653],[-113.67,40.9733],[-113.6972,40.9756],[-113.725,40.9844],[-113.7394,40.9968],[-113.77,41.0061],[-113.9674,41.0209],[-113.9676,41.0122],[-113.9861,40.9818],[-114.015,40.9526],[-114.0416,40.935]],[[-98.2147,40.9673],[-98.2476,40.9488],[-98.3107,40.9222],[-98.3392,40.8991],[-98.3716,40.8835],[-98.4915,40.8372],[-98.585,40.8346],[-98.6103,40.8206],[-98.624,40.8205],[-98.6759,40.8048],[-98.7372,40.7795],[-98.7763,40.7689],[-98.8135,40.7629],[-98.8723,40.7427],[-98.9575,40.7012],[-99,40.6942],[-99.0658,40.6769],[-99.12,40.6812],[-99.1447,40.6924],[-99.2397,40.6903],[-99.3268,40.6946],[-99.399,40.7154],[-99.4281,40.7112],[-99.5732,40.7254],[-99.6371,40.7215],[-99.66,40.7229],[-99.7068,40.7377],[-99.7361,40.7416],[-99.7637,40.7551],[-99.8102,40.7641],[-99.982,40.856],[-100.0046,40.865],[-100.0468,40.8735],[-100.0564,40.8849],[-100.103,40.8968],[-100.1144,40.9046],[-100.1726,40.9286],[-100.1774,40.9347],[-100.1937,40.9425],[-100.2981,40.987],[-100.3192,41.0003],[-100.3338,41.0018],[-100.3734,41.0274],[-100.3824,41.0393],[-100.3916,41.0455],[-100.4294,41.0606],[-100.4734,41.0905],[-100.5379,41.0959],[-100.6395,41.116],[-100.6663,41.1314],[-100.7691,41.1685],[-100.8333,41.2075],[-100.8659,41.2137],[-100.9353,41.2071],[-101.0243,41.2083],[-101.0793,41.2163],[-101.1035,41.2169],[-101.1236,41.2128],[-101.1641,41.1948],[-101.2403,41.1951],[-101.2751,41.1882],[-101.3073,41.1893],[-101.3241,41.184],[-101.3472,41.184],[-101.376,41.1894],[-101.4183,41.1855],[-101.4525,41.1954],[-101.495,41.1976],[-101.5197,41.207],[-101.5423,41.2078],[-101.5898,41.2174],[-101.6315,41.2191],[-101.6544,41.2273],[-101.6967,41.2288],[-101.78,41.2438],[-101.8025,41.2487],[-101.8517,41.2669],[-101.8867,41.267],[-101.9217,41.2873],[-101.9364,41.2902],[-101.9703,41.2937],[-102.0331,41.2939],[-102.0639,41.3046],[-102.1147,41.3155],[-102.1801,41.3477],[-102.2287,41.3665],[-102.267,41.3761],[-102.3247,41.3995],[-102.3562,41.3938],[-102.3657,41.4011],[-102.3764,41.4018],[-102.427,41.4226],[-102.4592,41.4449],[-102.4944,41.4528],[-102.5049,41.4596],[-102.5333,41.4626],[-102.5617,41.4736],[-102.5711,41.4818],[-102.6316,41.503],[-102.6617,41.5179],[-102.6852,41.5242],[-102.7233,41.5498],[-102.7435,41.5593],[-102.7736,41.5698],[-102.8448,41.5861],[-102.9186,41.6194],[-103,41.6475],[-103.0213,41.6483],[-103.0389,41.6535],[-103.107,41.6891],[-103.1404,41.6985],[-103.1732,41.6965],[-103.2052,41.6993],[-103.2857,41.7253],[-103.3171,41.746],[-103.3647,41.7595]],[[-98.2147,40.9673],[-98.1087,41.0208],[-98.0734,41.0404],[-98.0552,41.0556],[-97.9561,41.1105],[-97.9055,41.1541],[-97.8843,41.1665],[-97.8748,41.1773],[-97.8402,41.1924],[-97.7498,41.2554],[-97.7294,41.2745],[-97.7014,41.2862],[-97.6757,41.3046],[-97.6421,41.3217],[-97.6333,41.3299],[-97.5656,41.348],[-97.5592,41.3512],[-97.5503,41.3626],[-97.5107,41.3741],[-97.4843,41.3888],[-97.4449,41.3914],[-97.3888,41.4029],[-97.377,41.4072],[-97.3629,41.4201]],[[-117.4579,40.9676],[-117.4504,40.9602],[-117.4406,40.9581],[-117.413,40.9647],[-117.4007,40.9721]],[[-117.4579,40.9676],[-117.4379,40.9672],[-117.4357,40.9726],[-117.4241,40.9823],[-117.4012,40.991],[-117.383,40.9895],[-117.3755,41.0048],[-117.338,41.0137]],[[-117.4007,40.9721],[-117.3823,40.9785],[-117.375,40.9739]],[[-117.4007,40.9721],[-117.3653,40.9881],[-117.3581,41.0028],[-117.338,41.0137]],[[-119.0082,40.9737],[-118.8562,40.8523],[-118.7879,40.7782],[-118.7697,40.7641]],[[-117.375,40.9739],[-117.36,40.978],[-117.338,40.9948],[-117.3214,40.9926],[-117.2764,40.946],[-117.2451,40.9275],[-117.2166,40.9051],[-117.2077,40.8947],[-117.2031,40.8761],[-117.1968,40.8675],[-117.1589,40.849],[-117.1437,40.8227],[-117.1158,40.8051],[-117.0854,40.7738],[-117.0478,40.7548],[-117.0235,40.7214],[-116.9747,40.6858],[-116.9362,40.6496],[-116.906,40.64],[-116.8811,40.6232],[-116.8643,40.6228],[-116.8376,40.6296],[-116.8012,40.6231],[-116.7662,40.6573],[-116.7456,40.6697],[-116.7163,40.6814],[-116.612,40.689],[-116.5569,40.7024],[-116.5337,40.7024],[-116.5189,40.6996],[-116.5118,40.6924],[-116.4885,40.6108],[-116.4746,40.5888],[-116.4479,40.5733],[-116.4059,40.5729],[-116.4026,40.5755]],[[-117.375,40.9739],[-117.3749,40.9739]],[[-111.891,40.9905],[-111.91,40.9905],[-111.9284,41.0005],[-111.9435,41.0045],[-111.9461,41.0081]],[[-100.4238,40.9912],[-100.3745,40.9785],[-100.3297,40.9588]],[[-100.4566,40.9948],[-100.447,40.9914],[-100.4238,40.9912]],[[-100.4766,40.9971],[-100.4501,40.9866],[-100.4191,40.9847],[-100.3514,40.9614],[-100.3297,40.9588]],[[-100.4766,40.9971],[-100.4566,40.9948]],[[-100.463,40.9983],[-100.4566,40.9948]],[[-100.463,40.9983],[-100.4406,40.9963],[-100.4238,40.9912]],[[-117.2538,40.9999],[-117.2121,40.9858],[-117.1921,40.9722],[-117.19,40.9603],[-117.1628,40.9262],[-117.1474,40.8969],[-117.102,40.8501],[-117.024,40.828],[-117.0092,40.8202],[-117,40.8113]],[[-117.7249,40.9999],[-117.7198,41.0186],[-117.7106,41.031],[-117.6886,41.0422],[-117.6759,41.0449],[-117.6563,41.0417],[-117.6418,41.0488],[-117.6276,41.05],[-117.601,41.0472],[-117.5864,41.045],[-117.5633,41.0342],[-117.5377,41.0323],[-117.5048,41.0177],[-117.496,41.0111],[-117.4934,41.0017],[-117.4875,40.9987],[-117.479,40.9841],[-117.4579,40.9676]],[[-100.4887,41.001],[-100.4766,40.9971]],[[-111.9461,41.0081],[-111.9711,41.023]],[[-111.9461,41.0081],[-111.976,41.0664]],[[-96.3506,41.0123],[-96.3391,41.0051],[-96.3348,40.9912],[-96.3269,40.984],[-96.3179,40.9571],[-96.3203,40.9486],[-96.3179,40.9432],[-96.3028,40.9367],[-96.2844,40.9216],[-96.2793,40.9132],[-96.2563,40.9027],[-96.2347,40.8845],[-96.2283,40.8442],[-96.2138,40.827],[-96.201,40.7891],[-96.1909,40.7784],[-96.183,40.7758],[-96.1653,40.7787],[-96.1454,40.7764],[-96.1263,40.7638],[-96.1006,40.7577],[-96.0494,40.7248],[-95.9956,40.7207],[-95.9854,40.7134],[-95.9791,40.7015],[-95.9575,40.6988],[-95.9425,40.6869],[-95.9202,40.679],[-95.8787,40.6824],[-95.8492,40.672],[-95.8445,40.6781]],[[-117.338,41.0137],[-117.2997,41.014],[-117.2538,40.9999]],[[-100.5057,41.0137],[-100.4887,41.001]],[[-100.5057,41.0137],[-100.463,40.9983]],[[-100.5257,41.019],[-100.4887,41.001]],[[-100.5257,41.019],[-100.5057,41.0137]],[[-111.9711,41.023],[-112.0117,41.0488],[-112.0369,41.0595],[-112.0708,41.0804],[-112.0989,41.1123],[-112.1048,41.125],[-112.1052,41.1343]],[[-111.9711,41.023],[-111.9735,41.0333],[-111.9927,41.0512],[-112.0349,41.0782],[-112.1052,41.1343]],[[-121.1454,41.0364],[-121.1534,41.0393],[-121.1583,41.0353],[-121.1664,41.0347],[-121.1663,41.0322],[-121.1725,41.0306],[-121.1739,41.014],[-121.1797,41.011],[-121.1925,41.0118],[-121.2052,40.9968],[-121.2212,40.9921],[-121.2222,40.9696],[-121.2358,40.9709],[-121.2639,40.9849],[-121.2683,40.9826],[-121.2651,40.9587],[-121.2541,40.9527],[-121.2525,40.9404],[-121.2446,40.9374],[-121.2379,40.9291],[-121.2378,40.9131],[-121.2466,40.9019],[-121.2436,40.8928],[-121.246,40.8872],[-121.2458,40.8585],[-121.2587,40.8231]],[[-121.1454,41.0364],[-121.1365,41.0392],[-121.1228,41.0546],[-121.1112,41.0693],[-121.1086,41.0819],[-121.1233,41.1535],[-121.1291,41.168],[-121.1231,41.1933],[-121.1102,41.2261],[-121.1129,41.2407],[-121.123,41.2623],[-121.1269,41.3114],[-121.1252,41.3221],[-121.133,41.3353],[-121.1335,41.3504],[-121.1111,41.3629],[-121.0895,41.3678],[-121.0762,41.3631],[-121.0361,41.3686],[-121.0328,41.3762],[-121.0447,41.3798],[-121.044,41.3875],[-121.0393,41.3875],[-121.0204,41.4034],[-121.0098,41.406],[-121.0081,41.4181],[-120.9932,41.4167],[-120.9764,41.4095],[-120.9699,41.4004],[-120.9355,41.3975],[-120.925,41.4051],[-120.8594,41.4302],[-120.763,41.4136],[-120.7133,41.4282],[-120.7027,41.4391],[-120.693,41.4583],[-120.6518,41.4794],[-120.6249,41.4857],[-120.6118,41.4927],[-120.5767,41.492],[-120.5323,41.4814],[-120.4949,41.4963],[-120.4541,41.5447],[-120.4415,41.5619],[-120.4314,41.5865],[-120.4217,41.5938],[-120.4213,41.6013],[-120.4163,41.6073],[-120.4189,41.6192],[-120.4151,41.6339],[-120.4303,41.6613],[-120.4313,41.6692],[-120.4276,41.6804],[-120.4085,41.7021],[-120.4019,41.7198]],[[-96.462,41.0464],[-96.3954,41.0132],[-96.382,41.0107],[-96.3628,41.0138],[-96.3506,41.0123]],[[-96.462,41.0464],[-96.4419,41.0536],[-96.428,41.0549],[-96.4071,41.0432],[-96.3728,41.0401],[-96.3555,41.0305],[-96.3506,41.0123]],[[-100.5735,41.0466],[-100.5257,41.019]],[[-111.976,41.0664],[-111.9269,41.0241],[-111.9114,41.0051],[-111.891,40.9905]],[[-100.6238,41.0693],[-100.6035,41.0624],[-100.5735,41.0466]],[[-101.9611,41.0714],[-101.9341,41.074]],[[-101.9341,41.074],[-101.8949,41.0731],[-101.8637,41.0768],[-101.8481,41.0839]],[[-101.9341,41.074],[-101.907,41.0791],[-101.8481,41.0839]],[[-100.6595,41.0759],[-100.5812,41.047],[-100.5735,41.0466]],[[-100.6595,41.0759],[-100.6238,41.0693]],[[-101.9627,41.0838],[-101.9611,41.0714]],[[-101.9627,41.0838],[-101.9487,41.0749],[-101.9341,41.074]],[[-101.8481,41.0839],[-101.8126,41.0879],[-101.7727,41.0992],[-101.7199,41.1089]],[[-100.7505,41.0868],[-100.6595,41.0759]],[[-101.9647,41.0873],[-101.9627,41.0838]],[[-101.9647,41.0873],[-101.9536,41.0855],[-101.8918,41.0914],[-101.7803,41.1104],[-101.7372,41.124],[-101.7239,41.1216],[-101.7199,41.1089]],[[-100.7794,41.0912],[-100.7505,41.0868]],[[-100.8175,41.0943],[-100.7954,41.0862],[-100.7505,41.0868]],[[-100.8175,41.0943],[-100.7794,41.0912]],[[-100.8319,41.0966],[-100.8175,41.0943]],[[-100.8319,41.0966],[-100.8246,41.098]],[[-100.8246,41.098],[-100.8175,41.0943]],[[-100.8106,41.1019],[-100.7794,41.0912]],[[-100.8106,41.1019],[-100.7622,41.0968],[-100.7151,41.0987],[-100.6847,41.0956],[-100.6238,41.0693]],[[-100.833,41.1024],[-100.8246,41.098]],[[-100.833,41.1024],[-100.8199,41.1043],[-100.8106,41.1019]],[[-100.8706,41.1062],[-100.8492,41.097],[-100.8319,41.0966]],[[-100.8706,41.1062],[-100.833,41.1024]],[[-101.7199,41.1089],[-101.6086,41.1136],[-101.5614,41.11],[-101.4928,41.1105],[-101.4838,41.1053],[-101.4715,41.104],[-101.3049,41.1096],[-101.246,41.1133],[-101.1502,41.1327],[-101.104,41.1333],[-101.0901,41.1415],[-101.0823,41.1403]],[[-101.9972,41.1173],[-101.9913,41.108],[-101.9647,41.0873]],[[-100.9162,41.1192],[-100.8706,41.1062]],[[-100.9162,41.1192],[-100.85,41.1082],[-100.833,41.1024]],[[-100.9415,41.1217],[-100.9162,41.1192]],[[-112.1052,41.1343],[-112.1031,41.1412],[-112.1111,41.1526],[-112.1152,41.1729],[-112.1089,41.1895],[-112.093,41.2041],[-112.0917,41.2926],[-112.08,41.3061],[-112.0392,41.3227],[-112.0315,41.3408]],[[-101.0158,41.1349],[-101.0128,41.1316],[-100.9977,41.1281],[-100.9415,41.1217]],[[-101.0158,41.1349],[-100.9895,41.1334],[-100.9415,41.1217]],[[-101.0823,41.1403],[-101.0541,41.1359],[-101.0158,41.1349]],[[-98.2316,41.1478],[-98.226,41.0899],[-98.2014,41.0365],[-98.1955,41.0097],[-98.195,41.0006],[-98.2049,40.9758],[-98.2147,40.9673]],[[-98.2316,41.1478],[-98.2599,41.1718],[-98.2683,41.1892],[-98.228,41.2194]],[[-98.2316,41.1478],[-98.2362,41.1782],[-98.2298,41.1938],[-98.228,41.2194]],[[-101.0898,41.1523],[-101.0823,41.1403]],[[-102.04,41.154],[-102.0191,41.1317],[-101.9972,41.1173]],[[-102.04,41.154],[-102.0174,41.1495],[-101.9972,41.1173]],[[-110.8338,41.1649],[-110.8165,41.1721]],[[-110.8338,41.1649],[-110.8227,41.1719],[-110.8165,41.1721]],[[-111.0435,41.1651],[-111.0346,41.1611],[-111.0005,41.1687]],[[-111.0435,41.1651],[-111.0589,41.1613],[-111.0473,41.1654],[-111.0435,41.1651]],[[-101.2146,41.1661],[-101.2055,41.1604],[-101.2008,41.1516],[-101.1304,41.148],[-101.0898,41.1523]],[[-101.2146,41.1661],[-101.1506,41.1839],[-101.1283,41.1857],[-101.0979,41.1779],[-101.0898,41.1523]],[[-111.0005,41.1687],[-110.9998,41.1687]],[[-111.0005,41.1687],[-110.9734,41.1663],[-110.9516,41.1698],[-110.9383,41.1658],[-110.8866,41.1733],[-110.8666,41.1644],[-110.8649,41.1611],[-110.8483,41.1559],[-110.8338,41.1649]],[[-110.8165,41.1721],[-110.8169,41.1743],[-110.8018,41.1765]],[[-110.8165,41.1721],[-110.8081,41.1716],[-110.8018,41.1765]],[[-110.8018,41.1765],[-110.7974,41.1776],[-110.7905,41.1873]],[[-110.7674,41.1832],[-110.7662,41.1777],[-110.7251,41.1963]],[[-110.7674,41.1832],[-110.7367,41.1979],[-110.7251,41.1963]],[[-110.7735,41.1856],[-110.7674,41.1832]],[[-110.7905,41.1873],[-110.7735,41.1856]],[[-110.7905,41.1873],[-110.7862,41.1914],[-110.7735,41.1856]],[[-110.7251,41.1963],[-110.7288,41.2018],[-110.7254,41.2061],[-110.7068,41.2182],[-110.6835,41.223],[-110.6792,41.2289]],[[-110.7251,41.1963],[-110.7037,41.2012],[-110.661,41.2036],[-110.655,41.2077],[-110.6264,41.2147],[-110.5913,41.2322],[-110.5655,41.2375],[-110.516,41.2639],[-110.4973,41.2691],[-110.4776,41.27]],[[-96.8986,41.2183],[-96.8816,41.2039],[-96.8723,41.19],[-96.8442,41.1664],[-96.8403,41.1578],[-96.8402,41.1442],[-96.828,41.132],[-96.816,41.1397],[-96.7998,41.138],[-96.7816,41.1482],[-96.7601,41.1488],[-96.754,41.1477],[-96.7504,41.1412],[-96.7243,41.1388],[-96.7103,41.1226],[-96.6937,41.1167],[-96.648,41.1442],[-96.6389,41.1444],[-96.6157,41.1345],[-96.6079,41.1232],[-96.5861,41.1172],[-96.5766,41.1105],[-96.5721,41.1011],[-96.5552,41.0942],[-96.5542,41.0769],[-96.5458,41.0676],[-96.5136,41.0609],[-96.4826,41.0495],[-96.462,41.0464]],[[-98.228,41.2194],[-98.2202,41.2606]],[[-110.6792,41.2289],[-110.6603,41.2347],[-110.6393,41.2485]],[[-110.6393,41.2485],[-110.6596,41.251],[-110.6699,41.2383],[-110.6778,41.2341],[-110.6792,41.2289]],[[-110.6393,41.2485],[-110.6308,41.258],[-110.5933,41.2783],[-110.5564,41.2872],[-110.5101,41.2874]],[[-98.2202,41.2606],[-98.2272,41.2812],[-98.204,41.2944],[-98.1091,41.306],[-98.0572,41.3294],[-97.995,41.3465],[-97.9852,41.3554],[-97.9351,41.3804],[-97.9045,41.3872]],[[-98.2202,41.2606],[-98.1911,41.2645],[-98.1766,41.2735],[-98.1571,41.2802],[-98.1116,41.283],[-98.0562,41.2995],[-98.0264,41.3172],[-97.985,41.3317],[-97.9622,41.3446],[-97.935,41.3549],[-97.9221,41.3645],[-97.9045,41.3872]],[[-95.9288,41.2625],[-95.9215,41.2679]],[[-95.936,41.2626],[-95.933,41.2591],[-95.9288,41.2625]],[[-95.9456,41.2636],[-95.9423,41.259],[-95.936,41.2626]],[[-95.9456,41.2636],[-95.9377,41.265]],[[-95.9377,41.265],[-95.936,41.2626]],[[-110.4776,41.27],[-110.4882,41.2746],[-110.49,41.2808],[-110.5101,41.2874]],[[-110.4776,41.27],[-110.4552,41.2752],[-110.4054,41.3068]],[[-95.9545,41.2763],[-95.9456,41.2636]],[[-95.9545,41.2763],[-95.9493,41.2816]],[[-95.9493,41.2816],[-95.9377,41.265]],[[-102.1144,41.2827],[-102.114,41.2716],[-102.1091,41.268],[-102.1148,41.2618],[-102.1024,41.2439],[-102.0971,41.2144],[-102.0707,41.1832],[-102.04,41.154]],[[-102.1144,41.2827],[-102.1059,41.285],[-102.1017,41.294],[-102.081,41.2976],[-102.0372,41.283],[-102.0169,41.2793],[-101.999,41.2844],[-101.9619,41.2773],[-101.9226,41.2745],[-101.874,41.2533],[-101.8397,41.253],[-101.7899,41.2239],[-101.7429,41.2256],[-101.6919,41.2157],[-101.67,41.2086],[-101.6598,41.2014],[-101.6557,41.1931],[-101.6379,41.1817],[-101.6118,41.1821],[-101.5725,41.1669],[-101.5465,41.1655],[-101.5137,41.1577],[-101.5044,41.1585],[-101.5064,41.1739],[-101.4981,41.1794],[-101.4819,41.1794],[-101.4409,41.1639],[-101.4012,41.1612],[-101.3069,41.1608],[-101.2835,41.162],[-101.2616,41.1676],[-101.2146,41.1661]],[[-95.9779,41.2836],[-95.9684,41.2742],[-95.9545,41.2763]],[[-110.5101,41.2874],[-110.4828,41.3063],[-110.4651,41.3051],[-110.4044,41.3166]],[[-110.4054,41.3068],[-110.4044,41.3166]],[[-95.9929,41.3105],[-95.9942,41.2991],[-95.9779,41.2836]],[[-95.9929,41.3105],[-95.9656,41.3065],[-95.9499,41.2883],[-95.9493,41.2816]],[[-110.4044,41.3166],[-110.3908,41.3189]],[[-97.2785,41.3175],[-97.2692,41.3155],[-97.2343,41.3199],[-97.2112,41.3282],[-97.2012,41.3285]],[[-110.3908,41.3189],[-110.3947,41.3075],[-110.4054,41.3068]],[[-110.3908,41.3189],[-110.3447,41.3456],[-110.314,41.353],[-110.2981,41.3603],[-110.276,41.3625],[-110.2651,41.3669],[-110.2583,41.3652],[-110.2269,41.383],[-110.1939,41.3955],[-110.178,41.4081],[-110.1809,41.4278],[-110.1687,41.4669],[-110.1579,41.4787],[-110.1502,41.4936],[-110.1244,41.5202],[-110.0882,41.5444],[-110.085,41.5434],[-110.0577,41.5585],[-110.0462,41.5605],[-110.0128,41.5566],[-109.995,41.5653]],[[-95.9943,41.3219],[-95.9929,41.3105]],[[-95.9943,41.3219],[-95.9871,41.3279],[-95.9648,41.336]],[[-97.5155,41.3267],[-97.5083,41.3201],[-97.4944,41.3178],[-97.2785,41.3175]],[[-97.5155,41.3267],[-97.4598,41.3473],[-97.4449,41.3469],[-97.4024,41.3561],[-97.3916,41.3554],[-97.3868,41.3495],[-97.3724,41.347],[-97.3674,41.342],[-97.2785,41.3175]],[[-97.2012,41.3285],[-97.1972,41.3243],[-97.2004,41.3187],[-97.1984,41.3133],[-97.19,41.3118],[-97.1669,41.2987],[-97.1434,41.2945],[-97.139,41.2858],[-97.1179,41.2711],[-97.0933,41.2665],[-97.0847,41.2547],[-97.0811,41.2561],[-97.0671,41.2503],[-97.0527,41.2285],[-97.0203,41.2217],[-97.0079,41.2129],[-96.982,41.2186],[-96.9447,41.2039],[-96.9355,41.2047],[-96.9222,41.2006],[-96.9144,41.2031],[-96.8986,41.2183]],[[-97.2012,41.3285],[-97.1793,41.3461],[-97.1501,41.3606],[-97.1207,41.3805]],[[-102.2028,41.3296],[-102.1746,41.3183],[-102.1245,41.3095],[-102.1144,41.2827]],[[-95.9648,41.336],[-95.9446,41.3206],[-95.9428,41.2957],[-95.9369,41.2723],[-95.9288,41.2625]],[[-95.9648,41.336],[-95.9517,41.3369]],[[-112.0315,41.3408],[-111.9724,41.2635],[-111.9731,41.1944],[-111.9937,41.1778],[-112.002,41.1896],[-112.0146,41.1901],[-112.0219,41.173],[-112.0241,41.1503],[-112.0241,41.1278],[-112.0217,41.123],[-111.9966,41.0958],[-111.976,41.0664]],[[-112.0315,41.3408],[-112.0346,41.3536],[-112.031,41.386],[-112.0425,41.4129],[-112.0355,41.4277],[-112.0463,41.4554],[-112.0438,41.4615],[-112.0166,41.4866],[-112.0142,41.5194],[-112.0054,41.5322],[-112.011,41.5346],[-112.0227,41.562],[-112.0442,41.5904],[-112.045,41.596],[-112.0571,41.6049],[-112.0786,41.6347],[-112.0847,41.6482],[-112.0894,41.682]],[[-102.2308,41.3479],[-102.2185,41.3443],[-102.2028,41.3296]],[[-96.2035,41.3499],[-96.1748,41.3204],[-96.1693,41.3123],[-96.1685,41.3043],[-96.1473,41.2801],[-96.1437,41.2704],[-96.1202,41.2522],[-96.0962,41.2612],[-96.072,41.2586],[-96.034,41.2617],[-96.0098,41.2871],[-95.9904,41.2827],[-95.9779,41.2836]],[[-96.2035,41.3499],[-96.1719,41.3501],[-96.1584,41.3423],[-96.1417,41.3267],[-96.13,41.3213],[-96.1097,41.3176],[-96.0811,41.3172],[-96.0445,41.3104],[-96.0303,41.3139],[-96.0028,41.3274],[-95.9971,41.3272],[-95.9943,41.3219]],[[-102.2603,41.3506],[-102.2434,41.3414],[-102.2265,41.3389],[-102.2028,41.3296]],[[-102.2603,41.3506],[-102.258,41.3506]],[[-102.258,41.3506],[-102.2308,41.3479]],[[-102.258,41.3506],[-102.2431,41.3522],[-102.2308,41.3479]],[[-102.2869,41.3512],[-102.2603,41.3506]],[[-102.3104,41.3616],[-102.2869,41.3512]],[[-102.3174,41.3621],[-102.2996,41.3509],[-102.2869,41.3512]],[[-102.3174,41.3621],[-102.3104,41.3616]],[[-110.4311,41.3621],[-110.4293,41.3541],[-110.3981,41.3361],[-110.3908,41.3189]],[[-110.432,41.3631],[-110.4311,41.3621]],[[-110.432,41.3631],[-110.4354,41.3708]],[[-96.2545,41.3646],[-96.2445,41.3626],[-96.2366,41.3654]],[[-96.2366,41.3654],[-96.232,41.366],[-96.2035,41.3499]],[[-96.2366,41.3654],[-96.2093,41.3864],[-96.1882,41.3844],[-96.1637,41.39],[-96.1547,41.3889],[-96.1468,41.3961],[-96.1273,41.4002],[-96.1167,41.4154],[-96.0962,41.4142],[-96.0626,41.4269],[-96.0545,41.4218],[-96.0386,41.4197],[-96.0372,41.4074],[-96.0172,41.3567],[-95.9749,41.3548],[-95.9584,41.3406],[-95.9648,41.336]],[[-110.4354,41.3708],[-110.4323,41.369],[-110.432,41.3631]],[[-110.4391,41.3719],[-110.4354,41.3708]],[[-102.378,41.3788],[-102.353,41.3697],[-102.3174,41.3621]],[[-102.378,41.3788],[-102.3481,41.3776],[-102.3244,41.3721],[-102.3104,41.3616]],[[-97.1207,41.3805],[-97.1192,41.4003],[-97.108,41.4046],[-97.1031,41.4132]],[[-97.1207,41.3805],[-97.0915,41.3848],[-97.0764,41.3964]],[[-110.4396,41.3827],[-110.4391,41.3719]],[[-110.4396,41.3827],[-110.4282,41.3776],[-110.4311,41.3621]],[[-97.9045,41.3872],[-97.8468,41.3966],[-97.821,41.4037],[-97.8079,41.4105],[-97.7926,41.4119]],[[-110.4455,41.3958],[-110.4507,41.3839],[-110.4391,41.3719]],[[-110.4455,41.3958],[-110.4396,41.3827]],[[-97.0764,41.3964],[-97.0653,41.4013],[-97.0304,41.4077],[-97.0057,41.4026],[-96.9696,41.4107],[-96.9452,41.4091],[-96.9119,41.3939],[-96.9015,41.3681],[-96.8943,41.3294],[-96.895,41.2754],[-96.901,41.2503],[-96.8986,41.2183]],[[-110.4465,41.4009],[-110.4455,41.3958]],[[-110.4465,41.4009],[-110.4422,41.3959],[-110.4396,41.3827]],[[-97.7926,41.4119],[-97.7668,41.4196],[-97.7338,41.4387],[-97.7021,41.4436]],[[-97.1031,41.4132],[-97.0764,41.3964]],[[-97.1031,41.4132],[-97.1022,41.4286]],[[-110.453,41.4172],[-110.4465,41.4009]],[[-110.453,41.4172],[-110.4465,41.4009]],[[-97.3629,41.4201],[-97.3061,41.4062],[-97.2808,41.4094],[-97.2498,41.4036],[-97.194,41.4023],[-97.1493,41.4121],[-97.1022,41.4286]],[[-97.1022,41.4286],[-97.0827,41.4392],[-97.0748,41.4359],[-97.06,41.4377],[-97.0361,41.4448],[-96.9788,41.4535],[-96.973,41.46],[-96.9036,41.4638],[-96.7564,41.4603],[-96.6885,41.4548],[-96.6583,41.4488],[-96.5917,41.449],[-96.5451,41.4463],[-96.5348,41.443]],[[-110.4606,41.4347],[-110.4635,41.4249],[-110.453,41.4172]],[[-110.4606,41.4347],[-110.4585,41.4265],[-110.452,41.421],[-110.453,41.4172]],[[-97.398,41.4379],[-97.389,41.4234],[-97.3629,41.4201]],[[-97.398,41.4379],[-97.3677,41.4281],[-97.3629,41.4201]],[[-96.5348,41.443],[-96.4872,41.4254],[-96.4726,41.4057],[-96.4513,41.3936],[-96.3389,41.3682],[-96.3179,41.357],[-96.2977,41.3528],[-96.2545,41.3646]],[[-96.5348,41.443],[-96.5294,41.4442],[-96.5116,41.4377],[-96.4699,41.4352],[-96.4185,41.4066],[-96.3824,41.3937],[-96.3295,41.3875],[-96.3146,41.3826],[-96.3013,41.3716],[-96.29,41.3764],[-96.2545,41.3646]],[[-97.7021,41.4436],[-97.7476,41.4166],[-97.7926,41.4119]],[[-102.5275,41.4461],[-102.4984,41.4398],[-102.4666,41.4261],[-102.4308,41.4057],[-102.4021,41.3963],[-102.378,41.3788]],[[-102.5379,41.4498],[-102.5363,41.4466],[-102.5275,41.4461]],[[-102.5379,41.4498],[-102.5275,41.4461]],[[-97.4652,41.4581],[-97.4283,41.4548],[-97.398,41.4379]],[[-97.532,41.4707],[-97.4956,41.4633],[-97.4824,41.4576],[-97.4652,41.4581]],[[-97.532,41.4707],[-97.5629,41.4718],[-97.5794,41.4672],[-97.5991,41.4723],[-97.61,41.4657],[-97.6538,41.46],[-97.7021,41.4436]],[[-97.532,41.4707],[-97.5028,41.4722],[-97.4919,41.4667],[-97.4768,41.4652],[-97.4652,41.4581]],[[-119.4742,41.4809],[-119.463,41.4736],[-119.4496,41.4725],[-119.4394,41.4597],[-119.4324,41.4564],[-119.4293,41.4253],[-119.4222,41.4171],[-119.4201,41.4019],[-119.4098,41.3813],[-119.392,41.3676],[-119.3865,41.3691],[-119.3675,41.3591],[-119.361,41.3505],[-119.3621,41.3435],[-119.3426,41.3365],[-119.3426,41.3329],[-119.3231,41.316],[-119.2905,41.3024],[-119.2846,41.3033],[-119.278,41.3069],[-119.2723,41.3164],[-119.2623,41.3199],[-119.2475,41.3356],[-119.2215,41.3446],[-119.2092,41.3386],[-119.192,41.3389],[-119.161,41.3282],[-119.1617,41.3138],[-119.1577,41.2946],[-119.146,41.2768],[-119.1405,41.2568],[-119.111,41.2231],[-119.1028,41.1964],[-119.0862,41.1645],[-119.0321,41.0835],[-119.0199,41.0362],[-119.013,40.9843],[-119.0082,40.9737]],[[-102.6767,41.4955],[-102.6659,41.4906],[-102.6428,41.4893],[-102.6221,41.4816],[-102.6035,41.4787],[-102.5778,41.4654],[-102.5664,41.4555],[-102.5379,41.4498]],[[-102.7078,41.508],[-102.6767,41.4955]],[[-110.4706,41.5321],[-110.4608,41.476],[-110.4606,41.4347]],[[-119.5412,41.5348],[-119.5391,41.5262],[-119.5213,41.505],[-119.4984,41.4899],[-119.4742,41.4809]],[[-119.5412,41.5348],[-119.5213,41.5291],[-119.4813,41.5034],[-119.4735,41.4858],[-119.4742,41.4809]],[[-102.7488,41.537],[-102.7196,41.5198],[-102.7078,41.508]],[[-102.7488,41.537],[-102.6829,41.5059],[-102.6767,41.4955]],[[-110.482,41.5375],[-110.4706,41.5321]],[[-110.482,41.5375],[-110.4679,41.5369],[-110.4706,41.5321]],[[-102.7763,41.5387],[-102.7405,41.5187],[-102.7078,41.508]],[[-102.7763,41.5387],[-102.7551,41.5394]],[[-102.7551,41.5394],[-102.7488,41.537]],[[-114.5094,41.5414],[-114.4748,41.5678]],[[-114.5094,41.5414],[-114.4936,41.5594],[-114.4748,41.5678]],[[-102.8011,41.5478],[-102.7763,41.5387]],[[-102.8011,41.5478],[-102.7744,41.5462],[-102.7551,41.5394]],[[-102.8444,41.5632],[-102.829,41.5548],[-102.8011,41.5478]],[[-110.6551,41.5651],[-110.6216,41.5663],[-110.5963,41.5828]],[[-109.995,41.5653],[-109.9819,41.5731]],[[-109.995,41.5653],[-109.9867,41.581],[-109.9731,41.5903]],[[-119.8384,41.5658],[-119.8114,41.571]],[[-119.8384,41.5658],[-119.8274,41.5787],[-119.8211,41.578],[-119.8114,41.571]],[[-114.4748,41.5678],[-114.4541,41.5785],[-114.4438,41.6038],[-114.4264,41.6182],[-114.4272,41.6352],[-114.4185,41.6529]],[[-119.8114,41.571],[-119.7888,41.5569],[-119.7748,41.5557],[-119.7649,41.5618],[-119.7188,41.577],[-119.6719,41.5847],[-119.6467,41.5842],[-119.5929,41.5654],[-119.5721,41.5618],[-119.5412,41.5348]],[[-109.9819,41.5731],[-109.9655,41.5828],[-109.9645,41.5851],[-109.9703,41.5884]],[[-109.9819,41.5731],[-109.9608,41.5767],[-109.9633,41.5867],[-109.9689,41.5906]],[[-110.6545,41.5747],[-110.6551,41.5651]],[[-110.6545,41.5747],[-110.64,41.5799]],[[-110.5621,41.5799],[-110.5502,41.5745],[-110.5423,41.5764],[-110.5151,41.5646],[-110.4846,41.561],[-110.4828,41.5577],[-110.4899,41.5445],[-110.482,41.5375]],[[-110.64,41.5799],[-110.6551,41.5651]],[[-110.64,41.5799],[-110.629,41.581]],[[-110.629,41.581],[-110.5963,41.5828]],[[-110.629,41.581],[-110.5868,41.5872]],[[-110.5963,41.5828],[-110.5621,41.5799]],[[-110.6737,41.5856],[-110.6545,41.5747]],[[-110.6737,41.5856],[-110.6656,41.5883],[-110.6642,41.5953],[-110.658,41.6019]],[[-110.5868,41.5872],[-110.5963,41.5828]],[[-110.5868,41.5872],[-110.5723,41.5856],[-110.5621,41.5799]],[[-109.9703,41.5884],[-109.9689,41.5906]],[[-109.9731,41.5903],[-109.9703,41.5884]],[[-109.9731,41.5903],[-109.9689,41.5906]],[[-109.9689,41.5906],[-109.9406,41.6153],[-109.9173,41.6168]],[[-102.9146,41.5912],[-102.8732,41.57],[-102.8444,41.5632]],[[-102.9146,41.5912],[-102.8964,41.5889],[-102.8444,41.5632]],[[-110.6833,41.5971],[-110.6737,41.5856]],[[-110.6833,41.5971],[-110.6705,41.6031],[-110.658,41.6019]],[[-110.6469,41.5997],[-110.6402,41.5937],[-110.6387,41.5877],[-110.629,41.581]],[[-110.658,41.6019],[-110.6469,41.5997]],[[-110.658,41.6019],[-110.6469,41.5997]],[[-109.9173,41.6168],[-109.8958,41.6204],[-109.895,41.6467]],[[-109.9173,41.6168],[-109.897,41.6354],[-109.895,41.6467]],[[-103.046,41.6359],[-103.038,41.6299],[-103.0151,41.627],[-102.9926,41.6122],[-102.9633,41.6019],[-102.9146,41.5912]],[[-120.1316,41.6388],[-120.1251,41.639]],[[-120.1251,41.639],[-120.1112,41.6261],[-120.1074,41.6162],[-120.0996,41.6079],[-120.0506,41.5771],[-120.0412,41.5805],[-120.0085,41.576],[-119.999,41.5811],[-119.9772,41.5834],[-119.9453,41.6022],[-119.9358,41.6033],[-119.8907,41.5867],[-119.8818,41.5868],[-119.8675,41.5738],[-119.8522,41.5651],[-119.8384,41.5658]],[[-120.1277,41.6407],[-120.1251,41.639]],[[-109.895,41.6467],[-109.8914,41.6595],[-109.8933,41.6723],[-109.8824,41.6998],[-109.8731,41.7074],[-109.864,41.7063],[-109.8516,41.712]],[[-114.4185,41.6529],[-114.4084,41.6586],[-114.405,41.6683]],[[-114.4185,41.6529],[-114.4106,41.6627],[-114.4156,41.67],[-114.405,41.6683]],[[-120.175,41.656],[-120.1456,41.6385],[-120.1316,41.6388]],[[-120.175,41.656],[-120.1316,41.6388]],[[-110.7608,41.66],[-110.7509,41.6531],[-110.736,41.6525],[-110.7119,41.6455],[-110.7041,41.6268],[-110.7007,41.6259],[-110.7065,41.6198],[-110.7057,41.6161],[-110.6942,41.6099],[-110.6833,41.5971]],[[-103.119,41.6614],[-103.103,41.6486],[-103.046,41.6359]],[[-103.119,41.6614],[-103.0958,41.6504],[-103.0691,41.6456],[-103.046,41.6359]],[[-114.405,41.6683],[-114.39,41.6794],[-114.3727,41.7109],[-114.3731,41.7215],[-114.3677,41.7376],[-114.3577,41.7502],[-114.3571,41.7601],[-114.3467,41.782],[-114.3357,41.7946],[-114.3317,41.8047],[-114.3141,41.816],[-114.3117,41.8292],[-114.3067,41.8359],[-114.3002,41.8379],[-114.2725,41.8327],[-114.2638,41.8433],[-114.2506,41.8481],[-114.2393,41.8465],[-114.2315,41.8494],[-114.2033,41.8507],[-114.1831,41.8588],[-114.1743,41.8571],[-114.1326,41.8652],[-114.1225,41.8733],[-114.1194,41.8824],[-114.1085,41.8918],[-114.0994,41.9076],[-114.0908,41.9098],[-114.0808,41.9244],[-114.0742,41.9287],[-114.0719,41.9479],[-114.0412,41.9655],[-114.0082,41.9691],[-113.9872,41.9974],[-113.9731,42.0051],[-113.9231,42.0028],[-113.9201,42.0086],[-113.889,41.9965],[-113.8847,41.9895],[-113.8655,41.9895],[-113.823,41.9978]],[[-112.1689,41.6725],[-112.1883,41.7111],[-112.2051,41.7291]],[[-112.1689,41.6725],[-112.1817,41.6776],[-112.2161,41.7004],[-112.2312,41.7194],[-112.2448,41.7259],[-112.2456,41.7302]],[[-112.0894,41.682],[-112.0971,41.6871],[-112.1024,41.6832],[-112.1125,41.6834],[-112.1581,41.6565],[-112.1689,41.6725]],[[-112.0894,41.682],[-112.0892,41.7096],[-112.0977,41.7253],[-112.0997,41.7407]],[[-120.2046,41.6902],[-120.1937,41.6626],[-120.175,41.656]],[[-120.2046,41.6902],[-120.1277,41.6407]],[[-103.2234,41.6916],[-103.1661,41.6534],[-103.155,41.6409],[-103.0955,41.5932],[-103.0854,41.5771],[-103.0428,41.5464],[-103.0323,41.5353],[-103.0161,41.4853],[-103.0023,41.4578],[-102.9833,41.4319],[-102.9857,41.4073],[-102.9932,41.3892],[-102.9917,41.3056],[-102.9942,41.2536],[-102.9873,41.2235],[-102.9754,41.2026],[-102.9477,41.1791],[-102.9351,41.1641],[-102.914,41.1568],[-102.9046,41.1434],[-102.8761,41.1382],[-102.753,41.1426],[-102.6522,41.136],[-102.5851,41.1215],[-102.5259,41.0981],[-102.4858,41.0865],[-102.4532,41.0705],[-102.4336,41.0563],[-102.3958,41.0044],[-102.3891,40.9714],[-102.3932,40.9559],[-102.3899,40.9475],[-102.3803,40.9436],[-102.3332,40.9373],[-102.3002,40.9413],[-102.2661,40.956],[-102.26,40.953],[-102.2572,40.9622],[-102.2375,40.9736],[-102.2038,40.9868],[-102.1918,41.0012],[-102.1793,41.0097],[-102.1308,41.0318],[-102.0446,41.0582],[-102.0173,41.0638],[-101.991,41.0636],[-101.9611,41.0714]],[[-103.2234,41.6916],[-103.1815,41.6771],[-103.1513,41.6717],[-103.119,41.6614]],[[-110.8635,41.7058],[-110.8674,41.6846],[-110.8555,41.6734],[-110.8282,41.6698],[-110.8021,41.6618],[-110.7733,41.6638],[-110.7608,41.66]],[[-110.8635,41.7058],[-110.8382,41.6936],[-110.7924,41.6851],[-110.7609,41.6675],[-110.7608,41.66]],[[-109.8516,41.712],[-109.8429,41.7099],[-109.8395,41.714]],[[-109.8516,41.712],[-109.8292,41.7237]],[[-110.8888,41.7138],[-110.8828,41.7099],[-110.8749,41.7188]],[[-109.8395,41.714],[-109.8292,41.7237]],[[-110.8702,41.7164],[-110.8635,41.7058]],[[-110.8702,41.7164],[-110.8607,41.7187],[-110.8386,41.7143],[-110.8451,41.7091],[-110.8635,41.7058]],[[-109.841,41.7175],[-109.8395,41.714]],[[-110.8749,41.7188],[-110.8702,41.7164]],[[-110.929,41.7193],[-110.9232,41.7145],[-110.9042,41.7208],[-110.8888,41.7138]],[[-110.929,41.7193],[-110.9199,41.7213],[-110.9142,41.7276],[-110.9049,41.727]],[[-120.4019,41.7198],[-120.3824,41.7271],[-120.3731,41.7368]],[[-120.1944,41.7217],[-120.1966,41.7074],[-120.2053,41.6941],[-120.2046,41.6902]],[[-120.1944,41.7217],[-120.1277,41.6407]],[[-110.8894,41.7235],[-110.8918,41.7172],[-110.8888,41.7138]],[[-110.8894,41.7235],[-110.8749,41.7188]],[[-109.8292,41.7237],[-109.8105,41.734],[-109.7778,41.7789]],[[-110.9049,41.727],[-110.8894,41.7235]],[[-112.2051,41.7291],[-112.2315,41.7223],[-112.2456,41.7302]],[[-112.2456,41.7302],[-112.2541,41.7389],[-112.2711,41.7801],[-112.2774,41.7872],[-112.286,41.7907]],[[-110.9965,41.7342],[-110.9968,41.7224],[-110.975,41.7122],[-110.9698,41.7017],[-110.929,41.7193]],[[-110.9965,41.7342],[-110.9803,41.7246],[-110.9685,41.7257],[-110.9543,41.7213],[-110.9168,41.7384],[-110.9049,41.727]],[[-110.9965,41.7342],[-111.0102,41.7592],[-111.0308,41.7827],[-111.0308,41.8196],[-111.0148,41.8473],[-111.0045,41.8738],[-110.996,41.881],[-110.9831,41.9026],[-110.968,41.9085],[-110.9637,41.9212],[-110.954,41.9272]],[[-120.3731,41.7368],[-120.3722,41.7474],[-120.3817,41.7549],[-120.3791,41.7897]],[[-120.5117,41.7399],[-120.5134,41.7371],[-120.5079,41.7242],[-120.478,41.7116],[-120.4579,41.716],[-120.4395,41.713],[-120.4297,41.723],[-120.4019,41.7198]],[[-120.5117,41.7399],[-120.5047,41.7366],[-120.4336,41.7395],[-120.3731,41.7368]],[[-112.0997,41.7407],[-112.1235,41.7576],[-112.1195,41.7935]],[[-112.0997,41.7407],[-112.0944,41.7542],[-112.0934,41.7733],[-112.104,41.7877],[-112.1138,41.7893]],[[-103.4072,41.7476],[-103.4004,41.747],[-103.3803,41.7352],[-103.3545,41.7265],[-103.2955,41.7143],[-103.2234,41.6916]],[[-110.8831,41.7497],[-110.8852,41.7436],[-110.8798,41.7346],[-110.8894,41.7235]],[[-120.5068,41.7542],[-120.5061,41.7447],[-120.5117,41.7399]],[[-120.5068,41.7542],[-120.5061,41.7656],[-120.5092,41.7748],[-120.504,41.7924]],[[-103.4543,41.7568],[-103.4445,41.7499],[-103.4072,41.7476]],[[-103.4543,41.7568],[-103.4351,41.7523],[-103.419,41.7523],[-103.4072,41.7476]],[[-103.3647,41.7595],[-103.3964,41.7743],[-103.4113,41.7755]],[[-103.4034,41.7658],[-103.3647,41.7595]],[[-110.8877,41.7681],[-110.8921,41.7595],[-110.8831,41.7497]],[[-110.8877,41.7681],[-110.8831,41.7497]],[[-103.4378,41.7754],[-103.4034,41.7658]],[[-103.4378,41.7754],[-103.4633,41.779],[-103.4917,41.7918],[-103.5092,41.7961],[-103.5565,41.8228],[-103.6573,41.8563],[-103.6749,41.8686],[-103.6898,41.8746],[-103.7419,41.9109],[-103.8049,41.9353],[-103.8328,41.9408],[-103.8729,41.9547],[-103.8968,41.9471],[-103.9577,41.9531],[-104.0272,41.9783],[-104.0378,41.9941],[-104.0713,41.9952],[-104.0884,42.0202],[-104.2382,42.0822],[-104.2564,42.0831],[-104.2868,42.0981],[-104.3236,42.1066],[-104.3385,42.1138],[-104.3476,42.1264],[-104.382,42.1409],[-104.4028,42.1584],[-104.4425,42.1791],[-104.4838,42.1972],[-104.4977,42.1987],[-104.5295,42.2096]],[[-103.4113,41.7755],[-103.4034,41.7658]],[[-103.4113,41.7755],[-103.4378,41.7754]],[[-109.7778,41.7789],[-109.7753,41.7832],[-109.7868,41.7916]],[[-109.7778,41.7789],[-109.7797,41.7857],[-109.7884,41.7924]],[[-111.031,41.7841],[-110.9813,41.8161],[-110.9542,41.9106],[-110.954,41.9272]],[[-103.6975,41.7857],[-103.6653,41.79],[-103.6343,41.8008]],[[-112.1138,41.7893],[-112.1188,41.793]],[[-112.1138,41.7893],[-112.1146,41.7926],[-112.1188,41.793]],[[-120.3791,41.7897],[-120.3671,41.8105],[-120.3559,41.8224],[-120.363,41.8414]],[[-120.3791,41.7897],[-120.3748,41.8031],[-120.3595,41.823],[-120.3653,41.8402]],[[-112.286,41.7907],[-112.2942,41.7968],[-112.3473,41.813],[-112.3749,41.8158],[-112.4071,41.8145],[-112.4373,41.8327],[-112.4528,41.8318],[-112.4714,41.8756],[-112.479,41.8807],[-112.5397,41.8978],[-112.5481,41.906],[-112.5542,41.9021],[-112.5585,41.8937],[-112.5702,41.8948],[-112.5866,41.9066],[-112.6184,41.9148],[-112.6535,41.931],[-112.6768,41.9519],[-112.6905,41.9532],[-112.7053,41.9471],[-112.7342,41.9464]],[[-120.4643,41.7912],[-120.3956,41.7489],[-120.3938,41.7448],[-120.3731,41.7368]],[[-120.4643,41.7912],[-120.4002,41.8198],[-120.3894,41.8297],[-120.3681,41.8342],[-120.3653,41.8402]],[[-109.7868,41.7916],[-109.7884,41.7924]],[[-109.7868,41.7916],[-109.7589,41.7997]],[[-120.504,41.7924],[-120.4895,41.7959],[-120.4805,41.7917],[-120.4643,41.7912]],[[-109.7884,41.7924],[-109.7967,41.799],[-109.7982,41.8058]],[[-112.1188,41.793],[-112.1195,41.7935]],[[-112.1195,41.7935],[-112.1239,41.8145],[-112.125,41.8436]],[[-103.5443,41.795],[-103.5321,41.7817],[-103.5179,41.7775],[-103.5019,41.7648],[-103.4686,41.7564],[-103.4543,41.7568]],[[-103.5443,41.795],[-103.5145,41.7795],[-103.4892,41.7741],[-103.4543,41.7568]],[[-109.7589,41.7997],[-109.7611,41.7844],[-109.7778,41.7789]],[[-103.6343,41.8008],[-103.5726,41.8013]],[[-103.6343,41.8008],[-103.6162,41.8078]],[[-103.5726,41.8013],[-103.5443,41.795]],[[-103.8162,41.8037],[-103.7826,41.787],[-103.7252,41.782],[-103.6975,41.7857]],[[-103.8162,41.8037],[-103.7355,41.7951],[-103.7113,41.7867],[-103.6975,41.7857]],[[-109.7982,41.8058],[-109.7758,41.8063],[-109.7566,41.8113],[-109.7485,41.8087]],[[-109.7982,41.8058],[-109.8091,41.832],[-109.8092,41.8393],[-109.8053,41.8438]],[[-103.6162,41.8078],[-103.5726,41.8013]],[[-103.6162,41.8078],[-103.6054,41.8099],[-103.5726,41.8013]],[[-109.7485,41.8087],[-109.7589,41.7997]],[[-120.53,41.8143],[-120.5082,41.7927],[-120.504,41.7924]],[[-120.5318,41.8158],[-120.53,41.8143]],[[-112.1724,41.8196],[-112.1624,41.808],[-112.1754,41.7862],[-112.1736,41.7776],[-112.1789,41.761],[-112.1897,41.7409],[-112.2051,41.7291]],[[-112.1724,41.8197],[-112.196,41.8198],[-112.2357,41.8118],[-112.2554,41.7995],[-112.286,41.7907]],[[-120.5363,41.8222],[-120.5318,41.8158]],[[-120.5363,41.8222],[-120.532,41.8201],[-120.53,41.8143]],[[-120.5414,41.8232],[-120.5318,41.8158]],[[-120.5414,41.8232],[-120.5363,41.8222]],[[-120.7284,41.8328],[-120.7364,41.8361]],[[-120.7284,41.8328],[-120.7364,41.8361]],[[-120.573,41.8338],[-120.5609,41.8244],[-120.5487,41.8204],[-120.5448,41.8141],[-120.5442,41.7959],[-120.5394,41.7816],[-120.528,41.7717],[-120.5246,41.764],[-120.5142,41.7645],[-120.5126,41.7579],[-120.5068,41.7542]],[[-120.573,41.8338],[-120.5469,41.8312],[-120.5414,41.8232]],[[-120.7469,41.8351],[-120.7372,41.846],[-120.7147,41.8516],[-120.7131,41.8557],[-120.7028,41.8577],[-120.6964,41.8635],[-120.6864,41.862],[-120.6805,41.8563],[-120.6713,41.8558]],[[-120.7364,41.8361],[-120.7469,41.8351]],[[-120.3653,41.8402],[-120.363,41.8414]],[[-120.363,41.8414],[-120.3423,41.8422],[-120.3374,41.847],[-120.3289,41.8483],[-120.3215,41.8555],[-120.3118,41.8571],[-120.2923,41.8432],[-120.287,41.8448],[-120.2616,41.8352],[-120.2601,41.8286],[-120.2421,41.8171],[-120.2264,41.8],[-120.2154,41.8031],[-120.2032,41.8007],[-120.1953,41.7895],[-120.188,41.7877],[-120.1895,41.7856],[-120.1767,41.773],[-120.1944,41.7217]],[[-112.125,41.8436],[-112.1334,41.8578],[-112.1476,41.8722],[-112.1624,41.872],[-112.1726,41.8623]],[[-109.8053,41.8438],[-109.8287,41.8227],[-109.8322,41.8161],[-109.8667,41.7892],[-109.9031,41.7458],[-109.9161,41.7361],[-109.9282,41.7017],[-109.9393,41.6829],[-109.9598,41.6587],[-109.9828,41.6194],[-109.9819,41.604],[-109.9731,41.5903]],[[-109.8053,41.8438],[-109.8012,41.8482]],[[-109.8053,41.8438],[-109.8103,41.8613],[-109.8104,41.8825]],[[-110.9088,41.8481],[-110.8927,41.8308],[-110.8838,41.8143],[-110.8718,41.8091],[-110.8685,41.8021],[-110.8674,41.794],[-110.8738,41.7877],[-110.8698,41.783],[-110.8711,41.7784],[-110.8854,41.7744],[-110.8877,41.7681]],[[-109.8012,41.8482],[-109.7941,41.8588],[-109.7969,41.8626],[-109.7832,41.872],[-109.785,41.88]],[[-120.6713,41.8558],[-120.6931,41.8391],[-120.7284,41.8328]],[[-120.6713,41.8558],[-120.6554,41.8565],[-120.6475,41.8524],[-120.6247,41.8489],[-120.6145,41.8398],[-120.6027,41.8354],[-120.573,41.8338]],[[-112.1791,41.8573],[-112.1829,41.8499],[-112.1738,41.8322],[-112.1724,41.8196]],[[-112.1791,41.8573],[-112.1703,41.8284],[-112.1724,41.8196]],[[-121.7555,41.8574],[-121.7634,41.8577],[-121.7757,41.8638],[-121.7939,41.8651],[-121.8043,41.8775],[-121.8125,41.8966],[-121.8335,41.9195]],[[-121.7555,41.8574],[-121.7954,41.8871],[-121.8005,41.8958],[-121.7951,41.9023],[-121.8051,41.9151],[-121.8157,41.9196],[-121.8335,41.9195]],[[-120.9567,41.8595],[-120.9498,41.844],[-120.9408,41.8379],[-120.9285,41.8346],[-120.8899,41.8107],[-120.8446,41.7944],[-120.8362,41.8018],[-120.8217,41.8076],[-120.8202,41.8148],[-120.7906,41.8107],[-120.7856,41.8146],[-120.772,41.8156],[-120.7536,41.825],[-120.7469,41.8351]],[[-120.9567,41.8595],[-120.9625,41.8619],[-120.967,41.8688],[-120.9728,41.8696],[-120.9794,41.8788],[-120.9795,41.8859]],[[-112.1726,41.8623],[-112.1791,41.8573]],[[-112.1717,41.8658],[-112.1726,41.8623]],[[-112.1707,41.8664],[-112.1648,41.8731],[-112.1303,41.8725],[-112.1268,41.8697],[-112.125,41.8436]],[[-121.6983,41.8733],[-121.703,41.8662],[-121.7223,41.8701],[-121.7485,41.8578],[-121.7555,41.8574]],[[-109.785,41.88],[-109.7724,41.8925],[-109.7659,41.9136],[-109.7664,41.9271]],[[-103.7501,41.8819],[-103.731,41.8686],[-103.7234,41.8563],[-103.7216,41.8427],[-103.7102,41.8358],[-103.7119,41.8298],[-103.6805,41.8188],[-103.6162,41.8078]],[[-109.8104,41.8825],[-109.8033,41.8901]],[[-120.9795,41.8859],[-120.9719,41.8797],[-120.961,41.8769],[-120.9567,41.8595]],[[-120.9795,41.8859],[-120.991,41.8929],[-121.0218,41.8841],[-121.0557,41.8857],[-121.0671,41.8901]],[[-121.689,41.8891],[-121.6927,41.8778],[-121.6983,41.8733]],[[-121.689,41.8891],[-121.6922,41.8888],[-121.6983,41.8733]],[[-110.9124,41.8896],[-110.9215,41.8742],[-110.9164,41.8569],[-110.9088,41.8481]],[[-110.9124,41.8896],[-110.9059,41.886],[-110.9064,41.8743],[-110.901,41.8611],[-110.9088,41.8481]],[[-109.8033,41.8901],[-109.8013,41.878],[-109.8064,41.875],[-109.803,41.8686],[-109.8012,41.8482]],[[-109.8033,41.8901],[-109.7886,41.9039]],[[-121.0671,41.8901],[-121.0837,41.895],[-121.0942,41.9138]],[[-121.0671,41.8901],[-121.0942,41.9138]],[[-121.6842,41.8908],[-121.689,41.8891]],[[-121.6842,41.8908],[-121.6603,41.9023],[-121.6522,41.9028]],[[-121.1553,41.8995],[-121.1868,41.9011],[-121.214,41.8953],[-121.2268,41.9045],[-121.2497,41.9087],[-121.2605,41.9146],[-121.281,41.9106],[-121.2824,41.9222],[-121.2889,41.9292],[-121.2926,41.9267],[-121.3075,41.929],[-121.3103,41.9344],[-121.3239,41.9425],[-121.3295,41.9396],[-121.3373,41.9436],[-121.344,41.9594],[-121.346,41.9762]],[[-121.6522,41.9028],[-121.674,41.8923],[-121.6842,41.8908]],[[-109.7886,41.9039],[-109.8033,41.8901]],[[-109.7886,41.9039],[-109.7903,41.8877],[-109.785,41.88]],[[-109.7886,41.9039],[-109.7693,41.9248]],[[-121.142,41.904],[-121.1553,41.8994],[-121.1445,41.8969],[-121.142,41.904]],[[-110.6371,41.9048],[-110.6401,41.9176]],[[-110.6371,41.9048],[-110.6275,41.9112],[-110.6295,41.9175],[-110.6203,41.9248],[-110.5952,41.9298],[-110.5913,41.9366]],[[-110.6488,41.9124],[-110.6531,41.9061],[-110.6494,41.9036],[-110.6389,41.9008],[-110.6371,41.9048]],[[-110.6488,41.9124],[-110.6401,41.9176]],[[-121.0942,41.9138],[-121.1142,41.9139],[-121.1255,41.9195],[-121.1299,41.9119],[-121.142,41.904]],[[-110.6401,41.9176],[-110.6346,41.926],[-110.6133,41.9318],[-110.6044,41.9297],[-110.5945,41.9344]],[[-121.8335,41.9195],[-121.8421,41.9351],[-121.8519,41.938],[-121.8629,41.9634],[-121.8735,41.9814],[-121.884,41.9885],[-121.8886,42.0014]],[[-103.8294,41.9232],[-103.7703,41.8851],[-103.7501,41.8819]],[[-103.8294,41.9232],[-103.8108,41.9139],[-103.7872,41.9075],[-103.7501,41.8819]],[[-109.7693,41.9248],[-109.7664,41.9271]],[[-109.7664,41.9271],[-109.7574,41.9383],[-109.731,41.9453],[-109.7136,41.955]],[[-110.954,41.9272],[-110.919,41.9002],[-110.9124,41.8896]],[[-110.954,41.9272],[-110.952,41.9467],[-110.9472,41.9552],[-110.9469,41.9694],[-110.9368,41.9982],[-110.9367,42.0142],[-110.9318,42.0232],[-110.931,42.0383]],[[-113.1656,41.9327],[-113.1641,41.9344]],[[-103.9941,41.9331],[-103.9758,41.9078],[-103.928,41.8634],[-103.8933,41.8378],[-103.8599,41.8159],[-103.846,41.8137],[-103.8284,41.8017],[-103.8162,41.8037]],[[-103.9941,41.9331],[-103.9675,41.9263],[-103.9444,41.9242],[-103.8923,41.9284],[-103.88,41.9343]],[[-103.88,41.9343],[-103.8294,41.9232]],[[-113.1641,41.9344],[-113.1652,41.9413],[-113.1742,41.9504]],[[-110.5945,41.9344],[-110.5856,41.9519],[-110.569,41.9648],[-110.5586,41.9836],[-110.5387,42.0042]],[[-109.8891,41.935],[-109.8766,41.9339],[-109.8616,41.9247],[-109.8214,41.9091],[-109.7693,41.9248]],[[-109.957,41.935],[-109.9207,41.9179],[-109.8618,41.9041],[-109.8302,41.8864],[-109.818,41.8817],[-109.8104,41.8825]],[[-109.957,41.935],[-109.9376,41.9418]],[[-113.1325,41.9362],[-113.1641,41.9344]],[[-110.5913,41.9366],[-110.5945,41.9344]],[[-113.0876,41.94],[-113.0907,41.9482],[-113.1119,41.9594],[-113.1529,41.965]],[[-109.9376,41.9418],[-109.8891,41.935]],[[-112.7342,41.9464],[-112.75,41.9469],[-112.7771,41.9554],[-112.819,41.9541],[-112.8484,41.9491],[-112.8762,41.9554]],[[-112.7342,41.9464],[-112.7677,41.9591],[-112.8083,41.9672],[-112.8762,41.9554]],[[-113.1742,41.9504],[-113.1933,41.9589],[-113.1954,41.9723]],[[-110.7747,41.9505],[-110.7713,41.9394],[-110.7666,41.9369],[-110.707,41.9379],[-110.6488,41.9124]],[[-109.6982,41.9529],[-109.7002,41.9494],[-109.6941,41.9244],[-109.7128,41.8581],[-109.7193,41.849],[-109.7221,41.8367],[-109.7485,41.8087]],[[-109.6982,41.9529],[-109.6937,41.9549]],[[-109.7025,41.9546],[-109.6982,41.9529]],[[-109.7025,41.9546],[-109.6937,41.9549]],[[-109.6937,41.9549],[-109.6339,41.9876],[-109.6229,41.997]],[[-109.7136,41.955],[-109.7025,41.9546]],[[-112.8762,41.9554],[-113.133,41.9362],[-113.1517,41.9482],[-113.1742,41.9504]],[[-109.9968,41.9574],[-109.957,41.935]],[[-110.8392,41.9584],[-110.8287,41.9513],[-110.8189,41.9503],[-110.8106,41.9643]],[[-110.8106,41.9643],[-110.8232,41.9661],[-110.8392,41.9584]],[[-110.8106,41.9643],[-110.804,41.967],[-110.7908,41.9641],[-110.7747,41.9505]],[[-113.1529,41.965],[-113.1564,41.9672]],[[-109.9595,41.9652],[-109.9246,41.9463],[-109.8891,41.935]],[[-109.9617,41.966],[-109.9675,41.9615],[-109.9867,41.9612],[-109.9968,41.9574]],[[-109.9617,41.966],[-109.9474,41.9467],[-109.9376,41.9418]],[[-113.1564,41.9672],[-113.1529,41.965]],[[-113.1564,41.9672],[-113.1868,41.9735],[-113.1954,41.9723]],[[-113.1954,41.9723],[-113.2116,41.9712],[-113.2359,41.9835],[-113.277,41.9829],[-113.3057,42.0103],[-113.3514,42.0336],[-113.4384,42.0571]],[[-109.9834,41.9762],[-109.9803,41.9737]],[[-121.346,41.9762],[-121.3401,41.9969],[-121.3578,42.0052],[-121.3875,42.0089]],[[-121.346,41.9762],[-121.3562,41.9843]],[[-121.346,41.9762],[-121.348,41.9844],[-121.3569,41.9944],[-121.3875,42.0089]],[[-110.1052,41.9778],[-110.1457,41.9751],[-110.1931,41.9673],[-110.2107,41.9727],[-110.2411,41.9674],[-110.2626,41.9746],[-110.3066,41.9824],[-110.3899,41.9677],[-110.4011,41.978]],[[-110.1052,41.9778],[-110.087,41.9911],[-110.0637,41.9947],[-110.0557,42.0002],[-110.0494,42.0124]],[[-110.4011,41.978],[-110.3805,41.9842],[-110.3606,42.0011],[-110.3474,42.0271],[-110.3278,42.0392],[-110.3266,42.0534]],[[-110.4011,41.978],[-110.4263,41.9774],[-110.4464,41.9827],[-110.4588,41.997],[-110.4708,41.9954]],[[-110.0576,41.9813],[-110.0794,41.9753],[-110.1052,41.9778]],[[-110.0576,41.9813],[-110.0442,41.972],[-109.9968,41.9574]],[[-110.0576,41.9813],[-110.0572,41.9913],[-110.0505,42.001],[-110.0494,42.0124]],[[-109.9955,41.9822],[-109.9835,41.9762]],[[-109.9955,41.9822],[-109.9833,41.9763]],[[-109.9957,41.9822],[-109.9955,41.9822]],[[-121.3562,41.9843],[-121.3773,41.9845]],[[-121.3562,41.9843],[-121.3927,41.9984],[-121.4286,42]],[[-121.3773,41.9845],[-121.4948,41.9752],[-121.5091,41.9866]],[[-121.3773,41.9845],[-121.5091,41.9866]],[[-104.0891,41.9857],[-104.0698,41.9739],[-104.0648,41.9655],[-104.0398,41.9564],[-104.0178,41.9378],[-103.9941,41.9331]],[[-104.0891,41.9857],[-104.0394,41.9747],[-103.9751,41.9399],[-103.9517,41.932],[-103.9151,41.9303],[-103.8918,41.9361],[-103.88,41.9343]],[[-121.5091,41.9866],[-121.5227,42.0011]],[[-121.5953,41.9866],[-121.5985,41.9784],[-121.5922,41.9704],[-121.5913,41.962],[-121.5968,41.9511],[-121.599,41.9316],[-121.609,41.9223],[-121.6213,41.9213],[-121.6207,41.9105],[-121.633,41.9142],[-121.6447,41.9039],[-121.6522,41.9028]],[[-110.0078,41.988],[-109.997,41.9801],[-109.9617,41.966]],[[-110.0078,41.988],[-110.0425,41.9796],[-110.0503,41.9828],[-110.0576,41.9813]],[[-104.1,41.9948],[-104.0891,41.9857]],[[-110.4708,41.9954],[-110.4833,41.999],[-110.482,42.001],[-110.4888,42.0068]],[[-110.4708,41.9954],[-110.4562,42.0052],[-110.4517,42.0162],[-110.4345,42.0137],[-110.4249,42.0229],[-110.4099,42.0246],[-110.4174,42.0299],[-110.4142,42.0345]],[[-104.1023,41.9967],[-104.1,41.9948]],[[-109.6229,41.997],[-109.622,41.986],[-109.6082,41.9746],[-109.6051,41.9666],[-109.6054,41.956],[-109.6122,41.9495],[-109.6373,41.9423],[-109.6512,41.9331],[-109.6981,41.9529]],[[-113.823,41.9978],[-113.8176,42.0006]],[[-113.823,41.9978],[-113.8176,42.0006]],[[-121.4286,42],[-121.4816,42.0002]],[[-121.4286,42],[-121.4617,42.0053],[-121.5307,42.0075]],[[-121.4816,42.0002],[-121.5227,42.0011]],[[-121.4816,42.0002],[-121.5307,42.0075]],[[-113.8176,42.0006],[-113.794,42.0125],[-113.7489,42.0264],[-113.725,42.0257]],[[-121.5227,42.0011],[-121.534,42.009]],[[-121.8886,42.0014],[-121.8868,42.0051]],[[-121.8886,42.0014],[-121.8868,42.0051]],[[-110.0075,42.0017],[-110.0078,41.988]],[[-110.0075,42.0017],[-110.0035,41.999],[-109.9955,41.9822]],[[-110.5216,42.0033],[-110.5336,41.9887],[-110.5455,41.9608],[-110.5913,41.9366]],[[-110.5216,42.0033],[-110.4968,42.0029],[-110.4888,42.0068]],[[-104.1107,42.0042],[-104.1023,41.9967]],[[-104.1107,42.0042],[-104.1022,42.0016],[-104.1023,41.9967]],[[-110.5387,42.0042],[-110.5216,42.0033]],[[-121.8868,42.0051],[-121.8866,42.0068]],[[-110.4888,42.0068],[-110.4812,42.012],[-110.4735,42.0248],[-110.4629,42.0243],[-110.4389,42.0331],[-110.4142,42.0345]],[[-121.8866,42.0068],[-121.8898,42.0144]],[[-121.8866,42.0068],[-121.8898,42.0144]],[[-121.5307,42.0075],[-121.534,42.009]],[[-104.1051,42.0084],[-104.0978,42.001],[-104.1,41.9948]],[[-121.5609,42.0085],[-121.5948,41.998],[-121.5953,41.9866]],[[-121.5609,42.0085],[-121.5927,41.9915],[-121.5953,41.9866]],[[-121.3875,42.0089],[-121.408,42.0129],[-121.5014,42.0134],[-121.5405,42.0187]],[[-121.534,42.009],[-121.5405,42.0187]],[[-110.7959,42.011],[-110.7883,42.0051],[-110.788,41.9871],[-110.7927,41.9682],[-110.776,41.9549],[-110.7747,41.9505]],[[-109.8146,42.0118],[-109.8447,41.9849],[-109.8681,41.9546],[-109.8891,41.935]],[[-109.8146,42.0118],[-109.7449,41.9673],[-109.7136,41.955]],[[-109.8146,42.0118],[-109.8555,42.012],[-109.886,42.0077],[-109.9068,42.0013],[-109.9617,41.966]],[[-110.0494,42.0124],[-110.0126,42.0164]],[[-121.8898,42.0144],[-121.8997,42.0201]],[[-121.8898,42.0144],[-121.8978,42.0238],[-121.8942,42.037]],[[-110.0126,42.0164],[-110.0075,42.0017]],[[-110.0126,42.0164],[-109.9709,42.0191],[-109.9328,42.034],[-109.9095,42.0388],[-109.8524,42.0359],[-109.8146,42.0118]],[[-104.1059,42.0173],[-104.1051,42.0084]],[[-121.5405,42.0187],[-121.554,42.0186],[-121.5609,42.0085]],[[-110.902,42.0194],[-110.8985,42.0103],[-110.8844,42.0054],[-110.8781,41.9937],[-110.862,41.9824],[-110.8535,41.9691],[-110.8489,41.9683],[-110.8442,41.9605],[-110.8392,41.9584]],[[-110.902,42.0194],[-110.8966,42.0141],[-110.8642,42.0064],[-110.8574,42.0099],[-110.8509,42.0055],[-110.8451,42.0105],[-110.826,42.0073],[-110.8222,42.0082],[-110.8204,42.0134],[-110.8028,42.0138],[-110.7959,42.011]],[[-104.1371,42.0219],[-104.1294,42.0136],[-104.1107,42.0042]],[[-104.1371,42.0219],[-104.1051,42.0084]],[[-104.1469,42.026],[-104.1371,42.0219]],[[-104.1469,42.026],[-104.1295,42.0254],[-104.1059,42.0173]],[[-110.7985,42.0289],[-110.7947,42.0215],[-110.7959,42.011]],[[-110.7985,42.0289],[-110.7925,42.0323],[-110.7737,42.025],[-110.7582,42.0243],[-110.7434,42.0285],[-110.7091,42.0223],[-110.6925,42.0109],[-110.6842,42.0134],[-110.6753,42.0085],[-110.6753,42.0134],[-110.6531,42.0134],[-110.6302,42.0185],[-110.6227,42.018],[-110.6159,42.0081],[-110.6053,42.0138],[-110.5873,42.0152],[-110.5848,42.0234],[-110.5779,42.0198],[-110.5803,42.0118],[-110.5741,42.0039],[-110.5421,42.0072],[-110.5387,42.0042]],[[-104.1587,42.0318],[-104.1469,42.026]],[[-104.1587,42.0318],[-104.1279,42.0288],[-104.1085,42.0213],[-104.1059,42.0173]],[[-110.4142,42.0345],[-110.3891,42.0382],[-110.3674,42.0455],[-110.3467,42.0423],[-110.3266,42.0534]],[[-121.8942,42.037],[-121.8757,42.0385],[-121.8639,42.0501],[-121.8628,42.0572],[-121.9052,42.0921],[-121.9302,42.1245],[-121.9272,42.133],[-121.9316,42.1386],[-121.9498,42.149],[-121.9646,42.1466],[-121.975,42.1499],[-121.9805,42.1603],[-121.9903,42.1656],[-122.0044,42.1642],[-122.0038,42.1602],[-122.0128,42.1532],[-122.0293,42.1524]],[[-110.931,42.0383],[-110.9124,42.035],[-110.902,42.0194]],[[-110.931,42.0383],[-110.9309,42.0574],[-110.9433,42.0705],[-110.947,42.0828]],[[-104.2222,42.0488],[-104.1839,42.0423],[-104.1587,42.0318]],[[-110.3266,42.0534],[-110.2953,42.0688]],[[-110.8256,42.0553],[-110.8151,42.0376],[-110.7985,42.0289]],[[-113.4735,42.0634],[-113.4384,42.0571]],[[-113.4735,42.0634],[-113.5785,42.0542],[-113.6023,42.048],[-113.6198,42.0323],[-113.6397,42.0318],[-113.6836,42.0209],[-113.725,42.0257],[-113.7167,42.0287],[-113.7177,42.0335],[-113.7111,42.0381],[-113.706,42.0471],[-113.6996,42.0676],[-113.6785,42.0757],[-113.6706,42.0838],[-113.6544,42.0818],[-113.6452,42.0855],[-113.5918,42.1255],[-113.5835,42.1337],[-113.5768,42.1469]],[[-113.4735,42.0634],[-113.4525,42.062],[-113.4384,42.0571]],[[-110.8398,42.0637],[-110.839,42.0552],[-110.8256,42.0553]],[[-110.8398,42.0637],[-110.8256,42.0553]],[[-104.2551,42.066],[-104.2453,42.0561],[-104.2222,42.0488]],[[-104.2551,42.066],[-104.2222,42.0488]],[[-110.2953,42.0688],[-110.2391,42.0828],[-110.2247,42.0907],[-110.2219,42.0989],[-110.2088,42.1032]],[[-110.2953,42.0688],[-110.283,42.0811],[-110.2551,42.0881],[-110.2464,42.097],[-110.2306,42.1023],[-110.2088,42.1032]],[[-110.947,42.0828],[-110.928,42.083],[-110.9135,42.0748],[-110.8933,42.0746],[-110.8537,42.064],[-110.8398,42.0637]],[[-110.947,42.0828],[-110.9556,42.1117],[-110.968,42.1241],[-110.9701,42.1383],[-110.99,42.1671],[-111.0003,42.1743]],[[-104.3052,42.0845],[-104.2551,42.066]],[[-104.341,42.0955],[-104.3222,42.0873],[-104.3052,42.0845]],[[-104.341,42.0955],[-104.3215,42.0916],[-104.3052,42.0845]],[[-110.2088,42.1032],[-110.2051,42.1201]],[[-110.2051,42.1201],[-110.2252,42.1251],[-110.2316,42.1316],[-110.2279,42.1347],[-110.2136,42.133],[-110.1911,42.1553]],[[-113.5768,42.1469],[-113.572,42.1547]],[[-113.5768,42.1469],[-113.5755,42.1584],[-113.5675,42.1683]],[[-122.0293,42.1524],[-122.0167,42.1394],[-121.9962,42.1271],[-121.9815,42.1117],[-121.9441,42.0895],[-121.8942,42.037]],[[-122.0293,42.1524],[-122.0411,42.1524],[-122.0756,42.1427],[-122.0959,42.1414],[-122.1151,42.1452],[-122.1463,42.1382],[-122.2024,42.1487],[-122.2233,42.16],[-122.2341,42.1573],[-122.2803,42.1584],[-122.414,42.1064],[-122.4803,42.1304],[-122.4837,42.1246],[-122.4992,42.1175],[-122.5381,42.116],[-122.5715,42.1366],[-122.5891,42.1426],[-122.6057,42.1618],[-122.6204,42.1706],[-122.6365,42.1861],[-122.692,42.1966],[-122.783,42.2449],[-122.8383,42.2922]],[[-113.572,42.1547],[-113.5676,42.1659]],[[-113.572,42.1547],[-113.5676,42.1659]],[[-110.1911,42.1553],[-110.2083,42.1275],[-110.2063,42.1235],[-110.2007,42.1233],[-110.2051,42.1201]],[[-110.1911,42.1553],[-110.194,42.1678],[-110.1918,42.1743],[-110.1863,42.1773]],[[-113.5676,42.1659],[-113.5675,42.1683]],[[-113.5675,42.1683],[-113.559,42.2171],[-113.564,42.2364],[-113.5624,42.2476],[-113.5527,42.2572],[-113.534,42.2687],[-113.5232,42.2718]],[[-111.0003,42.1743],[-111.0229,42.1816],[-111.0555,42.1864],[-111.0768,42.1831],[-111.094,42.1749],[-111.106,42.1583],[-111.1215,42.1492],[-111.1339,42.1344],[-111.1426,42.1336],[-111.1491,42.1426],[-111.1478,42.1806],[-111.1512,42.2038],[-111.1571,42.2135]],[[-111.0003,42.1743],[-111.0184,42.1901],[-111.0391,42.2147],[-111.061,42.2203]],[[-104.504,42.1744],[-104.4983,42.1721],[-104.4864,42.1763]],[[-104.504,42.1744],[-104.4947,42.1791]],[[-104.4758,42.176],[-104.4706,42.1685],[-104.448,42.1615],[-104.4277,42.1452],[-104.4012,42.1305],[-104.3941,42.1176],[-104.3823,42.1096],[-104.3727,42.1054],[-104.3522,42.1029],[-104.341,42.0955]],[[-104.4864,42.1763],[-104.4758,42.176]],[[-110.1863,42.1773],[-110.1841,42.1819],[-110.165,42.192]],[[-110.1863,42.1773],[-110.1686,42.1804],[-110.1583,42.194]],[[-104.4947,42.1791],[-104.4864,42.1763]],[[-109.3609,42.1911],[-109.405,42.1534],[-109.4302,42.1419],[-109.4435,42.1136],[-109.5178,42.0777],[-109.5556,42.0504],[-109.5733,42.0285],[-109.5904,42.019],[-109.5973,42.0108],[-109.6229,41.997]],[[-110.165,42.192],[-110.1583,42.194]],[[-110.165,42.192],[-110.1563,42.2016],[-110.1476,42.2031]],[[-110.1583,42.194],[-110.1495,42.1977],[-110.1476,42.2031]],[[-104.5277,42.1959],[-104.5169,42.1881],[-104.4947,42.1791]],[[-104.5277,42.1959],[-104.501,42.1936],[-104.4928,42.1859],[-104.4777,42.181],[-104.4758,42.176]],[[-104.5511,42.2004],[-104.5139,42.1767],[-104.504,42.1744]],[[-104.5511,42.2004],[-104.538,42.1999],[-104.5277,42.1959]],[[-104.5558,42.2025],[-104.5511,42.2004]],[[-104.5615,42.209],[-104.5558,42.2025]],[[-104.5295,42.2096],[-104.535,42.2103]],[[-104.535,42.2103],[-104.5277,42.1959]],[[-111.1571,42.2135],[-111.1798,42.2168]],[[-111.1571,42.2135],[-111.1681,42.2213]],[[-104.5961,42.2161],[-104.575,42.2092],[-104.5615,42.209]],[[-104.5961,42.2161],[-104.586,42.2206],[-104.5709,42.2208]],[[-111.1847,42.2162],[-111.193,42.2207],[-111.1963,42.231],[-111.2237,42.2376],[-111.2374,42.2475],[-111.2499,42.266],[-111.2589,42.2657],[-111.2642,42.26],[-111.27,42.2609],[-111.2898,42.2969]],[[-104.6041,42.2165],[-104.5846,42.2052],[-104.5558,42.2025]],[[-104.6041,42.2165],[-104.5961,42.2161]],[[-111.1798,42.2168],[-111.1811,42.217]],[[-111.1811,42.217],[-111.1856,42.2182],[-111.1864,42.2369],[-111.1903,42.2453],[-111.2165,42.2515],[-111.2277,42.2674],[-111.242,42.2783],[-111.2898,42.2969]],[[-104.5655,42.2174],[-104.5609,42.2133],[-104.5615,42.209]],[[-104.6148,42.2176],[-104.6041,42.2165]],[[-111.1766,42.2197],[-111.1798,42.2168]],[[-111.1766,42.2197],[-111.1784,42.2212],[-111.1811,42.217]],[[-111.061,42.2203],[-111.0685,42.2216]],[[-111.061,42.2203],[-111.0935,42.2159],[-111.105,42.2219]],[[-104.5709,42.2208],[-104.5655,42.2174]],[[-104.5709,42.2208],[-104.5649,42.2219]],[[-111.0685,42.2216],[-111.0865,42.2193],[-111.105,42.2219]],[[-111.0685,42.2216],[-111.0968,42.2248]],[[-104.5649,42.2219],[-104.5655,42.2174]],[[-104.5649,42.2219],[-104.5502,42.2236]],[[-111.105,42.2219],[-111.1085,42.224]],[[-104.664,42.2223],[-104.6148,42.2176]],[[-104.5502,42.2236],[-104.544,42.2135],[-104.535,42.2103]],[[-111.1085,42.224],[-111.1106,42.2311]],[[-111.0968,42.2248],[-111.1085,42.224]],[[-111.0968,42.2248],[-111.1106,42.2311]],[[-104.7229,42.2252],[-104.6984,42.2253],[-104.6848,42.2209],[-104.664,42.2223]],[[-104.5676,42.2255],[-104.5649,42.2219]],[[-104.5676,42.2255],[-104.5502,42.2236]],[[-109.2838,42.2259],[-109.3114,42.2064],[-109.3609,42.1911]],[[-109.2838,42.2259],[-109.3214,42.216],[-109.3315,42.2095],[-109.3355,42.2]],[[-104.6742,42.2299],[-104.664,42.2223]],[[-104.6262,42.2299],[-104.6057,42.2263],[-104.5918,42.2302],[-104.5676,42.2255]],[[-104.637,42.2307],[-104.6148,42.2176]],[[-104.637,42.2307],[-104.6262,42.2299]],[[-111.1106,42.2311],[-111.1188,42.2344],[-111.1766,42.2197]],[[-109.464,42.2342],[-109.432,42.2173],[-109.4038,42.2102],[-109.3658,42.1956],[-109.3609,42.1911]],[[-109.464,42.2342],[-109.4728,42.2332],[-109.4849,42.2377],[-109.6072,42.2441]],[[-109.464,42.2342],[-109.4324,42.2441],[-109.4055,42.2444],[-109.3913,42.2413]],[[-104.6421,42.2348],[-104.637,42.2307]],[[-104.6421,42.2348],[-104.6309,42.2346],[-104.6262,42.2299]],[[-104.6767,42.2386],[-104.6742,42.2299]],[[-104.6767,42.2386],[-104.6692,42.2399]],[[-104.6767,42.2386],[-104.6721,42.2433]],[[-104.6692,42.2399],[-104.6629,42.2356],[-104.6421,42.2348]],[[-109.3913,42.2413],[-109.3753,42.2382],[-109.3234,42.2509],[-109.3046,42.2601],[-109.2282,42.258]],[[-109.3913,42.2413],[-109.4122,42.2407],[-109.4295,42.2443]],[[-104.5877,42.2426],[-104.5805,42.243],[-104.5657,42.2349],[-104.5385,42.2271],[-104.5394,42.217],[-104.5295,42.2096]],[[-104.6721,42.2433],[-104.6692,42.2399]],[[-104.6119,42.2436],[-104.603,42.2356],[-104.5877,42.2426]],[[-104.6119,42.2436],[-104.5877,42.2426]],[[-109.6072,42.2441],[-109.6164,42.2441]],[[-109.6072,42.2441],[-109.6164,42.2441]],[[-109.6164,42.2441],[-109.6567,42.2457],[-109.8003,42.262],[-109.8015,42.2645],[-109.8282,42.2613],[-109.8397,42.2631]],[[-104.677,42.2454],[-104.6767,42.2386]],[[-104.677,42.2454],[-104.6721,42.2433]],[[-104.6796,42.246],[-104.6822,42.2397],[-104.6742,42.2299]],[[-104.6796,42.246],[-104.677,42.2454]],[[-104.799,42.2481],[-104.8609,42.2746],[-104.8868,42.2817],[-104.9108,42.2988],[-104.9448,42.2987],[-104.9969,42.29],[-105.004,42.2852],[-105.022,42.2882],[-105.0317,42.2945],[-105.0432,42.2942],[-105.0559,42.3001],[-105.0593,42.3141],[-105.0773,42.3274],[-105.0881,42.3323],[-105.123,42.3381],[-105.1325,42.3488]],[[-104.7851,42.2482],[-104.7836,42.2385],[-104.7703,42.2254],[-104.7546,42.2229],[-104.7229,42.2252]],[[-104.7851,42.2482],[-104.799,42.2481]],[[-104.722,42.249],[-104.7202,42.2445],[-104.7261,42.2333],[-104.7229,42.2252]],[[-104.722,42.249],[-104.6796,42.246]],[[-104.7721,42.2553],[-104.7851,42.2482]],[[-104.7503,42.2563],[-104.722,42.249]],[[-104.7503,42.2563],[-104.7534,42.2609],[-104.7606,42.2577]],[[-104.7606,42.2577],[-104.7721,42.2553]],[[-104.7606,42.2577],[-104.7503,42.2563]],[[-109.2282,42.258],[-109.2495,42.2432],[-109.2838,42.2259]],[[-104.7707,42.2601],[-104.7721,42.2553]],[[-104.7707,42.2601],[-104.7606,42.2577]],[[-109.8397,42.2631],[-109.8551,42.2605],[-109.8579,42.2636]],[[-109.8397,42.2631],[-109.8579,42.2636]],[[-109.8579,42.2636],[-109.8917,42.264],[-110.002,42.2433],[-110.0661,42.2434],[-110.0714,42.2391],[-110.0895,42.2343],[-110.0915,42.2297],[-110.1019,42.2263],[-110.1063,42.2183],[-110.137,42.2045],[-110.1476,42.2031]],[[-113.5232,42.2718],[-113.5127,42.2778]],[[-113.5232,42.2718],[-113.5157,42.2731],[-113.5127,42.2778]],[[-112.8249,42.2725],[-112.8168,42.2712],[-112.8056,42.275]],[[-113.4362,42.274],[-113.4256,42.2706],[-113.417,42.274]],[[-113.4362,42.274],[-113.4209,42.3075],[-113.3786,42.3582],[-113.344,42.381],[-113.3315,42.404],[-113.3332,42.4159],[-113.2986,42.4612],[-113.2669,42.4958],[-113.2611,42.5067]],[[-113.417,42.274],[-113.3768,42.2789]],[[-113.417,42.274],[-113.3843,42.2703],[-113.3768,42.2789]],[[-112.7894,42.2741],[-112.7567,42.2616],[-112.7166,42.2653],[-112.711,42.2689],[-112.6837,42.267],[-112.6689,42.2691],[-112.6646,42.2665],[-112.647,42.2665],[-112.637,42.2619],[-112.6229,42.2617],[-112.6121,42.2913],[-112.6094,42.3076],[-112.5966,42.3257],[-112.5781,42.3321],[-112.5581,42.3267],[-112.5531,42.3291]],[[-112.8056,42.275],[-112.7964,42.2722],[-112.7894,42.2741]],[[-112.8056,42.275],[-112.7894,42.2741]],[[-113.5127,42.2778],[-113.4956,42.2813],[-113.4867,42.2772],[-113.4362,42.274]],[[-113.3768,42.2789],[-113.3601,42.2796],[-113.3378,42.2743],[-113.3193,42.2775],[-113.2363,42.2804],[-113.1842,42.2915],[-113.1452,42.3036],[-113.1249,42.306],[-113.0966,42.3012],[-113.0759,42.3039],[-113.062,42.3101],[-113.0463,42.3243],[-112.9727,42.3308],[-112.949,42.3288],[-112.9391,42.3154],[-112.9362,42.301]],[[-112.8583,42.2808],[-112.8249,42.2725]],[[-112.8583,42.2808],[-112.8506,42.2874],[-112.8391,42.2864],[-112.8249,42.2725]],[[-104.8422,42.2818],[-104.841,42.2777],[-104.8072,42.257],[-104.799,42.2481]],[[-109.0672,42.2821],[-109.0963,42.2786],[-109.1067,42.2821],[-109.1169,42.2913],[-109.1293,42.2932],[-109.1708,42.2714],[-109.2282,42.258]],[[-109.0493,42.2881],[-109.0672,42.2821]],[[-109.0493,42.2881],[-109.0317,42.2807],[-109.0194,42.2833],[-108.9999,42.2941]],[[-104.8366,42.2901],[-104.8422,42.2818]],[[-104.8366,42.2901],[-104.8006,42.2802],[-104.7707,42.2601]],[[-112.9324,42.2908],[-112.9281,42.2845],[-112.9187,42.2817],[-112.9155,42.2711],[-112.9176,42.269],[-112.9138,42.2668],[-112.8583,42.2808]],[[-122.8383,42.2922],[-122.8795,42.3353],[-122.8845,42.3522],[-122.8968,42.3674],[-122.9168,42.3736],[-122.9539,42.3763]],[[-104.8401,42.2928],[-104.8422,42.2818]],[[-104.8401,42.2928],[-104.8366,42.2901]],[[-109,42.294],[-108.9954,42.2948]],[[-111.2898,42.2969],[-111.2936,42.2998],[-111.2954,42.3141],[-111.3003,42.3217],[-111.2992,42.3455],[-111.3087,42.3616],[-111.3121,42.3813],[-111.337,42.4135],[-111.3407,42.4325],[-111.3523,42.4432],[-111.3864,42.4934],[-111.3934,42.5171],[-111.4079,42.534],[-111.4392,42.5553],[-111.4799,42.59],[-111.4918,42.6063],[-111.5081,42.6171],[-111.5123,42.6264],[-111.5511,42.6429],[-111.5952,42.6525],[-111.6422,42.6563],[-111.6817,42.6491],[-111.7202,42.6511]],[[-112.9362,42.301],[-112.9324,42.2908]],[[-112.9362,42.301],[-112.9324,42.2908]],[[-104.8696,42.306],[-104.8487,42.3005],[-104.8401,42.2928]],[[-108.9789,42.3061],[-108.9912,42.2994],[-108.9954,42.2948],[-108.9789,42.3061]],[[-108.9789,42.3061],[-108.9651,42.309],[-108.9572,42.3291]],[[-108.9782,42.3064],[-108.9698,42.3115],[-108.9652,42.3197]],[[-108.9999,42.3178],[-109.0569,42.2907],[-109.0672,42.2821]],[[-108.9652,42.3197],[-108.9778,42.3121],[-109.0493,42.2881]],[[-104.8909,42.3206],[-104.8885,42.3133],[-104.8696,42.306]],[[-104.8909,42.3206],[-104.8696,42.306]],[[-108.9582,42.329],[-108.9699,42.3304],[-108.9999,42.3178]],[[-112.5531,42.3291],[-112.539,42.3317],[-112.4917,42.3269],[-112.4699,42.3289],[-112.4642,42.3318],[-112.4499,42.3553]],[[-112.5531,42.3291],[-112.5481,42.337],[-112.5478,42.3447],[-112.527,42.3407],[-112.5063,42.3455],[-112.492,42.3422],[-112.487,42.3327],[-112.4775,42.3287]],[[-108.9094,42.34],[-108.9327,42.3382],[-108.9546,42.3317],[-108.9652,42.3197]],[[-108.8743,42.3446],[-108.8878,42.3391],[-108.9094,42.34]],[[-108.8743,42.3446],[-108.8548,42.3492]],[[-108.8743,42.3446],[-108.9094,42.34]],[[-108.7764,42.3452],[-108.7639,42.333],[-108.7343,42.3448],[-108.7072,42.3449],[-108.6513,42.369]],[[-105.1325,42.3488],[-105.1401,42.3589],[-105.1557,42.3694]],[[-108.8488,42.3491],[-108.8654,42.3469]],[[-108.8548,42.3492],[-108.7817,42.3445],[-108.7728,42.3459],[-108.7545,42.3572]],[[-112.45,42.3553],[-112.4534,42.3631],[-112.4484,42.3728]],[[-112.45,42.3554],[-112.4467,42.3594],[-112.4484,42.3728]],[[-108.7545,42.3572],[-108.734,42.3684]],[[-108.7545,42.3572],[-108.7637,42.3614],[-108.8105,42.3656],[-108.8548,42.3492]],[[-108.6966,42.3681],[-108.7101,42.3651],[-108.7265,42.3703]],[[-108.6966,42.3681],[-108.6654,42.3763],[-108.6513,42.369]],[[-108.734,42.3684],[-108.7312,42.3694]],[[-108.734,42.3684],[-108.7226,42.3793]],[[-108.6513,42.369],[-108.592,42.3909],[-108.588,42.3903],[-108.5866,42.3866],[-108.538,42.3733],[-108.5107,42.3744],[-108.4897,42.3789],[-108.472,42.3909],[-108.4572,42.3922],[-108.425,42.3879],[-108.3842,42.4033],[-108.3663,42.4035]],[[-108.7312,42.3694],[-108.7154,42.3721]],[[-108.7312,42.3694],[-108.7212,42.3779]],[[-105.1557,42.3694],[-105.1506,42.3605],[-105.1325,42.3488]],[[-105.1557,42.3694],[-105.1607,42.3829],[-105.1799,42.4051],[-105.182,42.421]],[[-108.7154,42.3721],[-108.6966,42.3681]],[[-112.4484,42.3728],[-112.4543,42.3756],[-112.4473,42.3805]],[[-112.4484,42.3728],[-112.4441,42.3775],[-112.4473,42.3805]],[[-122.9539,42.3763],[-122.9435,42.3543],[-122.9603,42.3326],[-122.9662,42.3141],[-122.9412,42.3033],[-122.9157,42.3011],[-122.8837,42.293],[-122.8383,42.2922]],[[-122.9539,42.3763],[-122.9907,42.3921],[-123.018,42.399],[-123.0315,42.4075],[-123.0303,42.4148],[-123.0337,42.4188],[-123.0502,42.428],[-123.0695,42.4314],[-123.0874,42.4317],[-123.0961,42.4272],[-123.1124,42.4251],[-123.1226,42.4175],[-123.1262,42.4095],[-123.1382,42.4052],[-123.1539,42.4092],[-123.1726,42.4314],[-123.1976,42.4184],[-123.2232,42.418],[-123.2638,42.4251],[-123.2867,42.4251],[-123.3032,42.4217],[-123.3263,42.428],[-123.3579,42.4236],[-123.3618,42.4262],[-123.3591,42.4415],[-123.367,42.4514],[-123.3623,42.464],[-123.3827,42.4849],[-123.3811,42.4916],[-123.3728,42.4998],[-123.3753,42.5116],[-123.3875,42.5351],[-123.3831,42.5697],[-123.3897,42.5897],[-123.3824,42.5994],[-123.3775,42.6155],[-123.3833,42.6254],[-123.3765,42.6348],[-123.3736,42.6564],[-123.3835,42.6814],[-123.3947,42.6908],[-123.3945,42.6947],[-123.3814,42.6988],[-123.3635,42.7109],[-123.3714,42.7193],[-123.3678,42.7371],[-123.3712,42.7411],[-123.3726,42.7547],[-123.3378,42.7714],[-123.31,42.7716],[-123.295,42.7792],[-123.2683,42.7846],[-123.2623,42.787],[-123.2519,42.8],[-123.2491,42.806],[-123.2601,42.8177],[-123.259,42.8262],[-123.2507,42.8437],[-123.2534,42.8501],[-123.246,42.856],[-123.2446,42.8703],[-123.2366,42.894],[-123.2497,42.8974],[-123.2505,42.9036],[-123.2603,42.9069],[-123.2651,42.9142],[-123.2696,42.9138],[-123.2686,42.9167],[-123.275,42.9216],[-123.281,42.935],[-123.2928,42.9483],[-123.328,42.9511],[-123.3232,42.9602],[-123.3304,42.9665],[-123.3275,42.9759],[-123.3191,42.9882],[-123.2934,43.0104],[-123.2916,43.0155],[-123.293,43.0246],[-123.301,43.032],[-123.3138,43.031],[-123.3296,43.0388],[-123.3267,43.0488],[-123.3327,43.058],[-123.3418,43.0649],[-123.3559,43.0682],[-123.3663,43.0841],[-123.3654,43.1036],[-123.3537,43.1092],[-123.3404,43.138],[-123.3498,43.1512],[-123.3509,43.1583],[-123.3443,43.1758],[-123.3431,43.1895],[-123.3478,43.2008],[-123.339,43.2118],[-123.3389,43.2166],[-123.364,43.2218],[-123.3918,43.2379],[-123.3964,43.2429],[-123.3976,43.2507],[-123.4146,43.2706],[-123.4116,43.2743],[-123.3992,43.2777],[-123.3703,43.3118],[-123.3413,43.3188],[-123.3374,43.3252],[-123.337,43.3411],[-123.3296,43.3613],[-123.3304,43.3698],[-123.3363,43.3794],[-123.3344,43.4021],[-123.3115,43.4363],[-123.3207,43.4468],[-123.3232,43.4555],[-123.3139,43.4657],[-123.3091,43.4782],[-123.3132,43.4919],[-123.3192,43.4989],[-123.3114,43.5116],[-123.3092,43.5246],[-123.2911,43.5367],[-123.2786,43.5635],[-123.2717,43.57]],[[-108.7212,42.3779],[-108.7154,42.3721]],[[-108.7212,42.3779],[-108.7159,42.3802]],[[-108.7226,42.3793],[-108.7212,42.3779]],[[-108.7226,42.3793],[-108.7159,42.3802]],[[-108.7226,42.3793],[-108.739,42.3928],[-108.7991,42.4207],[-108.8151,42.4165],[-108.8924,42.4275],[-108.9299,42.4233],[-108.9512,42.4262],[-108.9644,42.4353],[-108.9719,42.4339],[-108.9813,42.4371],[-108.9957,42.4476],[-109.0101,42.4372],[-109.0152,42.4289],[-109.0292,42.4395],[-109.0557,42.4399],[-109.0609,42.4465],[-109.0835,42.4518],[-109.0949,42.4674],[-109.1141,42.482],[-109.1339,42.4933],[-109.153,42.499],[-109.1587,42.5063],[-109.1713,42.5095],[-109.2148,42.5403],[-109.229,42.5456]],[[-108.7159,42.3802],[-108.7088,42.396],[-108.6437,42.4354],[-108.5937,42.4402],[-108.5607,42.4355]],[[-112.4473,42.3805],[-112.4412,42.3863],[-112.4416,42.4023],[-112.4331,42.4237],[-112.4225,42.4351],[-112.4155,42.4657],[-112.3984,42.4814],[-112.3917,42.4926],[-112.3791,42.4998],[-112.3684,42.5198],[-112.3611,42.5247],[-112.3128,42.5462],[-112.2714,42.5455],[-112.2514,42.5493],[-112.226,42.54],[-112.2104,42.5425],[-112.1878,42.5376],[-112.169,42.5414],[-112.1665,42.5464],[-112.1741,42.5723],[-112.1687,42.5727],[-112.1467,42.5886],[-112.1318,42.5858],[-112.1194,42.5876],[-112.1102,42.6063],[-112.0953,42.615],[-112.0707,42.615],[-112.0271,42.6016]],[[-108.3663,42.4035],[-108.3493,42.4111],[-108.3417,42.4095],[-108.3371,42.414],[-108.3269,42.4151]],[[-108.3663,42.4035],[-108.3584,42.3992],[-108.3456,42.3987],[-108.3335,42.4036],[-108.3269,42.4151]],[[-108.3269,42.4151],[-108.3044,42.4262],[-108.2675,42.4559],[-108.2495,42.4594],[-108.2233,42.4751],[-108.2104,42.4762],[-108.1856,42.486],[-108.1424,42.5115]],[[-105.182,42.421],[-105.191,42.438],[-105.2201,42.4444]],[[-108.5607,42.4355],[-108.5462,42.4358]],[[-108.5607,42.4355],[-108.5392,42.4421]],[[-108.5462,42.4358],[-108.5392,42.4421]],[[-108.5392,42.4421],[-108.5365,42.4429]],[[-108.5365,42.4429],[-108.527,42.4429]],[[-108.5365,42.4429],[-108.5231,42.4464]],[[-108.527,42.4429],[-108.5343,42.4374],[-108.5462,42.4358]],[[-108.527,42.4429],[-108.5117,42.4482]],[[-105.2201,42.4444],[-105.1956,42.427],[-105.182,42.421]],[[-105.2201,42.4444],[-105.2231,42.4569],[-105.2452,42.4692]],[[-108.5231,42.4464],[-108.527,42.4429]],[[-108.5231,42.4464],[-108.5117,42.4482]],[[-108.5117,42.4482],[-108.4906,42.4488]],[[-108.4906,42.4488],[-108.4497,42.4532]],[[-108.4351,42.4505],[-108.4588,42.4409],[-108.4772,42.4433],[-108.4906,42.4488]],[[-108.4497,42.4532],[-108.4351,42.4505]],[[-108.4497,42.4532],[-108.4346,42.4641],[-108.4246,42.4652],[-108.4155,42.4623],[-108.4131,42.4714],[-108.4062,42.4718],[-108.3978,42.4656],[-108.3923,42.4654]],[[-107.5408,42.458],[-107.5066,42.4607]],[[-107.5408,42.458],[-107.5351,42.4628],[-107.5209,42.4661]],[[-107.5066,42.4607],[-107.4563,42.4631],[-107.4466,42.4677],[-107.4147,42.4732],[-107.4025,42.4803]],[[-107.1667,42.4639],[-107.1481,42.4747]],[[-107.1667,42.4639],[-107.1496,42.4663],[-107.1481,42.4747]],[[-108.3923,42.4654],[-108.3951,42.4579],[-108.4091,42.4494],[-108.4273,42.4478],[-108.4351,42.4505]],[[-108.3923,42.4654],[-108.3635,42.4784],[-108.3571,42.4777],[-108.3501,42.4819],[-108.3019,42.493]],[[-107.5209,42.4661],[-107.5066,42.4607]],[[-107.5209,42.4661],[-107.4905,42.4738],[-107.4667,42.4723],[-107.4545,42.4747],[-107.4247,42.4861],[-107.4025,42.4803]],[[-107.5934,42.4663],[-107.5408,42.458]],[[-105.2452,42.4692],[-105.2511,42.4961],[-105.2623,42.5167]],[[-105.0325,42.4745],[-104.9868,42.4388],[-104.9773,42.4119],[-104.9566,42.3856],[-104.9524,42.3755],[-104.9443,42.3708],[-104.9463,42.3602],[-104.9376,42.3455],[-104.9222,42.3384],[-104.9165,42.3321],[-104.9043,42.3325],[-104.8909,42.3206]],[[-107.1481,42.4747],[-107.1473,42.4805]],[[-107.6158,42.4785],[-107.6034,42.4707],[-107.6014,42.4664],[-107.5934,42.4663]],[[-107.6158,42.4785],[-107.5934,42.4663]],[[-107.4025,42.4803],[-107.3946,42.4795],[-107.3547,42.4554],[-107.2747,42.4386],[-107.2312,42.4379],[-107.1971,42.4474],[-107.1667,42.4639]],[[-107.1473,42.4805],[-107.134,42.4873]],[[-105.0882,42.4851],[-105.0803,42.4802],[-105.0325,42.4745]],[[-105.0882,42.4851],[-105.0905,42.4885],[-105.1009,42.488]],[[-107.134,42.4873],[-107.1155,42.4936],[-107.1124,42.498]],[[-107.134,42.4873],[-107.1214,42.4963]],[[-105.1009,42.488],[-105.0882,42.4851]],[[-104.853,42.4919],[-104.8365,42.4679],[-104.8345,42.4524],[-104.8263,42.4438],[-104.8287,42.4329],[-104.815,42.4159],[-104.811,42.4028],[-104.8158,42.379],[-104.8238,42.3667],[-104.8148,42.347],[-104.8018,42.3366],[-104.7914,42.3462],[-104.784,42.3486],[-104.776,42.3456],[-104.7647,42.347],[-104.7597,42.3422],[-104.7352,42.335],[-104.7343,42.3291],[-104.7247,42.3223],[-104.7145,42.2954],[-104.7075,42.29],[-104.6928,42.2883],[-104.6836,42.2806],[-104.6706,42.2769],[-104.6432,42.2544],[-104.6282,42.249],[-104.6228,42.2436],[-104.6119,42.2436]],[[-108.3019,42.493],[-108.2904,42.4921],[-108.2855,42.4952]],[[-108.3019,42.493],[-108.2956,42.4974],[-108.2855,42.4952]],[[-108.2855,42.4952],[-108.2702,42.5116],[-108.2501,42.516],[-108.2364,42.514]],[[-107.1214,42.4963],[-107.144,42.4902],[-107.1473,42.4805]],[[-107.1214,42.4963],[-107.1124,42.498]],[[-107.1124,42.498],[-107.0691,42.5189],[-107.0361,42.5404],[-107.0009,42.5827],[-106.9863,42.5892],[-106.9811,42.5983],[-106.9753,42.6018],[-106.9227,42.6164],[-106.8994,42.6315],[-106.8691,42.6348],[-106.8336,42.6499]],[[-104.8776,42.5026],[-104.853,42.4919]],[[-104.8776,42.5026],[-104.8603,42.5023],[-104.853,42.4919]],[[-107.8491,42.5089],[-107.8355,42.5],[-107.8144,42.493],[-107.7872,42.4916],[-107.7736,42.4956],[-107.7513,42.5134]],[[-107.8491,42.5089],[-107.8859,42.5096],[-107.9044,42.5137],[-107.9268,42.5247]],[[-105.3014,42.5094],[-105.2452,42.4692]],[[-105.3014,42.5094],[-105.2623,42.5167]],[[-108.2224,42.5099],[-108.213,42.5132],[-108.1602,42.5141],[-108.1424,42.5115]],[[-107.7233,42.511],[-107.6711,42.4916],[-107.6314,42.4876],[-107.6158,42.4785]],[[-107.7233,42.511],[-107.7513,42.5134]],[[-108.1424,42.5115],[-108.0608,42.5209],[-108.0169,42.515],[-107.9822,42.524],[-107.9518,42.5214],[-107.9268,42.5247]],[[-105.2035,42.5128],[-105.1971,42.5102],[-105.194,42.5022],[-105.1215,42.4982],[-105.1009,42.488]],[[-107.7513,42.5134],[-107.7648,42.5169],[-107.7849,42.5115],[-107.8298,42.5133],[-107.8491,42.5089]],[[-108.2364,42.514],[-108.2295,42.5096],[-108.2224,42.5099]],[[-108.2364,42.514],[-108.2325,42.5162],[-108.2224,42.5099]],[[-105.2623,42.5167],[-105.2384,42.5212],[-105.223,42.5096],[-105.2035,42.5128]],[[-105.2623,42.5167],[-105.2593,42.524],[-105.2626,42.5295],[-105.2749,42.5285],[-105.3012,42.5353]],[[-107.8562,42.5239],[-107.8494,42.5242]],[[-107.8562,42.5239],[-107.8536,42.5217],[-107.8494,42.5242]],[[-107.874,42.5241],[-107.8562,42.5239]],[[-107.8494,42.5242],[-107.8194,42.527]],[[-107.8494,42.5242],[-107.8326,42.5286],[-107.8194,42.527]],[[-107.9268,42.5247],[-107.9155,42.5278],[-107.9045,42.5263]],[[-107.9045,42.5263],[-107.8897,42.5193],[-107.8812,42.5198],[-107.874,42.5241]],[[-107.9045,42.5263],[-107.874,42.5241]],[[-107.8194,42.527],[-107.8052,42.5259],[-107.7967,42.5286]],[[-107.8194,42.527],[-107.7967,42.5286]],[[-107.7967,42.5286],[-107.7775,42.5289],[-107.7685,42.5225],[-107.7376,42.5185],[-107.7233,42.511]],[[-105.0174,42.5327],[-105.0178,42.5152],[-105.0325,42.4745]],[[-113.2634,42.5349],[-113.2691,42.5279],[-113.2709,42.5123],[-113.2611,42.5067]],[[-113.2634,42.5349],[-113.2569,42.5238],[-113.2611,42.5067]],[[-105.3012,42.5353],[-105.3007,42.5297],[-105.3078,42.5178],[-105.3033,42.5134],[-105.3044,42.5099],[-105.3014,42.5094]],[[-105.3012,42.5353],[-105.3077,42.543],[-105.3025,42.5528]],[[-109.229,42.5456],[-109.2315,42.5532],[-109.2401,42.5567],[-109.247,42.5647],[-109.2592,42.5625]],[[-105.2925,42.5511],[-105.2613,42.5406],[-105.2318,42.5248],[-105.2125,42.5208],[-105.2035,42.5128]],[[-105.2925,42.5511],[-105.2735,42.553],[-105.2574,42.5636],[-105.2401,42.5676],[-105.2111,42.594],[-105.1923,42.6011],[-105.185,42.6103],[-105.1627,42.622],[-105.1531,42.6319],[-105.1418,42.6349],[-105.0894,42.6064],[-105.0761,42.5906],[-105.0637,42.5841],[-105.0374,42.5603]],[[-105.3025,42.5528],[-105.2925,42.5511]],[[-113.2381,42.5535],[-113.2521,42.5472],[-113.2634,42.5349]],[[-105.0374,42.5603],[-105.0303,42.5451],[-105.0174,42.5327]],[[-105.0374,42.5603],[-105.0193,42.5518],[-105.0174,42.5327]],[[-109.2592,42.5625],[-109.257,42.5537],[-109.229,42.5456]],[[-109.2592,42.5625],[-109.2835,42.5707],[-109.3051,42.5504],[-109.3349,42.5489],[-109.3559,42.5441],[-109.3612,42.5484],[-109.3655,42.5611],[-109.5101,42.6191],[-109.5883,42.6251],[-109.6233,42.624],[-109.6525,42.6268],[-109.6928,42.6242],[-109.7299,42.628],[-109.8419,42.6111],[-109.8532,42.6167],[-109.9075,42.626],[-109.9145,42.6188],[-109.9261,42.616],[-109.9402,42.6358],[-109.9475,42.6396],[-109.9589,42.6362],[-109.962,42.6103],[-109.9658,42.6059],[-110.0074,42.6051],[-110.0544,42.5897],[-110.0684,42.5819],[-110.0843,42.585],[-110.1106,42.5787],[-110.1287,42.5779],[-110.1513,42.5801],[-110.173,42.5917],[-110.1911,42.588],[-110.2294,42.5744],[-110.248,42.5632],[-110.2601,42.5517],[-110.2735,42.5477],[-110.2782,42.5433],[-110.3011,42.5464],[-110.3801,42.5238],[-110.4099,42.5286],[-110.4213,42.5252],[-110.4432,42.5114],[-110.4567,42.5076],[-110.4776,42.5114],[-110.508,42.5104],[-110.5228,42.5035],[-110.5273,42.4979],[-110.5625,42.4854],[-110.5791,42.4841],[-110.5983,42.488],[-110.6025,42.4814],[-110.5993,42.4693],[-110.6015,42.467],[-110.6465,42.4892],[-110.6671,42.5043],[-110.6861,42.5102],[-110.7008,42.5212],[-110.7163,42.5247],[-110.7183,42.5183],[-110.7151,42.5107],[-110.7198,42.5058],[-110.7294,42.5157],[-110.7355,42.5103],[-110.7445,42.5146],[-110.7508,42.5057],[-110.7562,42.5054],[-110.7656,42.497],[-110.7988,42.4897],[-110.82,42.4757],[-110.8352,42.4753],[-110.8417,42.4895],[-110.859,42.4811],[-110.8663,42.4844],[-110.8668,42.4951],[-110.875,42.5013],[-110.8764,42.5119],[-110.8927,42.5432],[-110.8941,42.5577],[-110.9,42.5697],[-110.8992,42.5781],[-110.9106,42.5909],[-110.9127,42.602],[-110.9299,42.615],[-110.9433,42.6434],[-110.9577,42.6586],[-110.9592,42.6775],[-110.9734,42.7149],[-110.9742,42.7855],[-110.9771,42.7932],[-110.9924,42.7962],[-111.0116,42.794],[-111.0367,42.7851],[-111.0478,42.786],[-111.0545,42.7825],[-111.074,42.786],[-111.0908,42.8109],[-111.1067,42.8223],[-111.1126,42.8339],[-111.1509,42.8542],[-111.1704,42.8618],[-111.186,42.8614],[-111.2026,42.8653],[-111.2214,42.8773],[-111.2468,42.9023],[-111.2572,42.9214],[-111.2552,42.926],[-111.2597,42.9305],[-111.2787,42.9354],[-111.3099,42.9355],[-111.3232,42.9421],[-111.3684,42.9473],[-111.3898,42.9548],[-111.4241,42.9789],[-111.4245,42.9836],[-111.4401,42.9965],[-111.4435,42.9968],[-111.4481,42.9909],[-111.4656,42.9922],[-111.5143,43.0178],[-111.5327,43.0207],[-111.5427,43.0104],[-111.5872,43.0017],[-111.5643,42.9871],[-111.5909,42.9942],[-111.6086,42.994],[-111.6216,42.9995],[-111.6644,43.0053],[-111.6706,43.0101],[-111.6832,43.0063],[-111.7189,43.0079],[-111.7289,43.0021],[-111.7291,42.9946],[-111.7363,42.9858],[-111.7738,42.9725],[-111.8058,42.9909],[-111.8369,43.022]],[[-113.2299,42.5674],[-113.236,42.5651],[-113.2381,42.5535]],[[-113.2299,42.5674],[-113.2381,42.5535]],[[-104.9563,42.5715],[-104.92,42.5337],[-104.9006,42.5234],[-104.8928,42.5124],[-104.8776,42.5026]],[[-113.2193,42.574],[-113.2299,42.5674]],[[-113.2164,42.5776],[-113.2289,42.5724],[-113.2299,42.5674]],[[-113.2164,42.5776],[-113.2193,42.574]],[[-104.989,42.5929],[-104.9563,42.5715]],[[-104.989,42.5929],[-104.9668,42.582],[-104.9563,42.5715]],[[-105.3543,42.595],[-105.3158,42.5662],[-105.3125,42.5573],[-105.3025,42.5528]],[[-105.3574,42.5969],[-105.3543,42.595]],[[-111.9586,42.6001],[-111.9526,42.5969],[-111.9445,42.5978],[-111.9406,42.5932],[-111.9118,42.6025]],[[-111.9586,42.6001],[-111.9346,42.6107],[-111.9118,42.6025]],[[-111.9724,42.6003],[-111.9586,42.6001]],[[-112.0271,42.6016],[-112.0056,42.5897],[-111.9988,42.5933],[-111.9804,42.5805],[-111.9733,42.5832],[-111.9757,42.5865],[-111.9714,42.5947],[-111.9747,42.5979],[-111.9724,42.6003]],[[-112.0271,42.6016],[-111.9724,42.6003]],[[-111.9118,42.6025],[-111.9063,42.6076],[-111.9081,42.6164],[-111.8746,42.643],[-111.8279,42.6399],[-111.7915,42.6426],[-111.7809,42.6384],[-111.7487,42.652],[-111.7384,42.6497],[-111.7202,42.6511]],[[-105.3655,42.6085],[-105.3558,42.6008],[-105.3543,42.595]],[[-105.0013,42.6144],[-104.9996,42.6073],[-104.989,42.5929]],[[-105.3958,42.6145],[-105.3929,42.6091],[-105.3833,42.6055],[-105.3778,42.599],[-105.3574,42.5969]],[[-105.3958,42.6145],[-105.3574,42.5969]],[[-105.3936,42.6176],[-105.3655,42.6085]],[[-105.3936,42.6176],[-105.3725,42.6167],[-105.3655,42.6085]],[[-105.3972,42.6202],[-105.3958,42.6145]],[[-105.3972,42.6202],[-105.3936,42.6176]],[[-105.0817,42.6268],[-105.0686,42.6203],[-105.0745,42.6121],[-105.0714,42.6088],[-105.0527,42.6119],[-105.0223,42.6106],[-105.0013,42.6144]],[[-105.0817,42.6268],[-105.0465,42.6476],[-105.0403,42.6561],[-105.024,42.6548],[-105.0085,42.6463],[-104.9992,42.6295],[-105.0036,42.6186],[-105.0013,42.6144]],[[-113.0834,42.6271],[-113.1308,42.6207],[-113.1643,42.5965],[-113.1785,42.5919],[-113.1883,42.5833],[-113.2164,42.5776]],[[-113.0834,42.6271],[-113.0908,42.6184],[-113.1083,42.6065],[-113.1199,42.6073],[-113.1227,42.5935],[-113.1397,42.5719],[-113.1465,42.5684],[-113.1851,42.5634],[-113.2011,42.5705],[-113.2193,42.574]],[[-105.1155,42.638],[-105.1047,42.63],[-105.0867,42.6242],[-105.0817,42.6268]],[[-106.8336,42.6499],[-106.8054,42.665]],[[-106.8336,42.6499],[-106.8118,42.657],[-106.8051,42.661],[-106.8054,42.665]],[[-111.7202,42.6511],[-111.7201,42.6511]],[[-111.7202,42.6511],[-111.7276,42.6691],[-111.7539,42.6959],[-111.7545,42.7052],[-111.766,42.7272],[-111.7858,42.7366],[-111.8052,42.7542],[-111.8578,42.7897],[-111.8636,42.7997],[-111.8635,42.8151],[-111.8727,42.8309],[-111.894,42.8442],[-111.9014,42.8572],[-111.9169,42.8728],[-111.9383,42.8757],[-111.9473,42.8902],[-111.9665,42.903],[-111.9833,42.9243],[-111.9961,42.9282],[-112.0228,42.9298],[-112.0281,42.9439],[-112.0382,42.9558]],[[-105.1437,42.6613],[-105.1368,42.648],[-105.1155,42.638]],[[-105.1437,42.6613],[-105.115,42.6612],[-105.1122,42.6556],[-105.1168,42.6431],[-105.1155,42.638]],[[-106.8054,42.665],[-106.7958,42.6736],[-106.7593,42.6795],[-106.7091,42.7016],[-106.6638,42.7297],[-106.6599,42.7367],[-106.6617,42.7398],[-106.629,42.7605]],[[-105.4812,42.7184],[-105.4564,42.6972],[-105.4545,42.6919],[-105.4423,42.6885],[-105.4427,42.6781],[-105.425,42.66],[-105.3982,42.6448],[-105.3942,42.6328],[-105.3895,42.6297],[-105.396,42.6261],[-105.3972,42.6202]],[[-105.4905,42.7257],[-105.4877,42.7192],[-105.4812,42.7184]],[[-105.4905,42.7257],[-105.4812,42.7184]],[[-105.5819,42.7433],[-105.5342,42.7384],[-105.4905,42.7257]],[[-105.5862,42.752],[-105.5819,42.7433]],[[-105.5985,42.7535],[-105.5819,42.7433]],[[-105.5985,42.7535],[-105.5862,42.752]],[[-106.629,42.7605],[-106.582,42.7747],[-106.5674,42.7741],[-106.5481,42.7786],[-106.538,42.7769]],[[-106.629,42.7605],[-106.6196,42.7682]],[[-106.6196,42.7682],[-106.6178,42.7815],[-106.6069,42.7986],[-106.5935,42.8117],[-106.5715,42.8247]],[[-106.6196,42.7682],[-106.6072,42.7752],[-106.5857,42.801],[-106.5771,42.8046],[-106.5715,42.8247]],[[-105.6516,42.7718],[-105.6486,42.7661],[-105.6365,42.7585],[-105.6283,42.7561],[-105.6108,42.7589],[-105.5985,42.7535]],[[-105.6516,42.7718],[-105.6376,42.7648],[-105.5952,42.7598],[-105.5862,42.752]],[[-106.538,42.7769],[-106.526,42.7715],[-106.4819,42.7639],[-106.4598,42.7729],[-106.4514,42.7796]],[[-106.538,42.7769],[-106.5259,42.7765],[-106.5036,42.7829],[-106.4864,42.7993],[-106.4552,42.8137]],[[-106.4514,42.7796],[-106.4519,42.7881],[-106.4415,42.7933]],[[-106.4514,42.7796],[-106.4415,42.7933]],[[-106.4415,42.7933],[-106.4385,42.7968]],[[-106.4385,42.7968],[-106.4299,42.8039]],[[-106.4385,42.7968],[-106.4375,42.8022],[-106.4299,42.8039]],[[-105.3934,42.8038],[-105.3888,42.786],[-105.388,42.7552],[-105.3729,42.7133],[-105.3565,42.6941],[-105.3178,42.6714],[-105.3123,42.6602],[-105.2979,42.6588],[-105.2858,42.6484],[-105.2755,42.6471],[-105.1903,42.6513],[-105.16,42.6637],[-105.1484,42.6645],[-105.1437,42.6613]],[[-106.4299,42.8039],[-106.4102,42.8101]],[[-106.4299,42.8039],[-106.4102,42.8101]],[[-105.3968,42.8094],[-105.3982,42.8041],[-105.3934,42.8038]],[[-105.3968,42.8094],[-105.3934,42.8038]],[[-106.4102,42.8101],[-106.3998,42.8097],[-106.3752,42.8192]],[[-106.4537,42.8137],[-106.4237,42.822],[-106.3986,42.8375]],[[-106.4537,42.8137],[-106.4479,42.8207],[-106.4171,42.84]],[[-106.4552,42.8137],[-106.4537,42.8137]],[[-106.3752,42.8192],[-106.3415,42.8308],[-106.3111,42.8518]],[[-106.3752,42.8192],[-106.3666,42.8245],[-106.3587,42.8377]],[[-106.5715,42.8247],[-106.5633,42.8345],[-106.543,42.8406]],[[-106.502,42.8366],[-106.4552,42.8137]],[[-106.502,42.8366],[-106.4838,42.845],[-106.4766,42.8447]],[[-106.3986,42.8375],[-106.3779,42.8428]],[[-106.3986,42.8375],[-106.3876,42.8375],[-106.3779,42.8428]],[[-106.3587,42.8377],[-106.3482,42.8435],[-106.3111,42.8518]],[[-106.5088,42.8379],[-106.502,42.8366]],[[-106.5284,42.839],[-106.5237,42.8366],[-106.5088,42.8379]],[[-106.5284,42.839],[-106.5159,42.8392]],[[-106.5298,42.8391],[-106.5284,42.839]],[[-106.5159,42.8392],[-106.5088,42.8379]],[[-106.5159,42.8392],[-106.4974,42.8533]],[[-106.4171,42.84],[-106.3986,42.8375]],[[-106.4171,42.84],[-106.4025,42.8458],[-106.3749,42.8463]],[[-106.543,42.8406],[-106.5298,42.8391]],[[-106.543,42.8406],[-106.5378,42.8445]],[[-106.192,42.8408],[-106.1682,42.8516],[-106.0971,42.8564],[-106.0815,42.8647],[-106.0611,42.8666],[-106.0398,42.8638],[-106.0127,42.8518],[-105.9871,42.8469],[-105.9336,42.8609],[-105.8875,42.8645],[-105.8513,42.862],[-105.8225,42.8512],[-105.8144,42.8426],[-105.8017,42.8383],[-105.7891,42.8269],[-105.7638,42.8246],[-105.724,42.8155],[-105.7129,42.8053],[-105.7127,42.7942],[-105.702,42.7813],[-105.6892,42.7847],[-105.6637,42.7783],[-105.659,42.7803],[-105.6516,42.7718]],[[-106.196,42.841],[-106.192,42.8408]],[[-106.3704,42.8421],[-106.3705,42.8377],[-106.3673,42.8357],[-106.3587,42.8377]],[[-106.3704,42.8421],[-106.3667,42.8406],[-106.3465,42.848],[-106.327,42.8652]],[[-106.3779,42.8428],[-106.372,42.8433]],[[-106.3779,42.8428],[-106.3749,42.8463]],[[-106.372,42.8433],[-106.3704,42.8421]],[[-106.372,42.8433],[-106.3668,42.8488]],[[-106.5378,42.8445],[-106.5298,42.8391]],[[-106.5378,42.8445],[-106.5275,42.8454],[-106.5192,42.8544],[-106.4974,42.8533]],[[-106.4766,42.8447],[-106.4407,42.8457],[-106.4171,42.84]],[[-106.3749,42.8463],[-106.372,42.8433]],[[-106.3749,42.8463],[-106.3668,42.8488]],[[-106.2018,42.8472],[-106.196,42.841]],[[-106.2018,42.8472],[-106.197,42.8473],[-106.192,42.8408]],[[-106.3668,42.8488],[-106.327,42.8652]],[[-106.3111,42.8518],[-106.2844,42.8559]],[[-106.4974,42.8533],[-106.4766,42.8447]],[[-106.2187,42.8537],[-106.196,42.841]],[[-106.2187,42.8537],[-106.2118,42.8535],[-106.2018,42.8472]],[[-106.2844,42.8559],[-106.2516,42.8575],[-106.2187,42.8537]],[[-112.7608,42.8607],[-112.7898,42.8481],[-112.8056,42.828],[-112.8675,42.802],[-112.8704,42.7966],[-112.8719,42.769],[-112.8759,42.7624],[-112.8949,42.7482],[-112.9016,42.736],[-112.9129,42.7326],[-112.9282,42.72],[-112.9319,42.712],[-112.9561,42.6907],[-112.9648,42.6904],[-113.0074,42.6541],[-113.0203,42.6517],[-113.0834,42.6271]],[[-112.7608,42.8607],[-112.7254,42.8744],[-112.7137,42.8756],[-112.7129,42.8793],[-112.7178,42.8859],[-112.7122,42.8904],[-112.7116,42.8983],[-112.7023,42.9056],[-112.6997,42.9162],[-112.6813,42.9311],[-112.6281,42.944],[-112.6137,42.9498],[-112.6052,42.9585],[-112.6002,42.9568],[-112.5797,42.9609],[-112.5657,42.9586],[-112.5567,42.962],[-112.5531,42.9669]],[[-106.327,42.8652],[-106.3066,42.8667]],[[-106.3066,42.8667],[-106.2844,42.8559]],[[-106.3066,42.8667],[-106.2737,42.8738],[-106.2498,42.8691],[-106.2301,42.8801],[-106.2119,42.8708],[-106.2098,42.8644],[-106.2018,42.8577],[-106.1896,42.8549],[-106.1605,42.8685],[-106.1504,42.8699],[-106.1091,42.8613],[-106.0706,42.8721],[-106.0346,42.8723],[-106.0108,42.8631],[-105.992,42.8608],[-105.9597,42.869],[-105.8745,42.8729],[-105.8604,42.8704],[-105.8465,42.8726],[-105.8372,42.8678],[-105.8131,42.8667],[-105.7891,42.8555],[-105.712,42.857],[-105.6682,42.8614],[-105.6518,42.8596],[-105.6423,42.8533],[-105.594,42.8584],[-105.5581,42.851],[-105.5286,42.8557],[-105.5124,42.8504],[-105.5041,42.8542],[-105.4594,42.8535],[-105.4352,42.843],[-105.4228,42.8463],[-105.4134,42.8436],[-105.392,42.8493],[-105.3855,42.8419],[-105.3967,42.8254],[-105.3936,42.8211],[-105.397,42.8166],[-105.3968,42.8094]],[[-112.0382,42.9558],[-112.0677,42.9637],[-112.0882,42.9634],[-112.103,42.9709],[-112.1204,42.9741],[-112.1263,42.9813],[-112.1262,42.9872]],[[-112.0382,42.9558],[-112.0377,42.9607],[-112.041,42.9641],[-112.0856,42.9828],[-112.1035,42.9872],[-112.1262,42.9872]],[[-112.5591,42.9608],[-112.5546,42.9601],[-112.5531,42.9669]],[[-112.5531,42.9669],[-112.5507,42.9757],[-112.5372,42.9889],[-112.4647,43.0184],[-112.4387,43.0263],[-112.4161,43.0292]],[[-112.6834,42.9736],[-112.6919,42.9566],[-112.7061,42.9459],[-112.724,42.9123],[-112.7327,42.885],[-112.7608,42.8607]],[[-112.6834,42.9736],[-112.6674,42.9845]],[[-112.6674,42.9845],[-112.645,43.0067],[-112.6332,43.0111]],[[-112.6674,42.9845],[-112.6338,42.9998],[-112.6292,43.0057],[-112.6332,43.0111]],[[-112.1262,42.9872],[-112.1241,42.9909],[-112.1297,43.0083],[-112.1271,43.0131]],[[-112.1262,42.9872],[-112.1341,42.9887],[-112.1393,42.9991],[-112.1585,43.0069],[-112.1758,43.0071],[-112.1928,42.9998]],[[-112.1928,42.9998],[-112.2192,43.0018],[-112.2329,43.0093],[-112.2337,43.0138],[-112.2508,43.0284],[-112.2847,43.0293],[-112.3017,43.0389],[-112.3144,43.0399],[-112.333,43.0303],[-112.3793,43.025],[-112.4161,43.0292]],[[-112.6589,43.0039],[-112.6834,42.9736]],[[-112.6332,43.0111],[-112.6251,43.0178]],[[-112.6251,43.0178],[-112.6336,43.0193]],[[-112.6336,43.0193],[-112.6589,43.0039]],[[-112.6336,43.0193],[-112.6355,43.0149],[-112.6332,43.0111]],[[-112.6336,43.0193],[-112.6521,43.0162],[-112.6589,43.0039]],[[-111.8369,43.022],[-111.8556,43.0363]],[[-111.8369,43.022],[-111.8457,43.0354],[-111.8556,43.0363]],[[-112.6203,43.0232],[-112.6336,43.0193]],[[-112.6203,43.0232],[-112.6251,43.0178]],[[-112.4161,43.0292],[-112.4498,43.0376],[-112.5145,43.037],[-112.5482,43.0406],[-112.5603,43.0471],[-112.5707,43.0421]],[[-112.5841,43.0355],[-112.5986,43.0349],[-112.6203,43.0232]],[[-111.8556,43.0363],[-111.8737,43.0335],[-111.9048,43.021],[-111.9385,43.0129],[-111.9513,43.0192],[-112.0131,43.0209],[-112.0206,43.0223],[-112.0297,43.0293],[-112.0471,43.0274],[-112.0569,43.0287],[-112.0679,43.0349],[-112.0757,43.0345],[-112.0947,43.031],[-112.1338,43.0097],[-112.1505,43.0209],[-112.1599,43.0145],[-112.1785,43.0134],[-112.1862,43.0101],[-112.1928,42.9998]],[[-112.5707,43.0421],[-112.5841,43.0355]],[[-112.5707,43.0421],[-112.5788,43.0349],[-112.5841,43.0355]],[[-123.2717,43.57],[-123.2486,43.5909]],[[-123.2717,43.57],[-123.271,43.6041],[-123.2884,43.633]],[[-123.2486,43.5909],[-123.2462,43.6004],[-123.2416,43.6051],[-123.2303,43.6092],[-123.2204,43.6082]],[[-123.2204,43.6082],[-123.2486,43.5909]],[[-123.2204,43.6082],[-123.2135,43.6173],[-123.2186,43.6305],[-123.2055,43.6557],[-123.1778,43.6822],[-123.1257,43.6969],[-123.1055,43.7269],[-123.1003,43.7443],[-123.1008,43.7529],[-123.0867,43.7594],[-123.0735,43.7728],[-123.0702,43.7931],[-123.0579,43.808],[-123.0485,43.8134],[-123.0432,43.8297],[-123.0475,43.8431],[-123.0383,43.855],[-123.0286,43.8616],[-123.0203,43.8796],[-123.0074,43.8909],[-123.0029,43.9064],[-123.001,43.9412],[-123.0095,43.9678],[-123.0007,43.9908],[-123.0049,43.9989],[-123.0169,44.0079],[-123.0253,44.0217],[-123.029,44.0439],[-123.0501,44.0442],[-123.0793,44.0515],[-123.0863,44.0591],[-123.1138,44.0683],[-123.1222,44.0911],[-123.1278,44.0984],[-123.1247,44.1122],[-123.1306,44.1246],[-123.1378,44.1556],[-123.1459,44.1723],[-123.1716,44.2041],[-123.1762,44.2225],[-123.2053,44.2699],[-123.2233,44.2833],[-123.2526,44.2852],[-123.2888,44.3003]],[[-123.2884,43.633],[-123.2982,43.64],[-123.2845,43.6484]],[[-123.2884,43.633],[-123.2829,43.6415],[-123.2845,43.6484]],[[-123.2845,43.6484],[-123.3112,43.664],[-123.3115,43.6682],[-123.3003,43.6782],[-123.2984,43.6853],[-123.2862,43.695],[-123.2632,43.6996]],[[-123.2632,43.6996],[-123.2335,43.7063],[-123.2364,43.7213]],[[-123.2632,43.6996],[-123.2364,43.7213]],[[-123.2364,43.7213],[-123.2375,43.7427],[-123.2472,43.7589],[-123.2353,43.7745],[-123.2319,43.7901],[-123.219,43.8022],[-123.2337,43.8279],[-123.2283,43.8528],[-123.2318,43.8723],[-123.2295,43.884],[-123.239,43.9045],[-123.2629,43.9139],[-123.2748,43.9396],[-123.276,43.9497],[-123.2727,43.9555],[-123.2585,43.9644],[-123.2577,43.9813],[-123.2687,43.9943],[-123.2802,44.0006],[-123.2967,44.0163],[-123.3019,44.0243],[-123.3035,44.0372],[-123.3,44.0512],[-123.3087,44.0897],[-123.3,44.1239],[-123.3031,44.1372],[-123.2971,44.1447],[-123.2925,44.1611],[-123.2784,44.1897],[-123.2867,44.2016],[-123.2889,44.2123],[-123.289,44.2448],[-123.286,44.2602],[-123.2918,44.2725],[-123.2873,44.2855],[-123.2888,44.3003]],[[-123.2888,44.3003],[-123.2988,44.3275],[-123.3375,44.3322],[-123.3526,44.3568],[-123.3458,44.378],[-123.349,44.3896],[-123.348,44.4014],[-123.3292,44.4263],[-123.3294,44.4381],[-123.3339,44.4447],[-123.3368,44.5195],[-123.3123,44.5384],[-123.3104,44.5659],[-123.3058,44.5761],[-123.2946,44.5842],[-123.2627,44.5897],[-123.2501,44.5956],[-123.2457,44.6031],[-123.2375,44.6396],[-123.217,44.659],[-123.2208,44.6711],[-123.2507,44.6953],[-123.2725,44.699],[-123.296,44.7109],[-123.3077,44.7355],[-123.3332,44.7523],[-123.3389,44.7709],[-123.3446,44.7793],[-123.3445,44.7978],[-123.3541,44.8036],[-123.3593,44.8186],[-123.3749,44.8297],[-123.3445,44.8737],[-123.3315,44.9193]]]}},{"type":"Feature","properties":{"name":"Mormon Pioneer Trail"},"geometry":{"type":"MultiLineString","coordinates":[[[-111.7175,40.7751],[-111.7283,40.7788],[-111.7305,40.7768],[-111.7401,40.7741],[-111.7458,40.7714],[-111.7626,40.7687],[-111.7716,40.7658],[-111.7786,40.7656],[-111.7807,40.7638],[-111.7806,40.7606],[-111.7866,40.7591],[-111.7967,40.7527],[-111.8003,40.7517],[-111.8055,40.7519],[-111.813,40.7491],[-111.8215,40.7477],[-111.823,40.7467],[-111.8238,40.7446],[-111.829,40.7437],[-111.8406,40.7365],[-111.8475,40.7302],[-111.8504,40.7288],[-111.8533,40.7296],[-111.8592,40.7294],[-111.8621,40.7311],[-111.8707,40.7332],[-111.8762,40.7335],[-111.8763,40.734],[-111.8679,40.7341],[-111.8579,40.7316],[-111.8579,40.7321],[-111.8631,40.7372],[-111.8675,40.7399],[-111.8751,40.7509],[-111.8841,40.7575],[-111.8863,40.7606]],[[-111.7175,40.7751],[-111.7207,40.7647],[-111.7229,40.7502],[-111.7089,40.7614],[-111.7038,40.7678],[-111.6957,40.772],[-111.6911,40.7756],[-111.6841,40.7787],[-111.6792,40.7846],[-111.6789,40.801],[-111.6773,40.8075],[-111.6786,40.8103],[-111.6781,40.8117],[-111.6721,40.8167],[-111.6599,40.8222],[-111.6519,40.8291],[-111.6491,40.8306],[-111.6327,40.8338],[-111.6183,40.8322],[-111.6118,40.8291],[-111.6056,40.8287],[-111.5967,40.8253],[-111.5941,40.8212],[-111.5887,40.8162],[-111.5858,40.815],[-111.5839,40.8157],[-111.5811,40.8202],[-111.5848,40.8257],[-111.5822,40.8288],[-111.5803,40.8358],[-111.5839,40.8415],[-111.5848,40.8476],[-111.5884,40.8561],[-111.5853,40.8621],[-111.5859,40.8639],[-111.5846,40.8654],[-111.5837,40.8704],[-111.5794,40.8783],[-111.5823,40.8856],[-111.5869,40.8918],[-111.5936,40.9146],[-111.5961,40.9191],[-111.5859,40.9308],[-111.5752,40.9377],[-111.5759,40.9411],[-111.5714,40.9444],[-111.5686,40.9426],[-111.5653,40.9353],[-111.5611,40.9363],[-111.5592,40.9378],[-111.5593,40.9397],[-111.5566,40.944],[-111.5495,40.9501],[-111.5483,40.9575],[-111.5454,40.964],[-111.5424,40.968],[-111.5445,40.969],[-111.5422,40.9716],[-111.5396,40.9775],[-111.539,40.9799],[-111.5404,40.982],[-111.5375,40.9851],[-111.5297,40.9869],[-111.5265,40.9895],[-111.5153,41.0125],[-111.5124,41.0154],[-111.504,41.0169],[-111.5,41.0159],[-111.4961,41.0161],[-111.4946,41.0136],[-111.4904,41.0105],[-111.4861,41.0085],[-111.483,41.0082],[-111.4816,41.0067],[-111.4773,41.0069],[-111.4679,40.9999],[-111.4616,40.9938],[-111.4594,40.9883],[-111.4505,40.9846],[-111.4473,40.9823],[-111.4445,40.9751],[-111.4407,40.9721],[-111.4376,40.9721],[-111.4198,40.9827],[-111.4097,40.9915],[-111.387,41.0031],[-111.3767,41.0105],[-111.3708,41.0123],[-111.3688,41.0144],[-111.3675,41.0179],[-111.3634,41.0207],[-111.3443,41.0292],[-111.3354,41.0319],[-111.3304,41.0373],[-111.3247,41.0414],[-111.3126,41.0455],[-111.3093,41.0461],[-111.3067,41.0453],[-111.3041,41.0461],[-111.3042,41.0478],[-111.3005,41.0517],[-111.2936,41.0574],[-111.2837,41.0637],[-111.2784,41.0659],[-111.2716,41.0672],[-111.2634,41.0712],[-111.2394,41.0862],[-111.2324,41.087],[-111.2292,41.0887],[-111.2237,41.0926],[-111.2201,41.0969],[-111.2124,41.1023],[-111.2109,41.1059],[-111.1998,41.114],[-111.1964,41.1202],[-111.1934,41.1221],[-111.1865,41.1241],[-111.1705,41.124],[-111.1658,41.1251],[-111.1579,41.13],[-111.1549,41.134],[-111.1446,41.1392],[-111.1251,41.1442],[-111.1178,41.145],[-111.1165,41.1455],[-111.1144,41.1503],[-111.1099,41.1518],[-111.1026,41.1562],[-111.0966,41.1637],[-111.0897,41.1658],[-111.0859,41.1654],[-111.0843,41.1625],[-111.0823,41.1612],[-111.0733,41.1604],[-111.069,41.1583],[-111.0637,41.1607],[-111.059,41.1613]],[[-111.0589,41.1613],[-111.0461,41.1656],[-111.0413,41.164],[-111.0375,41.1613],[-111.0346,41.1611],[-111.0318,41.1622],[-111.0185,41.1643],[-111.0138,41.1664],[-111.0061,41.1681],[-111.0005,41.1687]],[[-111.0005,41.1687],[-110.9998,41.1687]],[[-111.0005,41.1687],[-110.9964,41.17],[-110.978,41.1664],[-110.9734,41.1663],[-110.956,41.1681],[-110.9516,41.1698],[-110.9424,41.1687],[-110.9383,41.1658],[-110.928,41.1683],[-110.9169,41.1675],[-110.8921,41.1735],[-110.8866,41.1733],[-110.8822,41.1715],[-110.8754,41.1668],[-110.8666,41.1644],[-110.8649,41.1611],[-110.8606,41.1606],[-110.8571,41.1583],[-110.8518,41.1584],[-110.8483,41.1559],[-110.8436,41.1605],[-110.8338,41.1649],[-110.8329,41.1669],[-110.8227,41.1719],[-110.8165,41.1721],[-110.8175,41.1739],[-110.8169,41.1743],[-110.7974,41.1776],[-110.7905,41.1873],[-110.7814,41.1863],[-110.7785,41.1867],[-110.7735,41.1856],[-110.7697,41.1859],[-110.7678,41.1852],[-110.7674,41.1832],[-110.7367,41.1979],[-110.7392,41.2017],[-110.741,41.2093],[-110.732,41.218],[-110.7243,41.2239],[-110.7215,41.2282],[-110.7169,41.2324],[-110.7101,41.2378],[-110.7027,41.2414],[-110.6988,41.2425],[-110.696,41.2424],[-110.6947,41.2419],[-110.6907,41.2355],[-110.6778,41.2341],[-110.6792,41.2289],[-110.6675,41.2321],[-110.6584,41.2357],[-110.6523,41.2402],[-110.6448,41.2438],[-110.6379,41.249],[-110.634,41.2556],[-110.6308,41.258],[-110.6087,41.2682],[-110.6029,41.2738],[-110.5984,41.2766],[-110.5933,41.2783],[-110.5777,41.2813],[-110.5588,41.287],[-110.5564,41.2872],[-110.5462,41.2786],[-110.5334,41.2698],[-110.525,41.265],[-110.521,41.2638],[-110.516,41.2639],[-110.4973,41.2691],[-110.4822,41.2691],[-110.4647,41.2715],[-110.4607,41.2727],[-110.4552,41.2752],[-110.449,41.28],[-110.4248,41.2942],[-110.4199,41.2983],[-110.4086,41.3039],[-110.4054,41.3068],[-110.4053,41.3154],[-110.4044,41.3166],[-110.3888,41.3195],[-110.3838,41.3229],[-110.3647,41.3326],[-110.3639,41.3346],[-110.3475,41.3445],[-110.3303,41.3495],[-110.3231,41.3504],[-110.314,41.353],[-110.2981,41.3603],[-110.284,41.3625],[-110.276,41.3625],[-110.2651,41.3669],[-110.2583,41.3652],[-110.249,41.3685],[-110.2435,41.3734],[-110.2269,41.383],[-110.2134,41.3885],[-110.2009,41.3925],[-110.1977,41.3948],[-110.195,41.3948],[-110.1863,41.4027],[-110.1783,41.4073],[-110.1809,41.4278],[-110.1779,41.4327],[-110.1763,41.4424],[-110.1729,41.4523],[-110.1729,41.4584],[-110.1687,41.4669],[-110.1635,41.474],[-110.1579,41.4787],[-110.1558,41.4857],[-110.1516,41.4897],[-110.1502,41.4936],[-110.1373,41.5044],[-110.1244,41.5202],[-110.1026,41.5341],[-110.0882,41.5444],[-110.085,41.5434],[-110.0809,41.5476],[-110.0577,41.5585],[-110.0462,41.5605],[-110.032,41.5582],[-110.0128,41.5566],[-110.0042,41.5593],[-109.995,41.5653],[-109.9904,41.5761],[-109.9852,41.5824],[-109.9732,41.5894],[-109.9731,41.5903],[-109.9689,41.5906],[-109.9585,41.6007],[-109.9499,41.6068],[-109.9439,41.6132],[-109.9406,41.6153],[-109.9327,41.6148],[-109.9255,41.6165],[-109.9173,41.6168],[-109.9131,41.6197],[-109.9087,41.6253],[-109.9026,41.6313],[-109.8984,41.6339],[-109.8955,41.6378],[-109.8956,41.6427],[-109.8969,41.646],[-109.895,41.6467],[-109.8914,41.6595],[-109.8934,41.661],[-109.8933,41.6723],[-109.8904,41.6759],[-109.8912,41.6783],[-109.8824,41.6998],[-109.8767,41.7049],[-109.8692,41.7087],[-109.8649,41.7062],[-109.8521,41.712],[-109.8447,41.7101],[-109.8419,41.7104],[-109.8395,41.714],[-109.8307,41.7215],[-109.8289,41.7239],[-109.8128,41.732],[-109.7995,41.7467],[-109.7976,41.7517],[-109.7928,41.7558],[-109.782,41.7706],[-109.7779,41.78],[-109.7797,41.7857],[-109.7967,41.799],[-109.799,41.8082],[-109.8091,41.832],[-109.8092,41.8393],[-109.8053,41.8438],[-109.8078,41.8532],[-109.8071,41.8572],[-109.8102,41.8608],[-109.8098,41.8651],[-109.8114,41.8723],[-109.81,41.8769],[-109.8102,41.8835],[-109.8087,41.887],[-109.7954,41.8948],[-109.7854,41.909],[-109.7774,41.9136],[-109.7735,41.9173],[-109.7707,41.9232],[-109.7649,41.9281],[-109.7574,41.9383],[-109.731,41.9453],[-109.7223,41.9504],[-109.718,41.9517],[-109.7136,41.955],[-109.6937,41.9549],[-109.6601,41.9743],[-109.6339,41.9876],[-109.6229,41.997]],[[-95.4258,41.1931],[-95.4155,41.1958],[-95.4047,41.1969],[-95.3972,41.196],[-95.3829,41.1915],[-95.37,41.1958],[-95.3524,41.1999],[-95.3384,41.2085],[-95.3011,41.2375],[-95.2792,41.2512],[-95.2704,41.2631],[-95.2652,41.2654],[-95.2591,41.2702],[-95.2446,41.2888],[-95.2371,41.2919],[-95.231,41.2932],[-95.2147,41.2988],[-95.2082,41.3044],[-95.1958,41.3208],[-95.1934,41.3217],[-95.1906,41.3207],[-95.1866,41.3156],[-95.1831,41.3141],[-95.1795,41.311],[-95.1688,41.3103],[-95.158,41.3039],[-95.151,41.302],[-95.1437,41.3012],[-95.1276,41.3016],[-95.1232,41.3025],[-95.1186,41.305],[-95.1047,41.3072],[-95.0899,41.3078],[-95.0833,41.3027],[-95.0769,41.2882],[-95.0701,41.2791],[-95.0584,41.2691],[-95.046,41.2614],[-95.0408,41.2545],[-95.0333,41.2495],[-95.0281,41.2475],[-95.0102,41.2457],[-94.9951,41.2379],[-94.9897,41.2363],[-94.9795,41.2298],[-94.9588,41.2218],[-94.9534,41.2219],[-94.9402,41.2153],[-94.9234,41.213],[-94.9178,41.214],[-94.9109,41.2138],[-94.8927,41.2092],[-94.8915,41.2018],[-94.8804,41.1934],[-94.8675,41.193],[-94.8611,41.1915],[-94.8575,41.1934],[-94.8485,41.1926],[-94.8451,41.1912],[-94.8426,41.1887],[-94.8368,41.1856],[-94.8317,41.1887],[-94.8171,41.193],[-94.7854,41.196],[-94.7767,41.1975],[-94.7716,41.2014],[-94.7688,41.2024],[-94.7527,41.2049],[-94.7492,41.204],[-94.7302,41.2065],[-94.7248,41.2085],[-94.7211,41.2062],[-94.7192,41.2061],[-94.7102,41.2125],[-94.7003,41.2148],[-94.6956,41.2183],[-94.689,41.2209],[-94.6803,41.2215],[-94.6744,41.2228],[-94.6693,41.2241],[-94.6621,41.2276],[-94.6491,41.228],[-94.6449,41.2325],[-94.6371,41.233],[-94.6179,41.2383],[-94.6083,41.2357],[-94.6043,41.2368],[-94.5979,41.2368],[-94.5931,41.2356],[-94.5861,41.2322],[-94.5752,41.233],[-94.5555,41.2371],[-94.5464,41.237],[-94.5305,41.23],[-94.5276,41.2296],[-94.5173,41.2317],[-94.5151,41.2345],[-94.5127,41.2357],[-94.5056,41.2356],[-94.5016,41.2338],[-94.496,41.2263],[-94.4935,41.2267],[-94.4901,41.2288],[-94.4876,41.229],[-94.4822,41.2268],[-94.4727,41.2263],[-94.4619,41.2221],[-94.4564,41.2236],[-94.4516,41.2199],[-94.4511,41.2154],[-94.4487,41.2149],[-94.4457,41.2157],[-94.4449,41.2141],[-94.4421,41.2128],[-94.4431,41.2104],[-94.4374,41.2017],[-94.431,41.2036],[-94.4305,41.2014],[-94.412,41.1889],[-94.4087,41.1854],[-94.4007,41.1818],[-94.3862,41.1725],[-94.3849,41.1665],[-94.3749,41.1553],[-94.3552,41.1179],[-94.3452,41.1096],[-94.3372,41.1055],[-94.3345,41.1015],[-94.3285,41.0875],[-94.3239,41.0841],[-94.3181,41.0834],[-94.3127,41.0865],[-94.3036,41.0877],[-94.2988,41.0875],[-94.2946,41.0845],[-94.2898,41.0834],[-94.2659,41.0903],[-94.2596,41.0907],[-94.2555,41.0884],[-94.2502,41.0825],[-94.2401,41.0762],[-94.2251,41.0587],[-94.2075,41.0621],[-94.1908,41.0701],[-94.1846,41.0699],[-94.1695,41.063],[-94.1656,41.0622],[-94.158,41.0628],[-94.15,41.0649],[-94.1427,41.0649],[-94.1373,41.0637],[-94.1346,41.0613],[-94.1321,41.0557],[-94.1305,41.048],[-94.1272,41.0456],[-94.1195,41.0459],[-94.1121,41.0491],[-94.1074,41.0497],[-94.0993,41.0493],[-94.0952,41.0515],[-94.0855,41.0524],[-94.08,41.0557],[-94.0722,41.0629],[-94.0633,41.066],[-94.0559,41.0699],[-94.0517,41.07],[-94.0425,41.0671],[-94.037,41.0594],[-94.0324,41.059],[-94.0227,41.0551],[-94.0163,41.0492],[-93.9964,41.0372],[-93.9924,41.0328],[-93.9883,41.0329],[-93.9814,41.0349],[-93.9737,41.0388],[-93.9436,41.041],[-93.9303,41.0451],[-93.9267,41.0481],[-93.8947,41.0487],[-93.8927,41.0482],[-93.885,41.043],[-93.8808,41.038],[-93.8747,41.0278],[-93.8635,41.0178],[-93.8584,41.0022],[-93.8529,40.9966],[-93.8346,40.989],[-93.8179,40.9774],[-93.8107,40.9704],[-93.804,40.956],[-93.8027,40.9473],[-93.8048,40.9393],[-93.7989,40.927],[-93.7971,40.9183],[-93.7953,40.9158],[-93.7877,40.9131],[-93.7831,40.91],[-93.7787,40.8994],[-93.7695,40.8889],[-93.7638,40.8801],[-93.7585,40.8793],[-93.7493,40.8815],[-93.7435,40.8813],[-93.7314,40.8711],[-93.7221,40.8663],[-93.7098,40.8629],[-93.6931,40.8614],[-93.6738,40.857],[-93.6586,40.847],[-93.6497,40.8423],[-93.6358,40.8366],[-93.624,40.8302],[-93.6162,40.8274],[-93.6033,40.8249],[-93.5783,40.8245],[-93.5744,40.8238],[-93.5679,40.8161],[-93.5563,40.8114],[-93.5416,40.8002],[-93.5265,40.7852],[-93.5164,40.7813],[-93.5091,40.7772],[-93.5022,40.7572],[-93.4986,40.7526],[-93.4876,40.7492],[-93.48,40.7434],[-93.4752,40.7436],[-93.4641,40.746],[-93.4571,40.7453],[-93.4452,40.7398],[-93.4316,40.7303],[-93.4233,40.726],[-93.4162,40.7238],[-93.4056,40.7236],[-93.402,40.7227],[-93.383,40.7088],[-93.3596,40.7005],[-93.3543,40.6947],[-93.3407,40.6855],[-93.3308,40.6743],[-93.3153,40.6784],[-93.2994,40.684],[-93.266,40.6897],[-93.2557,40.6922],[-93.2439,40.6963],[-93.2309,40.6984],[-93.2229,40.7017],[-93.2127,40.6943],[-93.1882,40.6805],[-93.1722,40.6615],[-93.1662,40.65],[-93.1483,40.6266],[-93.1472,40.6179],[-93.15,40.6102],[-93.1495,40.6079],[-93.1467,40.6065],[-93.133,40.6056],[-93.1173,40.6017],[-93.1123,40.601],[-93.1104,40.6016],[-93.1043,40.6059],[-93.0915,40.6175],[-93.0832,40.6224],[-93.0779,40.6285],[-93.07,40.6351],[-93.0635,40.6388],[-93.0545,40.6407],[-93.0453,40.6395],[-93.0247,40.6325],[-93.0188,40.6314],[-93.0128,40.6317],[-93,40.6346],[-92.9925,40.6341],[-92.9826,40.6287],[-92.9619,40.6361],[-92.9544,40.6361],[-92.939,40.633],[-92.9263,40.6327],[-92.9039,40.6248],[-92.8883,40.6313],[-92.843,40.6315],[-92.8375,40.6329],[-92.8269,40.638],[-92.8229,40.6381],[-92.8179,40.6366],[-92.8083,40.6379],[-92.7959,40.6461],[-92.7946,40.6506],[-92.7914,40.6525],[-92.7794,40.6471],[-92.7773,40.6488],[-92.7741,40.6483],[-92.7678,40.6447],[-92.7593,40.6452],[-92.7564,40.6481],[-92.7581,40.6568],[-92.7538,40.6672],[-92.7452,40.6729],[-92.7393,40.6781],[-92.733,40.681],[-92.7099,40.6839],[-92.7021,40.6841],[-92.6863,40.6791],[-92.6821,40.6787],[-92.6576,40.6835],[-92.6203,40.696],[-92.5967,40.7089],[-92.5801,40.7151],[-92.5639,40.7197],[-92.5473,40.7231],[-92.5432,40.7254],[-92.5353,40.7328],[-92.523,40.7447],[-92.5137,40.7553],[-92.5057,40.7677],[-92.5049,40.7704],[-92.5059,40.7728],[-92.5034,40.776],[-92.5023,40.7817],[-92.4953,40.7898],[-92.4906,40.794],[-92.4841,40.7975],[-92.4807,40.7985],[-92.4755,40.7986],[-92.4629,40.7962],[-92.4466,40.7854],[-92.4338,40.7798],[-92.4236,40.7773],[-92.4126,40.7773],[-92.3981,40.7759],[-92.3855,40.7719],[-92.336,40.7532],[-92.3303,40.7504],[-92.2952,40.7501],[-92.2917,40.7483],[-92.2638,40.743],[-92.2348,40.7354],[-92.2317,40.7349],[-92.2269,40.7356],[-92.2181,40.7322],[-92.2117,40.7318],[-92.1939,40.7329],[-92.1865,40.7366],[-92.1779,40.7447],[-92.1734,40.7454],[-92.1667,40.7444],[-92.1427,40.7275],[-92.1325,40.7245],[-92.1283,40.7244],[-92.1169,40.7296],[-92.1115,40.7312],[-92.0974,40.7332],[-92.0831,40.7334],[-92.0611,40.7317],[-92.0566,40.7281],[-92.048,40.7169],[-92.0389,40.7115],[-92.0029,40.7001],[-91.9934,40.6956],[-91.9616,40.6918],[-91.9433,40.6881],[-91.9357,40.6828],[-91.928,40.6738],[-91.9188,40.6688],[-91.9141,40.6678],[-91.9083,40.6676],[-91.9001,40.6689],[-91.8799,40.6739],[-91.8555,40.6818],[-91.8427,40.6844],[-91.8324,40.6902],[-91.8263,40.6926],[-91.8158,40.6942],[-91.8076,40.6914],[-91.8052,40.6936],[-91.8038,40.6998],[-91.7795,40.6963],[-91.7737,40.6935],[-91.7657,40.688],[-91.7566,40.6763],[-91.7255,40.6209],[-91.7174,40.6087],[-91.7102,40.6033],[-91.6853,40.5888],[-91.6725,40.5896],[-91.6609,40.5939],[-91.6562,40.5949],[-91.6478,40.5952],[-91.6303,40.5931],[-91.622,40.5912],[-91.6092,40.5865],[-91.5871,40.5849],[-91.5785,40.5835],[-91.5716,40.581],[-91.5654,40.5773],[-91.5533,40.5623],[-91.5431,40.5603],[-91.5409,40.5591],[-91.5129,40.5312],[-91.5072,40.5265],[-91.5016,40.524],[-91.4304,40.523],[-91.4164,40.5309],[-91.3995,40.5424]],[[-95.4975,41.1934],[-95.4938,41.1902],[-95.4833,41.185],[-95.472,41.1833],[-95.4613,41.1854],[-95.4415,41.1924],[-95.4258,41.1931]],[[-95.4975,41.1934],[-95.4679,41.1982],[-95.4564,41.1992],[-95.4475,41.1985],[-95.4258,41.1931]],[[-95.7529,41.2085],[-95.7497,41.2061],[-95.7393,41.2037],[-95.7309,41.1975],[-95.7161,41.1963],[-95.7038,41.1901],[-95.6994,41.1888],[-95.6893,41.1891],[-95.6833,41.1905],[-95.6719,41.1914],[-95.652,41.1907],[-95.6216,41.1782],[-95.6172,41.1749],[-95.6115,41.1739],[-95.6004,41.1682],[-95.593,41.166],[-95.5798,41.1639],[-95.5689,41.1599],[-95.5452,41.1797],[-95.5373,41.182],[-95.5153,41.1833],[-95.5046,41.1909],[-95.4975,41.1934]],[[-96.0169,41.3201],[-96.0028,41.3274],[-95.9971,41.3272],[-95.9943,41.3219]],[[-96.0169,41.3201],[-96.0253,41.3343],[-96.0272,41.3436],[-96.0264,41.3564],[-96.025,41.3617],[-96.0235,41.3648],[-96.0221,41.3654],[-96.0209,41.3655],[-96.0188,41.3592],[-96.0163,41.3562],[-96.0046,41.3553],[-95.9823,41.3562],[-95.9749,41.3548],[-95.9661,41.3446],[-95.9584,41.3406],[-95.9589,41.3391],[-95.9648,41.336]],[[-95.9943,41.3219],[-95.9927,41.3089],[-95.9974,41.2814],[-96.0049,41.2708],[-96.0077,41.26],[-96.0081,41.2518],[-96.0124,41.2489],[-96.0141,41.2353],[-96.0146,41.2279],[-96.0137,41.2195],[-96.0095,41.2142],[-96.0059,41.2119],[-95.9935,41.209],[-95.9343,41.2085],[-95.9078,41.2071],[-95.8963,41.2088],[-95.8772,41.2155],[-95.8668,41.2175],[-95.8571,41.2184],[-95.8429,41.2174],[-95.8304,41.2179],[-95.8262,41.2198],[-95.8194,41.225],[-95.817,41.2257],[-95.7785,41.2154],[-95.7629,41.2102],[-95.7529,41.2085]],[[-95.9943,41.3219],[-95.9924,41.3244],[-95.9871,41.3279],[-95.9724,41.3343],[-95.9648,41.336]],[[-95.9648,41.336],[-95.9442,41.3374],[-95.919,41.3375],[-95.8982,41.3332],[-95.8812,41.3265],[-95.8649,41.3108],[-95.8584,41.3023],[-95.8534,41.2715],[-95.8513,41.2658],[-95.8484,41.2629],[-95.8455,41.2609],[-95.8321,41.2572],[-95.822,41.2524],[-95.8112,41.2488],[-95.8008,41.2385],[-95.793,41.2335],[-95.7785,41.2316],[-95.7729,41.2295],[-95.7598,41.2208],[-95.7577,41.2178],[-95.7559,41.2118],[-95.7529,41.2085]],[[-97.4652,41.4581],[-97.4424,41.4574],[-97.427,41.4542],[-97.398,41.4379],[-97.3919,41.4255],[-97.383,41.4211],[-97.3774,41.42],[-97.3629,41.4201],[-97.3513,41.4188],[-97.328,41.4126],[-97.3151,41.4077],[-97.305,41.4061],[-97.2918,41.4069],[-97.2808,41.4094],[-97.2729,41.4064],[-97.2656,41.4061],[-97.2498,41.4036],[-97.2285,41.4036],[-97.2235,41.4043],[-97.208,41.4038],[-97.194,41.4023],[-97.1841,41.4038],[-97.1469,41.4128],[-97.0959,41.4311],[-97.0827,41.4392],[-97.0779,41.4366],[-97.0748,41.4359],[-97.06,41.4377],[-97.0361,41.4448],[-97.0184,41.4458],[-96.9988,41.4503],[-96.9788,41.4535],[-96.9772,41.455],[-96.9763,41.4583],[-96.975,41.4594],[-96.9704,41.4604],[-96.9425,41.4598],[-96.9036,41.4638],[-96.831,41.4617],[-96.7766,41.461],[-96.7564,41.4603],[-96.7318,41.4574],[-96.6885,41.4548],[-96.6703,41.4506],[-96.656,41.4486],[-96.6421,41.4488],[-96.6374,41.4497],[-96.629,41.4485],[-96.5917,41.449],[-96.5711,41.4469],[-96.5493,41.4468],[-96.5412,41.4453],[-96.5157,41.4372],[-96.4786,41.4218],[-96.4629,41.414],[-96.4449,41.3995],[-96.4316,41.3912],[-96.4235,41.3871],[-96.4038,41.3826],[-96.3896,41.3802],[-96.3389,41.3682],[-96.3343,41.3666],[-96.3198,41.358],[-96.3149,41.3562],[-96.2937,41.3526],[-96.2654,41.3632],[-96.2545,41.3646],[-96.2489,41.3629],[-96.2445,41.3626],[-96.2341,41.3662],[-96.232,41.366],[-96.2304,41.3641],[-96.2083,41.3546],[-96.2023,41.3493],[-96.1872,41.3512],[-96.1785,41.3494],[-96.1719,41.3501],[-96.164,41.3447],[-96.1584,41.3423],[-96.1504,41.3336],[-96.1437,41.3281],[-96.13,41.3213],[-96.1074,41.3173],[-96.0811,41.3172],[-96.0637,41.3122],[-96.0445,41.3104],[-96.0303,41.3139],[-96.0169,41.3201]],[[-97.532,41.4707],[-97.5242,41.4678],[-97.5033,41.4652],[-97.4956,41.4633],[-97.4824,41.4576],[-97.4757,41.4584],[-97.4652,41.4581]],[[-97.532,41.4707],[-97.516,41.4727],[-97.5028,41.4722],[-97.4919,41.4667],[-97.4768,41.4652],[-97.4652,41.4581]],[[-97.532,41.4707],[-97.5445,41.47],[-97.5629,41.4718],[-97.5794,41.4672],[-97.5854,41.4677],[-97.5991,41.4723],[-97.6026,41.4684],[-97.61,41.4657],[-97.6273,41.4636],[-97.6383,41.4611],[-97.6538,41.46],[-97.6985,41.4454],[-97.7224,41.4318],[-97.7384,41.421],[-97.7476,41.4166],[-97.7607,41.4141],[-97.8079,41.4105],[-97.8143,41.4083],[-97.821,41.4037],[-97.8334,41.4018],[-97.8434,41.3976],[-97.8611,41.3936],[-97.8783,41.3872],[-97.8912,41.385],[-97.9061,41.3852],[-97.9094,41.3781],[-97.9221,41.3645],[-97.935,41.3549],[-97.951,41.3478],[-97.9632,41.3441],[-97.9704,41.3388],[-97.9798,41.3345],[-98.0005,41.3226],[-98.0309,41.3156],[-98.0589,41.304],[-98.0865,41.3004],[-98.0941,41.2987],[-98.102,41.2946],[-98.1148,41.2853],[-98.1178,41.2842],[-98.1287,41.2821],[-98.1542,41.2806],[-98.1663,41.2776],[-98.1795,41.2721],[-98.1949,41.2626],[-98.2122,41.2574],[-98.2143,41.2561],[-98.2187,41.2516],[-98.2264,41.2374],[-98.2328,41.2294],[-98.2335,41.2253],[-98.2318,41.2127],[-98.233,41.2099],[-98.2629,41.1937],[-98.2683,41.1892],[-98.2629,41.1829],[-98.2581,41.179],[-98.2546,41.1777],[-98.2491,41.1738],[-98.2351,41.1694],[-98.2334,41.1642],[-98.2302,41.1385],[-98.2305,41.1186],[-98.2271,41.1046],[-98.226,41.0899],[-98.2143,41.0605],[-98.2052,41.046],[-98.2,41.0321],[-98.1964,41.0176],[-98.195,41.0006],[-98.1999,40.9923],[-98.2049,40.9758],[-98.2149,40.9671],[-98.2263,40.9613],[-98.2429,40.9511],[-98.2603,40.943],[-98.294,40.9306],[-98.297,40.9284],[-98.3107,40.9222],[-98.3212,40.9154],[-98.3327,40.9037],[-98.3392,40.8991],[-98.3716,40.8835],[-98.3847,40.8793],[-98.3913,40.8757],[-98.4095,40.8689],[-98.4261,40.8608],[-98.454,40.8534],[-98.4626,40.848],[-98.4936,40.837],[-98.5019,40.8315],[-98.5165,40.8268],[-98.5322,40.8241],[-98.5421,40.8208],[-98.5742,40.8054],[-98.5956,40.7925],[-98.6095,40.7856],[-98.6409,40.7774],[-98.6684,40.7743],[-98.6832,40.7717],[-98.7139,40.7609],[-98.736,40.7512],[-98.7599,40.7433],[-98.7868,40.7314],[-98.8146,40.7289],[-98.8492,40.7126],[-98.8757,40.7052],[-98.887,40.7034],[-98.9036,40.7023],[-98.9654,40.7018],[-98.9915,40.6987],[-99,40.6984],[-99.0147,40.6924],[-99.0274,40.6851],[-99.0469,40.6826],[-99.0596,40.6782],[-99.0681,40.6768],[-99.0841,40.677],[-99.12,40.6812],[-99.1279,40.6838],[-99.1365,40.6894],[-99.1447,40.6924],[-99.1625,40.6923],[-99.1772,40.69],[-99.2105,40.6921],[-99.2397,40.6903],[-99.2664,40.6935],[-99.2807,40.694],[-99.3031,40.6932],[-99.3158,40.6954],[-99.3251,40.6945],[-99.3295,40.6953],[-99.3396,40.6999],[-99.3567,40.7036],[-99.3761,40.7092],[-99.3893,40.7113],[-99.399,40.7154],[-99.4038,40.7152],[-99.4177,40.712],[-99.4281,40.7112],[-99.4385,40.7118],[-99.4681,40.7162],[-99.51,40.7196],[-99.5303,40.7224],[-99.5436,40.7227],[-99.5732,40.7254],[-99.5962,40.7251],[-99.6143,40.7228],[-99.6371,40.7215],[-99.66,40.7229],[-99.6714,40.7256],[-99.7068,40.7377],[-99.7122,40.7387],[-99.726,40.7392],[-99.7361,40.7416],[-99.7513,40.75],[-99.7698,40.7584],[-99.781,40.7623],[-99.7967,40.7655],[-99.8113,40.7664],[-99.817,40.7676],[-99.8625,40.7911],[-99.8788,40.8019],[-99.9128,40.8177],[-99.9204,40.8222],[-99.9524,40.8383],[-99.9649,40.8469],[-99.982,40.856],[-100.0046,40.865],[-100.0112,40.8665],[-100.0316,40.8685],[-100.0567,40.8769],[-100.0746,40.8869],[-100.0873,40.8925],[-100.0967,40.8957],[-100.103,40.8968],[-100.1095,40.9005],[-100.1144,40.9046],[-100.1327,40.9124],[-100.1408,40.9142],[-100.1491,40.9173],[-100.1629,40.9251],[-100.1733,40.929],[-100.1774,40.9347],[-100.1937,40.9425],[-100.2132,40.9492],[-100.2333,40.9594],[-100.2553,40.9687],[-100.2624,40.9705],[-100.2712,40.9758],[-100.2981,40.987],[-100.3076,40.9938],[-100.3192,41.0003],[-100.3338,41.0018],[-100.335,41.0035],[-100.3551,41.0153],[-100.3734,41.0274],[-100.3807,41.0338],[-100.3825,41.0399],[-100.3876,41.0459],[-100.3988,41.0548],[-100.4281,41.0745],[-100.4336,41.0795],[-100.4416,41.0841],[-100.4536,41.0878],[-100.4707,41.0899],[-100.4846,41.0926],[-100.5379,41.0959],[-100.5563,41.099],[-100.591,41.107],[-100.6168,41.1092],[-100.638,41.112],[-100.647,41.1165],[-100.654,41.1254],[-100.6663,41.1314],[-100.6887,41.1393],[-100.7099,41.1452],[-100.7186,41.1513],[-100.7289,41.156],[-100.7484,41.1607],[-100.7669,41.1675],[-100.777,41.1731],[-100.7938,41.1857],[-100.8072,41.1922],[-100.8257,41.2041],[-100.8333,41.2075],[-100.8589,41.2131],[-100.8754,41.2139],[-100.8878,41.2122],[-100.9089,41.2169],[-100.9179,41.2173],[-100.9304,41.2158],[-100.9446,41.2114],[-100.9514,41.2107],[-100.9821,41.2122],[-101.0054,41.2152],[-101.0398,41.2136],[-101.057,41.214],[-101.0938,41.2174],[-101.0963,41.2182],[-101.1009,41.2227],[-101.1049,41.2245],[-101.116,41.2254],[-101.119,41.225],[-101.122,41.2236],[-101.1227,41.2156],[-101.1284,41.2108],[-101.1501,41.199],[-101.1567,41.1962],[-101.1641,41.1948],[-101.1837,41.1939],[-101.1985,41.1946],[-101.2137,41.1963],[-101.2403,41.1951],[-101.2832,41.1865],[-101.3147,41.184],[-101.3472,41.184],[-101.3578,41.1867],[-101.376,41.1894],[-101.4033,41.1856],[-101.4183,41.1855],[-101.4326,41.1884],[-101.4377,41.1909],[-101.4525,41.1954],[-101.4648,41.1963],[-101.4834,41.1955],[-101.495,41.1976],[-101.5082,41.2018],[-101.5197,41.207],[-101.5423,41.2078],[-101.5577,41.2104],[-101.5637,41.2121],[-101.5677,41.2143],[-101.5762,41.2147],[-101.5898,41.2174],[-101.6011,41.2178],[-101.6161,41.2198],[-101.6315,41.2191],[-101.6397,41.2234],[-101.6472,41.2259],[-101.6544,41.2273],[-101.669,41.227],[-101.6967,41.2288],[-101.7118,41.2312],[-101.737,41.2378],[-101.7719,41.2423],[-101.8025,41.2487],[-101.8247,41.2584],[-101.8517,41.2669],[-101.8606,41.2674],[-101.8768,41.2656],[-101.8867,41.267],[-101.8975,41.2717],[-101.9163,41.2842],[-101.9217,41.2873],[-101.9247,41.2879],[-101.9461,41.2915],[-101.9703,41.2937],[-101.9869,41.2942],[-102.0182,41.2927],[-102.0316,41.2937],[-102.0589,41.3024],[-102.0639,41.3046],[-102.0681,41.3082],[-102.0807,41.3149],[-102.0847,41.3159],[-102.114,41.3179],[-102.1393,41.324],[-102.1533,41.3221],[-102.1675,41.3245],[-102.1751,41.3278],[-102.1825,41.3324],[-102.1941,41.3424],[-102.196,41.3453],[-102.205,41.3538],[-102.2169,41.3602],[-102.2375,41.3654],[-102.2456,41.3661],[-102.2758,41.3724],[-102.2928,41.3813],[-102.3093,41.392],[-102.3264,41.3961],[-102.3417,41.3963],[-102.3587,41.3978],[-102.3657,41.4011],[-102.3764,41.4018],[-102.3853,41.406],[-102.3957,41.4089],[-102.4054,41.414],[-102.427,41.4226],[-102.4354,41.4281],[-102.4394,41.432],[-102.4436,41.4334],[-102.4537,41.4417],[-102.4592,41.4449],[-102.4768,41.4508],[-102.4944,41.4528],[-102.4998,41.4555],[-102.5018,41.4583],[-102.5049,41.4596],[-102.5333,41.4626],[-102.5399,41.4649],[-102.5476,41.4691],[-102.5617,41.4736],[-102.5695,41.4797],[-102.5731,41.4846],[-102.5897,41.4944],[-102.6147,41.5],[-102.6226,41.4996],[-102.6464,41.5098],[-102.6617,41.5179],[-102.6771,41.5213],[-102.6852,41.5242],[-102.696,41.5303],[-102.7233,41.5498],[-102.7345,41.5557],[-102.7435,41.5593],[-102.7736,41.5698],[-102.7943,41.5743],[-102.8106,41.5793],[-102.8319,41.5842],[-102.845,41.5902],[-102.8511,41.5943],[-102.8548,41.5981],[-102.8662,41.6039],[-102.8842,41.6092],[-102.9046,41.6121],[-102.9229,41.6211],[-102.9614,41.6323],[-102.9775,41.639],[-102.9867,41.6416],[-103,41.6475],[-103.0213,41.6483],[-103.0389,41.6535],[-103.0524,41.6602],[-103.0685,41.6699],[-103.107,41.6891],[-103.1385,41.6981],[-103.1487,41.6956],[-103.173,41.6926],[-103.1836,41.6932],[-103.1989,41.6966],[-103.2198,41.7041],[-103.2388,41.7092],[-103.251,41.7134],[-103.2563,41.7155],[-103.2622,41.7191],[-103.2842,41.7247],[-103.3171,41.746],[-103.3377,41.749],[-103.3544,41.7543],[-103.3644,41.7591],[-103.3658,41.7608],[-103.3713,41.764],[-103.3854,41.7673],[-103.3909,41.7719],[-103.3964,41.7743],[-103.4069,41.7757],[-103.4253,41.7749],[-103.4336,41.7756],[-103.4438,41.7754],[-103.4541,41.7767],[-103.4633,41.779],[-103.4951,41.793],[-103.5092,41.7961],[-103.5272,41.8074],[-103.5404,41.8121],[-103.5441,41.8154],[-103.5565,41.8228],[-103.5858,41.8334],[-103.6515,41.8539],[-103.6668,41.8616],[-103.6725,41.8636],[-103.6848,41.8659],[-103.6925,41.8661],[-103.6988,41.8678],[-103.7066,41.873],[-103.7181,41.8959],[-103.7209,41.8998],[-103.7253,41.9036],[-103.7295,41.9058],[-103.7365,41.9078],[-103.7525,41.9163],[-103.7795,41.926],[-103.7922,41.9293],[-103.8049,41.9353],[-103.8328,41.9408],[-103.8514,41.9491],[-103.8729,41.9547],[-103.8766,41.9549],[-103.8797,41.9539],[-103.8884,41.948],[-103.8968,41.9471],[-103.9254,41.9479],[-103.9339,41.949],[-103.94,41.9513],[-103.9577,41.9531],[-103.975,41.9601],[-103.9844,41.9623],[-103.9976,41.9677],[-104.0048,41.9694],[-104.0173,41.9741],[-104.0284,41.9793],[-104.0344,41.9912],[-104.0368,41.9937],[-104.0437,41.9951],[-104.0535,41.9957],[-104.0647,41.9944],[-104.0689,41.9945],[-104.0722,41.9957],[-104.0774,42.0008],[-104.079,42.0064],[-104.0845,42.0173],[-104.0884,42.0202],[-104.1248,42.0358],[-104.1299,42.0369],[-104.1399,42.0413],[-104.1493,42.0439],[-104.1543,42.0469],[-104.1707,42.0529],[-104.1995,42.0672],[-104.2382,42.0822],[-104.2564,42.0831],[-104.2661,42.0866],[-104.274,42.093],[-104.2868,42.0981],[-104.2974,42.1004],[-104.3092,42.1047],[-104.3236,42.1066],[-104.3317,42.1114],[-104.3385,42.1138],[-104.3447,42.124],[-104.3476,42.1264],[-104.3611,42.133],[-104.382,42.1409],[-104.3939,42.1518],[-104.4003,42.1553],[-104.4028,42.1584],[-104.4141,42.1631],[-104.436,42.1746],[-104.4412,42.1784],[-104.4532,42.1828],[-104.4607,42.1868],[-104.4668,42.1883],[-104.4741,42.1925],[-104.4792,42.1939],[-104.4838,42.1972],[-104.4903,42.1984],[-104.4977,42.1987],[-104.5048,42.2012],[-104.52,42.2049],[-104.5272,42.2077],[-104.531,42.2101],[-104.535,42.2103],[-104.5418,42.2122],[-104.5454,42.215],[-104.5489,42.2222],[-104.5512,42.2239],[-104.5551,42.2241],[-104.5649,42.2219],[-104.5652,42.224],[-104.5676,42.2255],[-104.5805,42.2267],[-104.5918,42.2302],[-104.5948,42.2302],[-104.6022,42.227],[-104.6066,42.2263],[-104.616,42.2295],[-104.6262,42.2299],[-104.6293,42.232],[-104.6309,42.2346],[-104.6421,42.2348],[-104.6458,42.2359],[-104.6543,42.2366],[-104.6629,42.2356],[-104.6679,42.2385],[-104.6721,42.2433],[-104.6783,42.2458],[-104.7091,42.248],[-104.7169,42.2471],[-104.7239,42.2498],[-104.7326,42.2514],[-104.7503,42.2563],[-104.7534,42.2609],[-104.7571,42.2603],[-104.7606,42.2577],[-104.7638,42.2568],[-104.7721,42.2553],[-104.7774,42.2508],[-104.7817,42.2486],[-104.7941,42.2479],[-104.8038,42.2486],[-104.8131,42.2522],[-104.8361,42.2641],[-104.8609,42.2746],[-104.8868,42.2817],[-104.8953,42.2868],[-104.906,42.297],[-104.9108,42.2988],[-104.9278,42.298],[-104.9448,42.2987],[-104.9575,42.2964],[-104.9654,42.2937],[-104.9828,42.2923],[-104.9969,42.29],[-105.0008,42.2885],[-105.004,42.2852],[-105.0083,42.2862],[-105.0114,42.2852],[-105.0129,42.287],[-105.022,42.2882],[-105.026,42.2923],[-105.0317,42.2945],[-105.0432,42.2942],[-105.0473,42.2976],[-105.0559,42.3001],[-105.0593,42.3141],[-105.0714,42.322],[-105.0773,42.3274],[-105.0881,42.3323],[-105.1051,42.3341],[-105.1126,42.3367],[-105.123,42.3381],[-105.1401,42.3589],[-105.1557,42.3694],[-105.1607,42.3829],[-105.1648,42.386],[-105.1688,42.3935],[-105.1776,42.4016],[-105.1799,42.4051],[-105.1817,42.4107],[-105.1821,42.4244],[-105.1865,42.4288],[-105.1901,42.4373],[-105.1922,42.4385],[-105.2201,42.4444],[-105.2224,42.4476],[-105.2222,42.4552],[-105.2231,42.4569],[-105.2347,42.4645],[-105.2452,42.4692],[-105.2458,42.4735],[-105.249,42.481],[-105.2511,42.4961],[-105.2565,42.5035],[-105.2565,42.5089],[-105.2597,42.511],[-105.2618,42.5146],[-105.2624,42.5184],[-105.2593,42.524],[-105.2626,42.5295],[-105.2749,42.5285],[-105.2795,42.5309],[-105.2925,42.5349],[-105.2977,42.5346],[-105.302,42.5358],[-105.3042,42.5404],[-105.3077,42.543],[-105.3026,42.5534],[-105.3049,42.5545],[-105.3079,42.5547],[-105.3088,42.5561],[-105.3125,42.5573],[-105.3149,42.5607],[-105.3158,42.5662],[-105.3193,42.567],[-105.3201,42.5696],[-105.3305,42.5761],[-105.3346,42.5811],[-105.3412,42.5837],[-105.346,42.5904],[-105.3524,42.5933],[-105.3619,42.6001],[-105.3772,42.6045],[-105.3943,42.6129],[-105.3968,42.6176],[-105.3965,42.6247],[-105.3948,42.6272],[-105.3895,42.6297],[-105.3942,42.6328],[-105.3982,42.6448],[-105.4016,42.6473],[-105.4094,42.6498],[-105.4134,42.6519],[-105.425,42.66],[-105.4383,42.6745],[-105.4427,42.6781],[-105.4413,42.6852],[-105.4423,42.6885],[-105.4457,42.6901],[-105.4525,42.6908],[-105.4545,42.6919],[-105.4564,42.6972],[-105.4633,42.7013],[-105.4689,42.7086],[-105.4772,42.7162],[-105.4812,42.7184],[-105.4828,42.7222],[-105.5019,42.7299],[-105.521,42.7357],[-105.5455,42.7401],[-105.5562,42.7405],[-105.5596,42.7414],[-105.5684,42.7408],[-105.583,42.7435],[-105.5893,42.7466],[-105.5918,42.7496],[-105.5985,42.7535],[-105.6108,42.7589],[-105.6283,42.7561],[-105.6329,42.7573],[-105.6383,42.7594],[-105.6425,42.7638],[-105.6486,42.7661],[-105.6505,42.7681],[-105.6516,42.7718],[-105.659,42.7803],[-105.6637,42.7783],[-105.6705,42.7815],[-105.6817,42.7826],[-105.6892,42.7847],[-105.702,42.7813],[-105.7057,42.7847],[-105.7127,42.7942],[-105.7129,42.8053],[-105.7182,42.8091],[-105.7206,42.813],[-105.724,42.8155],[-105.7363,42.8196],[-105.7513,42.8214],[-105.7638,42.8246],[-105.7697,42.8246],[-105.7891,42.8269],[-105.8017,42.8383],[-105.8064,42.8403],[-105.8113,42.8409],[-105.8144,42.8426],[-105.8206,42.8501],[-105.8264,42.8525],[-105.8387,42.8557],[-105.8499,42.8618],[-105.8671,42.8619],[-105.8738,42.8637],[-105.8875,42.8645],[-105.8965,42.8636],[-105.9083,42.861],[-105.9268,42.8617],[-105.9384,42.8602],[-105.9653,42.8521],[-105.9823,42.8475],[-105.9871,42.8469],[-106.0015,42.849],[-106.0127,42.8518],[-106.0328,42.8615],[-106.0398,42.8638],[-106.0611,42.8666],[-106.0662,42.8662],[-106.0728,42.8644],[-106.0782,42.864],[-106.0815,42.8647],[-106.0863,42.8626],[-106.0926,42.8576],[-106.0971,42.8564],[-106.1137,42.8561],[-106.1215,42.8567],[-106.1368,42.8536],[-106.1507,42.8521],[-106.1682,42.8516],[-106.1797,42.8458],[-106.192,42.8408],[-106.1982,42.8411],[-106.2119,42.8516],[-106.2169,42.8521],[-106.2187,42.8537],[-106.2516,42.8575],[-106.2654,42.8565],[-106.274,42.8569],[-106.3062,42.8532],[-106.3231,42.8471],[-106.3366,42.8457],[-106.3482,42.8435],[-106.3649,42.8351],[-106.3701,42.8371],[-106.3704,42.8421],[-106.3753,42.8466],[-106.3785,42.8474],[-106.3876,42.8478],[-106.4025,42.8458],[-106.4134,42.8411],[-106.4185,42.8398],[-106.4312,42.8417],[-106.4407,42.8457],[-106.4533,42.8457],[-106.4616,42.8466],[-106.4731,42.8447],[-106.473,42.8372],[-106.4786,42.8333],[-106.4845,42.8316],[-106.4864,42.8287],[-106.4838,42.8232],[-106.4822,42.8235],[-106.4839,42.8195],[-106.4839,42.8131],[-106.4788,42.8098],[-106.4771,42.8071],[-106.4793,42.8015],[-106.4823,42.8006],[-106.4841,42.7987],[-106.4864,42.7993],[-106.4872,42.7975],[-106.4895,42.7972],[-106.5036,42.7829],[-106.513,42.7794],[-106.5269,42.7764],[-106.5432,42.7772],[-106.5481,42.7786],[-106.5674,42.7741],[-106.582,42.7747],[-106.6103,42.7668],[-106.6305,42.76],[-106.6337,42.7586],[-106.644,42.7499],[-106.656,42.7445],[-106.6617,42.7398],[-106.6621,42.7383],[-106.6599,42.7367],[-106.6638,42.7297],[-106.6673,42.7284],[-106.6709,42.7249],[-106.6744,42.7234],[-106.6777,42.7231],[-106.6799,42.7208],[-106.6852,42.7185],[-106.6935,42.7115],[-106.7031,42.7065],[-106.7091,42.7016],[-106.7149,42.6996],[-106.7292,42.6919],[-106.7457,42.6846],[-106.7627,42.6785],[-106.7729,42.6763],[-106.7772,42.6763],[-106.7822,42.6748],[-106.7958,42.6736],[-106.8073,42.6637],[-106.8259,42.6555],[-106.8317,42.6521],[-106.8336,42.6499],[-106.8451,42.6448],[-106.8526,42.6397],[-106.8637,42.6373],[-106.8691,42.6348],[-106.8739,42.6344],[-106.8847,42.6318],[-106.8994,42.6315],[-106.9019,42.6301],[-106.9055,42.6256],[-106.9146,42.6216],[-106.9227,42.6164],[-106.9311,42.6146],[-106.9343,42.6132],[-106.9405,42.6124],[-106.9609,42.6056],[-106.9753,42.6018],[-106.9811,42.5983],[-106.9863,42.5892],[-106.9921,42.5858],[-107.0009,42.5827],[-107.0031,42.5804],[-107.0047,42.5761],[-107.0115,42.5698],[-107.0169,42.5615],[-107.0337,42.5422],[-107.0406,42.5373],[-107.0449,42.5362],[-107.0497,42.5304],[-107.0756,42.5157],[-107.0831,42.5143],[-107.0927,42.5096],[-107.1026,42.5026],[-107.1105,42.4988],[-107.1214,42.4963],[-107.1251,42.4966],[-107.133,42.4952],[-107.1359,42.4915],[-107.1446,42.4897],[-107.1473,42.4805],[-107.1495,42.4783],[-107.1472,42.4705],[-107.1484,42.467],[-107.1542,42.4648],[-107.1667,42.4639],[-107.1714,42.4593],[-107.181,42.4542],[-107.1901,42.4509],[-107.1971,42.4474],[-107.207,42.4438],[-107.222,42.4411],[-107.2264,42.4392],[-107.2353,42.4371],[-107.2461,42.4368],[-107.2634,42.4395],[-107.2773,42.4389],[-107.286,42.4413],[-107.2978,42.4421],[-107.3066,42.4457],[-107.3206,42.4482],[-107.331,42.4518],[-107.3433,42.452],[-107.3547,42.4554],[-107.3644,42.4596],[-107.3755,42.4678],[-107.3946,42.4795],[-107.4081,42.4814],[-107.4135,42.4846],[-107.4212,42.4861],[-107.4269,42.4856],[-107.4338,42.4817],[-107.4372,42.4815],[-107.4507,42.4772],[-107.4545,42.4747],[-107.4667,42.4723],[-107.471,42.4724],[-107.4767,42.4738],[-107.4905,42.4738],[-107.4993,42.4709],[-107.5023,42.4689],[-107.5117,42.4684],[-107.5351,42.4628],[-107.5408,42.458],[-107.5888,42.4647],[-107.5934,42.4663],[-107.6001,42.4659],[-107.6025,42.4671],[-107.6039,42.4711],[-107.6133,42.475],[-107.619,42.482],[-107.6314,42.4876],[-107.6378,42.4888],[-107.6548,42.4889],[-107.6698,42.4913],[-107.6925,42.5],[-107.717,42.5081],[-107.7233,42.511],[-107.7277,42.5103],[-107.7373,42.5106],[-107.7513,42.5134],[-107.7633,42.517],[-107.7687,42.5164],[-107.7772,42.5131],[-107.7874,42.5113],[-107.8123,42.5137],[-107.8298,42.5133],[-107.8334,42.5119],[-107.8491,42.5089],[-107.8604,42.5085],[-107.8835,42.5092],[-107.9044,42.5137],[-107.9175,42.5208],[-107.9268,42.5247],[-107.9393,42.5222],[-107.9518,42.5214],[-107.9637,42.5219],[-107.9731,42.5239],[-107.9822,42.524],[-107.9889,42.5204],[-107.9935,42.5213],[-108.0085,42.5174],[-108.0118,42.5156],[-108.0169,42.515],[-108.0298,42.5161],[-108.0447,42.5199],[-108.0608,42.5209],[-108.0935,42.5178],[-108.1051,42.5152],[-108.1252,42.5148],[-108.1361,42.5112],[-108.1497,42.5122],[-108.1602,42.5141],[-108.2018,42.5118],[-108.213,42.5132],[-108.2211,42.5101],[-108.2282,42.5094],[-108.2318,42.5106],[-108.2364,42.514],[-108.2463,42.516],[-108.2501,42.516],[-108.2594,42.5128],[-108.2702,42.5116],[-108.2742,42.5068],[-108.2821,42.5006],[-108.2855,42.4952],[-108.2891,42.4961],[-108.2916,42.4953],[-108.2956,42.4974],[-108.3019,42.493],[-108.3056,42.4918],[-108.3105,42.4918],[-108.312,42.4908],[-108.3466,42.4815],[-108.3501,42.4819],[-108.3529,42.481],[-108.3571,42.4777],[-108.3635,42.4784],[-108.3678,42.4758],[-108.3716,42.4752],[-108.381,42.471],[-108.3883,42.4691],[-108.3931,42.4641],[-108.3951,42.4579],[-108.4047,42.452],[-108.4082,42.4507],[-108.4091,42.4494],[-108.4164,42.4503],[-108.4273,42.4478],[-108.4308,42.4483],[-108.4351,42.4505],[-108.4588,42.4409],[-108.4673,42.4414],[-108.4772,42.4433],[-108.4838,42.4451],[-108.4906,42.4488],[-108.515,42.4485],[-108.5231,42.4464],[-108.5302,42.4398],[-108.5343,42.4374],[-108.5436,42.4351],[-108.5462,42.4358],[-108.553,42.4342],[-108.5803,42.4394],[-108.5937,42.4402],[-108.6018,42.4392],[-108.6077,42.4398],[-108.6253,42.437],[-108.6437,42.4354],[-108.6644,42.4226],[-108.6724,42.4184],[-108.6777,42.4171],[-108.6819,42.4133],[-108.7088,42.396],[-108.7164,42.3787],[-108.7217,42.3777],[-108.7225,42.3757],[-108.7312,42.3694],[-108.7545,42.3572],[-108.7569,42.3595],[-108.7637,42.3614],[-108.7903,42.3622],[-108.8035,42.3658],[-108.8105,42.3656],[-108.82,42.3605],[-108.8297,42.3589],[-108.8399,42.3545],[-108.8478,42.3539],[-108.8548,42.3492],[-108.8743,42.3446]],[[-109.6229,41.997],[-109.6229,41.9969]],[[-109.2838,42.2259],[-109.3017,42.2145],[-109.3114,42.2064],[-109.318,42.2045],[-109.3223,42.2043],[-109.343,42.1974],[-109.3478,42.1967],[-109.3541,42.1925],[-109.3636,42.19],[-109.3903,42.1645],[-109.3943,42.1623],[-109.405,42.1534],[-109.4107,42.1506],[-109.4179,42.1488],[-109.4235,42.1463],[-109.4302,42.1419],[-109.4346,42.1348],[-109.4387,42.1196],[-109.4435,42.1136],[-109.4584,42.1046],[-109.4997,42.0872],[-109.5178,42.0777],[-109.5556,42.0504],[-109.5651,42.0409],[-109.5678,42.0355],[-109.5733,42.0285],[-109.5904,42.019],[-109.5973,42.0108],[-109.6123,42.0049],[-109.6229,41.997]],[[-108.9094,42.34],[-108.9232,42.3378],[-108.9268,42.3387],[-108.9327,42.3382],[-108.939,42.3345],[-108.9438,42.3331],[-108.9546,42.3317],[-108.9601,42.3277],[-108.9624,42.3218],[-108.9713,42.3153],[-108.9758,42.3137],[-108.9778,42.3121],[-109.026,42.296],[-109.0288,42.2959],[-109.0395,42.291],[-109.0538,42.2872],[-109.0655,42.2825],[-109.0761,42.2797],[-109.0963,42.2786],[-109.1067,42.2821],[-109.1169,42.2913],[-109.1256,42.2937],[-109.1306,42.2929],[-109.1432,42.2865],[-109.1641,42.2741],[-109.1708,42.2714],[-109.1907,42.2682],[-109.2107,42.2623],[-109.215,42.2596],[-109.2282,42.258],[-109.2495,42.2432],[-109.2611,42.2387],[-109.274,42.2321],[-109.2838,42.2259]],[[-108.8743,42.3446],[-108.879,42.3434],[-108.8951,42.343],[-108.9074,42.3412],[-108.9094,42.34]]]}},{"type":"Feature","properties":{"name":"Pony Express Trail"},"geometry":{"type":"MultiLineString","coordinates":[[[-122.1244,37.8913],[-122.1369,37.8878],[-122.1431,37.8901],[-122.1527,37.8899],[-122.1553,37.8915],[-122.1594,37.8925],[-122.1682,37.8917],[-122.1751,37.8889],[-122.1813,37.8798],[-122.1864,37.8743],[-122.1952,37.8679],[-122.2041,37.8665],[-122.2063,37.8656],[-122.2081,37.8631],[-122.2119,37.8622],[-122.216,37.8639],[-122.2176,37.866],[-122.2166,37.8679],[-122.2172,37.8694],[-122.2196,37.8708],[-122.2215,37.8704],[-122.2229,37.8717],[-122.2246,37.87],[-122.2277,37.8689],[-122.2326,37.8639],[-122.2404,37.8609],[-122.2425,37.8609],[-122.2609,37.8382],[-122.2691,37.8064],[-122.2768,37.7939],[-122.3008,37.7921],[-122.3373,37.7996],[-122.3663,37.8018],[-122.3932,37.7998],[-122.3972,37.7975],[-122.4007,37.7969],[-122.4001,37.7932]],[[-122.1328,38.0181],[-122.1317,38.012],[-122.1286,38.0084],[-122.1313,37.9961],[-122.1235,37.9808],[-122.1246,37.9792],[-122.1251,37.9741],[-122.1241,37.9675],[-122.127,37.9668],[-122.1285,37.9639],[-122.1308,37.9631],[-122.132,37.9587],[-122.1336,37.9578],[-122.1365,37.9588],[-122.1362,37.9575],[-122.134,37.9558],[-122.1337,37.9538],[-122.1353,37.9513],[-122.1326,37.9458],[-122.1333,37.9431],[-122.1355,37.9424],[-122.1371,37.9393],[-122.1365,37.9381],[-122.1398,37.9374],[-122.1411,37.9352],[-122.1468,37.9341],[-122.1484,37.9309],[-122.152,37.9283],[-122.1552,37.9269],[-122.1583,37.9271],[-122.1618,37.9258],[-122.1636,37.9214],[-122.1612,37.9203],[-122.1596,37.9183],[-122.1574,37.9177],[-122.1587,37.9169],[-122.1573,37.915],[-122.1618,37.9145],[-122.1615,37.9097],[-122.1531,37.9067],[-122.1409,37.9054],[-122.1307,37.9006],[-122.1255,37.8953],[-122.1244,37.8913]],[[-122.1328,38.0181],[-122.1309,38.0181],[-122.1185,38.0137],[-122.1145,38.0115],[-122.1048,38.0125],[-122.0896,38.0072],[-122.0803,38.0025],[-122.0739,37.995],[-122.0697,37.9874],[-122.0668,37.985],[-122.0627,37.9727],[-122.0588,37.9542],[-122.0601,37.9303],[-122.0646,37.9172],[-122.0636,37.9077],[-122.0598,37.9],[-122.0681,37.8967],[-122.0738,37.8976],[-122.0855,37.8975],[-122.0885,37.897],[-122.0902,37.8956],[-122.0924,37.8956],[-122.0993,37.8969],[-122.1084,37.8936],[-122.1244,37.8913]],[[-121.9997,38.3448],[-122.0078,38.3427],[-122.0134,38.3429],[-122.0154,38.342],[-122.0158,38.3399],[-122.0184,38.3369],[-122.0269,38.3353],[-122.0246,38.3298],[-122.0235,38.3197],[-122.03,38.3165],[-122.0332,38.3099],[-122.0325,38.2764],[-122.0338,38.2732],[-122.0391,38.2729],[-122.0399,38.2721],[-122.0399,38.2495],[-122.0728,38.25],[-122.0817,38.2473],[-122.0902,38.2461],[-122.1214,38.2442],[-122.1287,38.2281],[-122.1297,38.2171],[-122.1276,38.2126],[-122.137,38.21],[-122.1369,38.1869],[-122.1352,38.182],[-122.1294,38.1741],[-122.1131,38.1556],[-122.1083,38.1444],[-122.1094,38.1365],[-122.1061,38.1279],[-122.1053,38.1137],[-122.102,38.1062],[-122.1059,38.0935],[-122.1094,38.0885],[-122.12,38.0816],[-122.1286,38.0812],[-122.1322,38.0819],[-122.1375,38.0793],[-122.1388,38.0772],[-122.1394,38.0689],[-122.1408,38.0666],[-122.1475,38.0602],[-122.1514,38.0546],[-122.1546,38.0539],[-122.1628,38.0435],[-122.1566,38.0366],[-122.1452,38.0298],[-122.1361,38.0231],[-122.1328,38.0181]],[[-121.504,38.5835],[-121.5033,38.5856],[-121.5074,38.587],[-121.5095,38.5859],[-121.5368,38.5898],[-121.5957,38.5862],[-121.6271,38.5827],[-121.647,38.5764],[-121.6558,38.5746],[-121.6806,38.5747],[-121.6833,38.5726],[-121.6836,38.568],[-121.6987,38.565],[-121.7,38.5601],[-121.7199,38.5543],[-121.7397,38.5514],[-121.7412,38.5483],[-121.7393,38.5419],[-121.7433,38.541],[-121.7479,38.5355],[-121.7581,38.5313],[-121.7613,38.5272],[-121.7712,38.5184],[-121.7893,38.5093],[-121.8203,38.4881],[-121.838,38.478],[-121.8388,38.4748],[-121.8707,38.45],[-121.8762,38.4426],[-121.8802,38.4349],[-121.8857,38.4283],[-121.8955,38.4175],[-121.9093,38.4064],[-121.9108,38.4029],[-121.9155,38.4014],[-121.921,38.3975],[-121.9629,38.3652],[-121.9817,38.3575],[-121.9873,38.3562],[-121.9933,38.3496],[-121.9998,38.3448]],[[-121.0596,38.6562],[-121.0687,38.6444],[-121.0741,38.6404],[-121.0795,38.6308],[-121.0824,38.6286],[-121.0876,38.6282],[-121.1144,38.6221],[-121.1219,38.6192],[-121.1392,38.6179],[-121.1467,38.616],[-121.1553,38.6121],[-121.1651,38.6091],[-121.169,38.6059],[-121.1728,38.6053],[-121.1834,38.6008],[-121.1923,38.5984],[-121.1983,38.5983],[-121.2085,38.5964],[-121.2601,38.5902],[-121.2781,38.5893],[-121.2983,38.5855],[-121.3081,38.5858],[-121.3143,38.5847],[-121.3299,38.5778],[-121.3352,38.5781],[-121.3428,38.5769],[-121.3526,38.571],[-121.3682,38.5675],[-121.3771,38.5666],[-121.3858,38.5639],[-121.3905,38.5612],[-121.3982,38.5588],[-121.4061,38.5577],[-121.4155,38.5581],[-121.4245,38.5635],[-121.4334,38.5646],[-121.5039,38.5835]],[[-121.0596,38.6562],[-121.0787,38.6494],[-121.0854,38.649],[-121.1026,38.6552],[-121.1089,38.6594],[-121.1134,38.6584],[-121.1191,38.6598],[-121.1292,38.6598],[-121.1359,38.664],[-121.1445,38.6677],[-121.1531,38.6695],[-121.168,38.6747],[-121.1703,38.6733],[-121.1752,38.678],[-121.1781,38.6766]],[[-120.0191,38.797],[-120.0199,38.7943],[-120.0213,38.7934],[-120.023,38.8014],[-120.0275,38.8117],[-120.0395,38.8253],[-120.0346,38.8252],[-120.0306,38.8239],[-120.031,38.8269],[-120.0276,38.8253],[-120.0305,38.8311],[-120.0304,38.8339],[-120.0319,38.8354],[-120.0318,38.8384],[-120.0287,38.8412],[-120.0264,38.8484],[-120.0119,38.8563]],[[-120.0191,38.797],[-120.0177,38.7998],[-120.0174,38.8046],[-120.0199,38.8113],[-120.0195,38.82],[-120.0216,38.8237],[-120.0222,38.8276],[-120.0198,38.8374],[-120.0196,38.8436],[-120.0176,38.8473],[-120.0172,38.8513],[-120.0119,38.8563]],[[-120.0396,38.8253],[-120.0442,38.8247],[-120.0541,38.8261],[-120.0627,38.8228],[-120.0715,38.8215],[-120.0885,38.8128],[-120.0964,38.8073],[-120.0987,38.8044],[-120.1015,38.8053],[-120.1041,38.8096],[-120.1061,38.8089],[-120.1111,38.8029],[-120.1166,38.8038],[-120.1199,38.8019],[-120.1264,38.8084],[-120.1345,38.8077],[-120.1394,38.8044],[-120.1434,38.7979],[-120.1492,38.7943],[-120.1538,38.789],[-120.1583,38.7858],[-120.165,38.7889],[-120.1682,38.7895],[-120.1864,38.7875],[-120.1916,38.7899],[-120.2044,38.786],[-120.2109,38.787],[-120.2176,38.7837],[-120.2215,38.7851],[-120.2273,38.7846],[-120.2343,38.7865],[-120.2431,38.7822],[-120.25,38.7819],[-120.2669,38.7776],[-120.2794,38.7777],[-120.2884,38.774],[-120.2987,38.7749],[-120.3222,38.7662],[-120.3373,38.7671],[-120.3383,38.7689],[-120.3478,38.7692],[-120.3497,38.7732],[-120.3536,38.7749],[-120.3569,38.7739],[-120.3594,38.7775],[-120.362,38.7755],[-120.3626,38.7817],[-120.3673,38.7826],[-120.37,38.7841],[-120.3724,38.7825],[-120.3742,38.7828],[-120.3775,38.7812],[-120.3791,38.7828],[-120.3838,38.7816],[-120.387,38.7834],[-120.3909,38.781],[-120.3947,38.7836],[-120.3946,38.7855],[-120.3982,38.7832],[-120.4033,38.7819],[-120.4054,38.7799],[-120.419,38.7842],[-120.4184,38.7828],[-120.4193,38.7815],[-120.4242,38.7812],[-120.4317,38.7776],[-120.438,38.7772],[-120.4379,38.7748],[-120.4409,38.7752],[-120.4424,38.7741],[-120.444,38.7746],[-120.4465,38.7778],[-120.4444,38.7801],[-120.4453,38.7812],[-120.4468,38.7811],[-120.4461,38.7821],[-120.4468,38.7845],[-120.4493,38.7832],[-120.4525,38.7831],[-120.4547,38.7821],[-120.459,38.7837],[-120.4661,38.78],[-120.4704,38.7797],[-120.4717,38.7804],[-120.4767,38.7777],[-120.4814,38.7788],[-120.4827,38.7769],[-120.4892,38.7751],[-120.4904,38.7738],[-120.492,38.7737],[-120.49,38.7729],[-120.4938,38.7722],[-120.4957,38.7695],[-120.4969,38.7702],[-120.5002,38.7643],[-120.507,38.7603],[-120.513,38.7611],[-120.5184,38.7597],[-120.5215,38.7609],[-120.5348,38.7612],[-120.5388,38.7622],[-120.5393,38.759],[-120.5437,38.7563],[-120.5461,38.7559],[-120.5567,38.7581],[-120.5637,38.7624],[-120.5729,38.7635],[-120.582,38.7629],[-120.5938,38.757],[-120.6002,38.7553],[-120.6121,38.75],[-120.6221,38.7503],[-120.6282,38.7458],[-120.632,38.7445],[-120.6418,38.7459],[-120.6477,38.7443],[-120.6558,38.7445],[-120.659,38.743],[-120.6637,38.7387],[-120.6655,38.7385],[-120.6696,38.74],[-120.6749,38.7382],[-120.6923,38.7408],[-120.6972,38.7398],[-120.7032,38.7371],[-120.7157,38.7369],[-120.7214,38.7384],[-120.7274,38.7386],[-120.7327,38.7376],[-120.7384,38.7378],[-120.7418,38.7355],[-120.7439,38.7325],[-120.7461,38.7316],[-120.7527,38.7335],[-120.7601,38.733],[-120.767,38.7342],[-120.7949,38.7295],[-120.7975,38.7298],[-120.802,38.7276],[-120.8027,38.7242],[-120.8084,38.7248],[-120.8091,38.7242],[-120.8083,38.7226],[-120.8118,38.7165],[-120.8098,38.7129],[-120.8115,38.7041],[-120.8102,38.6992],[-120.8141,38.697],[-120.8152,38.6941],[-120.8272,38.6913],[-120.836,38.6838],[-120.8397,38.6817],[-120.8513,38.6827],[-120.858,38.6814],[-120.8631,38.6825],[-120.8756,38.6762],[-120.8823,38.6752],[-120.885,38.6764],[-120.8882,38.6712],[-120.8921,38.6679],[-120.8964,38.6672],[-120.8989,38.6687],[-120.9049,38.6681],[-120.9069,38.669],[-120.9134,38.6691],[-120.9513,38.6572],[-120.9614,38.6531],[-120.9653,38.653],[-120.9786,38.6607],[-120.9848,38.6578],[-120.9882,38.6601],[-120.9907,38.6596],[-120.9987,38.6612],[-121.0024,38.6612],[-121.0086,38.6589],[-121.0128,38.6558],[-121.0238,38.6558],[-121.0276,38.6566],[-121.0309,38.654],[-121.04,38.6588],[-121.042,38.6614],[-121.0455,38.6618],[-121.0478,38.6611],[-121.048,38.6572],[-121.0503,38.6551],[-121.0596,38.6562]],[[-119.8366,38.9701],[-119.8378,38.9665],[-119.8378,38.9504],[-119.8427,38.9425],[-119.8382,38.9338],[-119.8315,38.9169],[-119.8186,38.8949],[-119.8171,38.8873],[-119.8193,38.8839],[-119.8188,38.8824],[-119.8133,38.874],[-119.8093,38.8705],[-119.7954,38.8478],[-119.7937,38.8404],[-119.7898,38.8331],[-119.7918,38.8284],[-119.7911,38.8235],[-119.7927,38.8174],[-119.7924,38.8105],[-119.8046,38.7946],[-119.8168,38.7843],[-119.8198,38.7799],[-119.8201,38.7776],[-119.8224,38.7753],[-119.8289,38.7715],[-119.8489,38.7648],[-119.8561,38.764],[-119.8648,38.7648],[-119.8684,38.7661],[-119.8723,38.772],[-119.8851,38.7782],[-119.8878,38.7779],[-119.8909,38.776],[-119.8991,38.7759],[-119.9027,38.7745],[-119.9061,38.7749],[-119.9083,38.7742],[-119.9186,38.7769],[-119.9196,38.7794],[-119.9315,38.7857],[-119.9323,38.7872],[-119.9381,38.7856],[-119.9412,38.7856],[-119.9528,38.7929],[-119.9619,38.7967],[-119.9691,38.7975],[-119.9751,38.7964],[-119.984,38.7967],[-119.9942,38.7939],[-119.9986,38.7938],[-120.0018,38.7952],[-120.0035,38.7946],[-120.0058,38.7975],[-120.0109,38.7958],[-120.0098,38.7985],[-120.0153,38.7951],[-120.0191,38.797]],[[-119.8366,38.9701],[-119.8386,38.969],[-119.839,38.9673],[-119.8447,38.9658],[-119.8518,38.9656],[-119.8504,38.967],[-119.8555,38.9662],[-119.8533,38.9685],[-119.864,38.9688],[-119.8684,38.9697],[-119.8695,38.9706],[-119.8664,38.9714],[-119.8696,38.9729],[-119.8742,38.9724],[-119.8765,38.9741],[-119.8833,38.976],[-119.8847,38.9795],[-119.8857,38.9798],[-119.8879,38.9766],[-119.8906,38.9769],[-119.8986,38.9732],[-119.9002,38.9752],[-119.9018,38.9736],[-119.9095,38.9731],[-119.9118,38.971],[-119.9159,38.9705],[-119.9162,38.9691],[-119.9202,38.9697],[-119.9225,38.9685],[-119.9327,38.9669],[-119.9456,38.9538],[-119.9739,38.9447],[-119.9887,38.9422],[-119.9901,38.9404],[-119.9902,38.938],[-119.9836,38.9248],[-119.9827,38.9157],[-119.9861,38.9077],[-119.9863,38.898],[-119.9839,38.8939],[-119.9856,38.8849],[-119.9908,38.8744],[-119.9976,38.8647],[-120.0013,38.8628],[-120.0052,38.8625],[-120.0111,38.8596],[-120.0119,38.8563]],[[-119.8358,38.9704],[-119.8366,38.9701]],[[-118.4169,39.2915],[-118.4587,39.2903],[-118.5028,39.2904],[-118.525,39.293],[-118.5332,39.297],[-118.5455,39.2994]],[[-118.4169,39.2915],[-118.4229,39.2924],[-118.4282,39.2955],[-118.4377,39.2991],[-118.4538,39.3027],[-118.4591,39.3026],[-118.4833,39.298],[-118.4877,39.3024],[-118.4876,39.3046],[-118.4905,39.3062],[-118.5094,39.3095],[-118.5263,39.308],[-118.5394,39.3014],[-118.5455,39.2994]],[[-118.5455,39.2994],[-118.5667,39.2944],[-118.5698,39.2921],[-118.5806,39.2878],[-118.5857,39.2814],[-118.589,39.2791],[-118.6073,39.2749],[-118.6108,39.2706],[-118.6247,39.2681],[-118.6514,39.2674],[-118.6712,39.2686],[-118.7041,39.2764],[-118.7135,39.2804],[-118.7225,39.2812],[-118.7525,39.2745],[-118.7756,39.2729],[-118.7839,39.2758],[-118.7888,39.2804],[-118.7932,39.2808],[-118.8222,39.2723],[-118.8477,39.2664],[-118.8745,39.2646],[-118.8857,39.2679],[-118.8982,39.2697],[-118.9146,39.2688],[-118.9167,39.2656],[-118.9277,39.2663],[-118.9306,39.2673],[-118.9355,39.2664],[-118.9393,39.2668],[-118.9546,39.2616],[-118.9602,39.2585],[-118.9651,39.2576],[-118.9672,39.2558],[-118.9733,39.2534],[-118.9826,39.251],[-118.9888,39.2506],[-118.9924,39.251],[-118.9939,39.253],[-119.0042,39.2553],[-119.0255,39.2635],[-119.0403,39.2647],[-119.0787,39.2652],[-119.0999,39.2674],[-119.1142,39.2676],[-119.1389,39.2713],[-119.1473,39.2745],[-119.1544,39.2756],[-119.1894,39.2792],[-119.2134,39.2807],[-119.2416,39.2846],[-119.2482,39.2891],[-119.2524,39.2977],[-119.2586,39.2954],[-119.2958,39.2901],[-119.3028,39.2919],[-119.3047,39.2934],[-119.312,39.2933],[-119.3143,39.2958],[-119.3212,39.2956],[-119.3274,39.2967],[-119.3339,39.2995],[-119.3378,39.2988],[-119.3443,39.3004],[-119.3521,39.3009],[-119.3697,39.2992],[-119.3727,39.2987],[-119.3797,39.2951],[-119.3813,39.2914],[-119.3867,39.2877],[-119.3896,39.2825],[-119.3948,39.2795],[-119.4011,39.2807],[-119.409,39.2867],[-119.4152,39.286],[-119.4235,39.2867],[-119.4296,39.289],[-119.4362,39.2898],[-119.4403,39.2928],[-119.447,39.2909],[-119.4501,39.2909],[-119.4673,39.2969],[-119.4742,39.2952],[-119.4794,39.295],[-119.4838,39.2982],[-119.4885,39.3002],[-119.5008,39.2978],[-119.5056,39.2959],[-119.5069,39.2939],[-119.51,39.2923],[-119.523,39.2884],[-119.5293,39.2841],[-119.5333,39.2832],[-119.5385,39.2804],[-119.5447,39.2789],[-119.558,39.2711],[-119.5633,39.2716],[-119.5796,39.2632],[-119.5847,39.2564],[-119.5898,39.2463],[-119.5897,39.2364],[-119.5977,39.2354],[-119.6011,39.2361],[-119.6096,39.2345],[-119.6179,39.2352],[-119.6239,39.2333],[-119.6314,39.233],[-119.6402,39.231],[-119.6593,39.2224],[-119.6787,39.2111],[-119.684,39.2072],[-119.6858,39.1984],[-119.6909,39.192],[-119.6974,39.186],[-119.7062,39.1828],[-119.7105,39.1796],[-119.7144,39.1766],[-119.7178,39.1708],[-119.7273,39.1638],[-119.7323,39.1618],[-119.7363,39.1613],[-119.7653,39.1613],[-119.7669,39.1633],[-119.7672,39.151],[-119.7726,39.1206],[-119.7769,39.1161],[-119.7817,39.1137],[-119.7828,39.1107],[-119.7866,39.1061],[-119.802,39.0921],[-119.8087,39.0914],[-119.8154,39.0876],[-119.819,39.0797],[-119.8202,39.0757],[-119.8199,39.0681],[-119.8217,39.064],[-119.8205,39.0533],[-119.8219,39.0469],[-119.837,39.0173],[-119.8453,39.0035],[-119.8452,39.002],[-119.8373,38.9917],[-119.8309,38.9851],[-119.831,38.9809],[-119.8366,38.9701]],[[-117.8501,39.3953],[-117.8605,39.3822],[-117.87,39.3753],[-117.8743,39.3674],[-117.8905,39.3503],[-117.8946,39.3444],[-117.9174,39.3285],[-117.924,39.3224],[-117.943,39.313],[-117.9597,39.3008],[-117.9651,39.2983],[-117.9729,39.296],[-117.9914,39.2931],[-117.9978,39.29],[-118.0096,39.2885],[-118.0382,39.2878],[-118.0414,39.2886],[-118.0441,39.2905],[-118.0684,39.2913],[-118.1299,39.2867],[-118.1549,39.2871],[-118.231,39.2826],[-118.2848,39.2779],[-118.3183,39.2723],[-118.3324,39.275],[-118.343,39.2751],[-118.3592,39.2719],[-118.3713,39.2661],[-118.3791,39.2643],[-118.3857,39.2651],[-118.3987,39.2685],[-118.4166,39.2771],[-118.4175,39.2818],[-118.4169,39.2915]],[[-117.8501,39.3953],[-117.8467,39.394],[-117.8445,39.3906],[-117.8355,39.3889],[-117.8278,39.3847],[-117.822,39.3838]],[[-116.919,39.4821],[-116.9212,39.4828],[-116.9233,39.482],[-116.9255,39.4823],[-116.9275,39.4842],[-116.936,39.4873],[-116.9392,39.4922],[-116.944,39.4939],[-116.9543,39.5064],[-116.9582,39.5081],[-116.9632,39.5136],[-116.9663,39.5153],[-116.9726,39.5173],[-116.9976,39.5218],[-117.0044,39.5226],[-117.0179,39.5187],[-117.0288,39.5191],[-117.0334,39.5185],[-117.0446,39.521],[-117.0464,39.5206],[-117.0543,39.5244],[-117.0565,39.5247],[-117.059,39.5231],[-117.0661,39.5227],[-117.0739,39.521],[-117.13,39.523],[-117.1448,39.5208],[-117.1566,39.517],[-117.1711,39.5066],[-117.1779,39.5027],[-117.1824,39.5012],[-117.1851,39.4986],[-117.1935,39.4958],[-117.2071,39.4933],[-117.2152,39.4898],[-117.223,39.4882],[-117.2305,39.479],[-117.2327,39.4726],[-117.2484,39.4625],[-117.3141,39.4123],[-117.3262,39.4039],[-117.353,39.3905],[-117.3641,39.3874],[-117.3675,39.3843],[-117.3743,39.3873],[-117.3827,39.3854],[-117.387,39.3857],[-117.3886,39.3844],[-117.3948,39.3831],[-117.4062,39.3845],[-117.4124,39.3827],[-117.4173,39.3824],[-117.4237,39.3832],[-117.4745,39.3814],[-117.4862,39.3802],[-117.5264,39.3795],[-117.5827,39.3757],[-117.5937,39.3808],[-117.5988,39.382],[-117.6095,39.3824],[-117.6167,39.3839],[-117.6246,39.3831],[-117.6316,39.3839],[-117.6358,39.388],[-117.6385,39.3874],[-117.6458,39.388],[-117.6554,39.3859],[-117.6607,39.3865],[-117.6658,39.3857],[-117.6755,39.3822],[-117.6802,39.3826],[-117.6822,39.3838],[-117.6865,39.3834],[-117.6904,39.3861],[-117.6953,39.3858],[-117.6969,39.3915],[-117.6933,39.4009],[-117.6942,39.4071],[-117.6927,39.4145],[-117.6988,39.4331],[-117.6985,39.4353],[-117.7076,39.4444],[-117.7109,39.4568],[-117.7245,39.4786],[-117.7274,39.4814],[-117.7317,39.4833],[-117.7379,39.4836],[-117.7636,39.4876],[-117.7816,39.4879],[-117.7992,39.4849],[-117.8128,39.4771],[-117.82,39.4712],[-117.8384,39.4482],[-117.8428,39.4226],[-117.8428,39.41],[-117.845,39.4032],[-117.8501,39.3953]],[[-116.7299,39.5106],[-116.7325,39.5083],[-116.7356,39.5073],[-116.7351,39.5036],[-116.7364,39.5019],[-116.7358,39.4983],[-116.7382,39.4954],[-116.7343,39.4754],[-116.7355,39.4549],[-116.7348,39.4525],[-116.7384,39.4465],[-116.7435,39.4442],[-116.7461,39.4419],[-116.7498,39.4356],[-116.7538,39.4243],[-116.7584,39.418],[-116.7613,39.4148],[-116.77,39.4112],[-116.7775,39.4091],[-116.7859,39.4093],[-116.7963,39.4038],[-116.8401,39.3898],[-116.8434,39.3905],[-116.8495,39.3939],[-116.8537,39.399],[-116.8656,39.4189],[-116.8668,39.4235],[-116.8714,39.4304],[-116.876,39.4405],[-116.8869,39.4566],[-116.8947,39.4646],[-116.9001,39.468],[-116.9002,39.4688],[-116.9097,39.477],[-116.9124,39.4782],[-116.913,39.4806],[-116.9165,39.4822],[-116.9178,39.4815],[-116.919,39.4821]],[[-116.7299,39.5106],[-116.738,39.5132],[-116.7453,39.5132],[-116.7504,39.5156],[-116.7578,39.5173],[-116.7694,39.5167],[-116.7801,39.5228],[-116.7865,39.525],[-116.7915,39.5225],[-116.7891,39.5207],[-116.7897,39.5197],[-116.8056,39.5152],[-116.814,39.5138],[-116.8226,39.5113],[-116.8289,39.5084],[-116.8353,39.5069],[-116.838,39.506],[-116.8448,39.5007],[-116.8509,39.5006],[-116.8578,39.498],[-116.861,39.4978],[-116.8697,39.4935],[-116.8789,39.4933],[-116.8878,39.4893],[-116.8919,39.4893],[-116.8977,39.4909],[-116.9037,39.4896],[-116.9099,39.4871],[-116.9109,39.4848],[-116.9172,39.4835],[-116.919,39.4821]],[[-95.7905,39.7124],[-95.7883,39.7049],[-95.781,39.6899],[-95.7744,39.678],[-95.7699,39.6729],[-95.7579,39.6678],[-95.7513,39.6637],[-95.7351,39.661],[-95.7264,39.6527],[-95.7163,39.6507],[-95.7085,39.6502],[-95.6991,39.6457],[-95.6908,39.643],[-95.6805,39.6426],[-95.6676,39.6445],[-95.6598,39.6492],[-95.6408,39.651],[-95.6191,39.6601],[-95.6126,39.6614],[-95.6045,39.6616],[-95.5963,39.6612],[-95.5864,39.6593],[-95.5621,39.649],[-95.5561,39.649],[-95.5485,39.6473],[-95.5397,39.6467],[-95.5327,39.6442],[-95.5119,39.6456],[-95.4968,39.6441],[-95.4829,39.6484],[-95.4671,39.6491],[-95.4313,39.6608],[-95.4207,39.6672],[-95.4096,39.6703],[-95.3853,39.6693],[-95.3725,39.6738],[-95.3564,39.6729],[-95.3391,39.6734],[-95.335,39.6745],[-95.3298,39.6763],[-95.3188,39.6826],[-95.3134,39.6837],[-95.3082,39.7016],[-95.303,39.7095],[-95.2992,39.7126],[-95.2852,39.7195],[-95.2824,39.7223],[-95.281,39.7265],[-95.2772,39.7295],[-95.2479,39.7389],[-95.2068,39.7392],[-95.1783,39.7429],[-95.1745,39.7444],[-95.1651,39.7511],[-95.1592,39.7526],[-95.15,39.7583],[-95.1485,39.7624],[-95.1478,39.7706],[-95.1461,39.7723],[-95.1394,39.7733],[-95.1257,39.7722],[-95.119,39.7708],[-95.1112,39.7718],[-95.1085,39.7713],[-95.1042,39.7685],[-95.0963,39.7687],[-95.0937,39.7705],[-95.0923,39.7797],[-95.0873,39.786],[-95.086,39.7866],[-95.0798,39.7866],[-95.0716,39.7909],[-95.0542,39.7911],[-95.0214,39.7836],[-94.9946,39.784],[-94.9812,39.7819],[-94.9718,39.7773],[-94.9648,39.7766],[-94.9614,39.775],[-94.9577,39.7693],[-94.9544,39.7692],[-94.9542,39.7667],[-94.9516,39.7647],[-94.9504,39.7647],[-94.9502,39.7637],[-94.9483,39.7636],[-94.9479,39.7598],[-94.9279,39.7614],[-94.8616,39.7629],[-94.8606,39.7676]],[[-95.8007,39.7319],[-95.808,39.7224],[-95.8081,39.7204],[-95.8069,39.7192],[-95.7905,39.7124]],[[-95.8007,39.7319],[-95.7939,39.7223],[-95.7905,39.7124]],[[-116.0685,39.8132],[-116.0865,39.8096],[-116.0923,39.8075],[-116.1046,39.8055],[-116.1139,39.8049],[-116.1254,39.8016],[-116.1267,39.8007],[-116.1272,39.7967],[-116.1295,39.7918],[-116.1359,39.7854],[-116.1549,39.7747],[-116.1775,39.7696],[-116.2054,39.768],[-116.2176,39.7665],[-116.2731,39.744],[-116.275,39.7446],[-116.281,39.7505],[-116.288,39.75],[-116.2935,39.7445],[-116.2993,39.7417],[-116.3095,39.7333],[-116.3227,39.7244],[-116.3266,39.7227],[-116.3363,39.7158],[-116.3773,39.6909],[-116.4379,39.647],[-116.4966,39.6119],[-116.5366,39.5854],[-116.5755,39.5615],[-116.5959,39.5451],[-116.5963,39.5434],[-116.6068,39.5337],[-116.6281,39.521],[-116.6417,39.51],[-116.6722,39.5067],[-116.6951,39.5055],[-116.7188,39.5066],[-116.7299,39.5106]],[[-114.5596,39.8266],[-114.5736,39.827],[-114.5875,39.8228],[-114.5912,39.8204],[-114.6002,39.8174],[-114.6069,39.8139],[-114.6113,39.8133],[-114.6184,39.8153],[-114.6344,39.8121],[-114.6394,39.8096],[-114.6431,39.8096],[-114.6497,39.8052],[-114.6564,39.8026],[-114.665,39.8033],[-114.6687,39.8022],[-114.6844,39.7938],[-114.6974,39.7888],[-114.7001,39.7888],[-114.7078,39.7922],[-114.8037,39.8068],[-114.815,39.8122],[-114.8226,39.8176],[-114.8642,39.8407],[-114.8746,39.8447],[-114.8889,39.8543],[-114.8996,39.8594],[-114.9037,39.8629],[-114.9051,39.8631],[-114.9061,39.8648],[-114.9216,39.8661],[-114.9232,39.865],[-114.9254,39.8655],[-114.9258,39.8637],[-114.9296,39.864],[-114.9335,39.8612],[-114.9367,39.8613],[-114.9427,39.8657],[-114.969,39.8795],[-114.971,39.8827],[-114.9745,39.8843],[-114.979,39.8893],[-114.9831,39.8909],[-114.9855,39.8962],[-114.9938,39.9042],[-115.0007,39.9055],[-115.0034,39.9054],[-115.0067,39.9036],[-115.0118,39.9047],[-115.021,39.9042],[-115.0315,39.906],[-115.0385,39.906],[-115.1,39.9336],[-115.1127,39.9402],[-115.1267,39.9458],[-115.138,39.9526],[-115.1504,39.9558],[-115.1543,39.9585],[-115.1566,39.9588],[-115.1602,39.9627],[-115.1614,39.9648],[-115.162,39.9707],[-115.1645,39.9736],[-115.1674,39.9746],[-115.1682,39.98],[-115.1719,39.9808],[-115.1736,39.9801],[-115.1764,39.9783],[-115.1779,39.9751],[-115.1888,39.9749],[-115.1947,39.9739],[-115.197,39.9742],[-115.2005,39.9766],[-115.2072,39.9784],[-115.2116,39.9806],[-115.2175,39.9796],[-115.2214,39.9806],[-115.2222,39.9811],[-115.222,39.9849],[-115.2281,39.9886],[-115.2364,39.9896],[-115.2533,40],[-115.264,40.0085],[-115.2696,40.0109],[-115.2754,40.0154],[-115.2851,40.0185],[-115.2902,40.0213],[-115.312,40.0285],[-115.3169,40.0286],[-115.3336,40.0263],[-115.336,40.0221],[-115.3376,40.0159],[-115.3419,40.0148],[-115.3445,40.0129],[-115.3517,40.0113],[-115.3567,40.0132],[-115.3623,40.0137],[-115.3648,40.0152],[-115.3701,40.0215],[-115.3743,40.0211],[-115.3821,40.0267],[-115.3858,40.0282],[-115.3989,40.0304],[-115.4014,40.0328],[-115.4266,40.0351],[-115.4579,40.0426],[-115.4907,40.0473],[-115.4943,40.0468],[-115.5062,40.041],[-115.5194,40.0373],[-115.5258,40.0323],[-115.5339,40.0288],[-115.5389,40.0241],[-115.546,40.0224],[-115.5523,40.0196],[-115.566,40.0183],[-115.5712,40.0196],[-115.5782,40.0189],[-115.5995,40.0122],[-115.601,40.0111],[-115.6074,40.0098],[-115.6225,40.0095],[-115.6394,40.0107],[-115.6541,40.014],[-115.6587,40.0132],[-115.6674,40.0131],[-115.6805,40.0045],[-115.6893,39.9966],[-115.6926,39.9953],[-115.7039,39.9843],[-115.7147,39.9792],[-115.7241,39.9709],[-115.7363,39.9651],[-115.7503,39.9553],[-115.7562,39.9479],[-115.7565,39.9394],[-115.7589,39.9296],[-115.766,39.9248],[-115.775,39.9215],[-115.7843,39.9148],[-115.7909,39.9133],[-115.7957,39.9102],[-115.7994,39.9104],[-115.803,39.9096],[-115.8137,39.911],[-115.8172,39.9092],[-115.8242,39.9102],[-115.8312,39.9074],[-115.8358,39.9085],[-115.8489,39.9087],[-115.8639,39.9076],[-115.8672,39.9002],[-115.8771,39.8933],[-115.882,39.8912],[-115.9344,39.8791],[-115.9699,39.8697],[-115.9719,39.8683],[-115.9778,39.859],[-116.0098,39.8438],[-116.0307,39.8351],[-116.0374,39.8311]],[[-116.0374,39.8311],[-116.0685,39.8132]],[[-116.0374,39.8311],[-116.0654,39.8301],[-116.0692,39.8313]],[[-114.3905,39.8312],[-114.3961,39.8255],[-114.4046,39.821],[-114.4042,39.8196],[-114.4072,39.8113],[-114.4203,39.7951],[-114.4375,39.7643],[-114.4471,39.7493],[-114.4539,39.7449],[-114.4626,39.7419],[-114.4657,39.7421],[-114.4673,39.7442],[-114.4741,39.7422],[-114.4756,39.7427],[-114.4805,39.7494],[-114.4924,39.7574],[-114.5063,39.7685],[-114.5098,39.7762],[-114.5146,39.7798],[-114.5199,39.7813],[-114.522,39.784],[-114.5254,39.7851],[-114.5285,39.7831],[-114.5352,39.7825],[-114.5396,39.7806],[-114.5395,39.7831],[-114.5431,39.7899],[-114.5419,39.7957],[-114.5426,39.8003],[-114.545,39.8015],[-114.5561,39.8137],[-114.5571,39.8167],[-114.556,39.8249],[-114.5571,39.8261],[-114.5596,39.8266]],[[-114.3905,39.8312],[-114.4034,39.8324],[-114.4117,39.8344],[-114.4151,39.834],[-114.4212,39.8314],[-114.4332,39.8308],[-114.4463,39.8369],[-114.4498,39.8373],[-114.4534,39.8428],[-114.4608,39.8466],[-114.464,39.8519],[-114.4625,39.8541],[-114.4627,39.8573],[-114.4657,39.8598],[-114.4757,39.861],[-114.4813,39.8602],[-114.4879,39.8617],[-114.4907,39.8594],[-114.4936,39.8592],[-114.4959,39.8611],[-114.4988,39.8611],[-114.5009,39.8621],[-114.5029,39.8604],[-114.5043,39.8605],[-114.507,39.8627],[-114.5121,39.8642],[-114.5254,39.8659],[-114.5315,39.8636],[-114.5372,39.8588],[-114.5445,39.8582],[-114.5482,39.857],[-114.5524,39.8535],[-114.5547,39.8495],[-114.5556,39.8434],[-114.559,39.8383],[-114.5577,39.8288],[-114.5596,39.8266]],[[-116.0692,39.8313],[-116.0669,39.8212],[-116.0685,39.8132]],[[-116.0692,39.8313],[-116.0685,39.8346]],[[-113.7367,39.9256],[-113.7376,39.927]],[[-113.7376,39.927],[-113.7249,39.9085],[-113.7208,39.9055]],[[-113.7376,39.927],[-113.7385,39.9294]],[[-113.7385,39.9294],[-113.7383,39.9475],[-113.7425,39.9536]],[[-113.7416,39.9525],[-113.7425,39.9536]],[[-113.7425,39.9536],[-113.7474,39.9581],[-113.753,39.9612]],[[-113.7466,39.9576],[-113.748,39.9608],[-113.7526,39.9659]],[[-113.7529,39.961],[-113.753,39.9612]],[[-113.753,39.9612],[-113.7526,39.9658],[-113.7559,39.9813]],[[-113.7559,39.9813],[-113.7577,39.9846]],[[-113.7564,39.9832],[-113.7576,39.9846]],[[-113.7577,39.9846],[-113.7679,39.9915]],[[-113.768,39.9916],[-113.7687,39.9961],[-113.7728,40.0007],[-113.7764,40.0084]],[[-113.7731,39.9998],[-113.771,39.999]],[[-114.0481,40.0022],[-114.0562,39.9927],[-114.0655,39.9855],[-114.0768,39.9709],[-114.0795,39.9696],[-114.0871,39.9685],[-114.1014,39.9635],[-114.1096,39.9586],[-114.1249,39.9464],[-114.1351,39.9424],[-114.1575,39.93],[-114.1802,39.9211],[-114.1918,39.9209],[-114.1963,39.9196],[-114.2259,39.902],[-114.2381,39.8916],[-114.2633,39.8799],[-114.2805,39.873],[-114.2886,39.8668],[-114.2946,39.8637],[-114.3413,39.843],[-114.3609,39.8364],[-114.3766,39.8331],[-114.3845,39.8301],[-114.3905,39.8312]],[[-114.047,40.0028],[-114.0481,40.0022]],[[-113.777,40.0118],[-113.7773,40.0162]],[[-113.7771,40.0172],[-113.7778,40.0149],[-113.7771,40.0103],[-113.7731,39.9998]],[[-113.7771,40.0173],[-113.7798,40.0237],[-113.7849,40.0304]],[[-113.7796,40.0228],[-113.7849,40.027],[-113.787,40.0331],[-113.7911,40.0347]],[[-113.7849,40.0304],[-113.7866,40.0307]],[[-113.7912,40.0347],[-113.793,40.0352],[-113.7963,40.0391]],[[-113.7912,40.0347],[-113.8038,40.0444],[-113.8033,40.0454]],[[-113.8033,40.0454],[-113.8023,40.0464],[-113.8034,40.0481]],[[-114.0039,40.0463],[-114.0066,40.0441],[-114.0113,40.0426],[-114.0191,40.037],[-114.0301,40.0306],[-114.0378,40.0242],[-114.0393,40.0222],[-114.042,40.0124],[-114.0481,40.0022]],[[-113.9874,40.0559],[-114.0039,40.0463]],[[-113.9874,40.0559],[-113.9843,40.0498],[-113.9839,40.0363],[-113.9847,40.0349],[-114.0262,40.0152],[-114.0467,40.0029]],[[-113.8512,40.0792],[-113.8462,40.0774],[-113.8442,40.0746],[-113.8407,40.0729],[-113.8368,40.0684],[-113.8293,40.0665],[-113.8286,40.0654],[-113.8226,40.0632],[-113.8167,40.0595],[-113.8168,40.0578],[-113.8149,40.0549],[-113.8065,40.0494],[-113.8033,40.0454]],[[-113.8513,40.0793],[-113.8692,40.0906],[-113.8778,40.0991],[-113.8816,40.1009],[-113.8894,40.1023],[-113.8995,40.1017],[-113.9054,40.0993],[-113.9092,40.1003],[-113.9187,40.0985],[-113.9229,40.0991],[-113.9421,40.092],[-113.9472,40.087],[-113.955,40.0739],[-113.9776,40.0638],[-113.9874,40.0559]],[[-111.8876,40.7629],[-111.8875,40.6744],[-111.8904,40.6146],[-111.8902,40.5382],[-111.892,40.5331],[-111.8906,40.5285],[-111.8965,40.5107],[-111.9022,40.5],[-111.903,40.486],[-111.9073,40.48],[-111.9092,40.4719],[-111.9152,40.4595],[-111.9149,40.4573],[-111.912,40.454],[-111.9139,40.451],[-111.9131,40.4503],[-111.9102,40.4497],[-111.9021,40.4508],[-111.9001,40.4494],[-111.9001,40.4462],[-111.9023,40.4431],[-111.9126,40.4379],[-111.9135,40.4325],[-111.9203,40.4274],[-111.9214,40.4206],[-111.9278,40.4126],[-111.9255,40.4078],[-111.9307,40.4008],[-111.9529,40.3837],[-111.9626,40.3836],[-111.9647,40.382],[-111.9705,40.3804],[-111.9727,40.3785],[-111.9861,40.3575],[-111.9926,40.3556],[-111.9962,40.3556],[-111.9997,40.3538],[-112.002,40.3512],[-112.0106,40.3353],[-112.0206,40.3266],[-112.0422,40.3042],[-112.0716,40.2763],[-112.0914,40.2613],[-112.1016,40.2569],[-112.1478,40.2412],[-112.1825,40.2313],[-112.192,40.2255],[-112.207,40.2243],[-112.2406,40.2179],[-112.2873,40.2076],[-112.3076,40.2022],[-112.3288,40.1934],[-112.3379,40.1912],[-112.3588,40.1881],[-112.3715,40.1844],[-112.3924,40.1819],[-112.402,40.1775],[-112.4253,40.1636],[-112.434,40.1556],[-112.4477,40.1492],[-112.4601,40.1442],[-112.5191,40.1244],[-112.5467,40.1126],[-112.5532,40.1119],[-112.5583,40.1123],[-112.562,40.1146],[-112.5643,40.115],[-112.5675,40.1183],[-112.5719,40.1182],[-112.5784,40.1202],[-112.5833,40.1233],[-112.585,40.1272],[-112.6011,40.1392],[-112.6088,40.1403],[-112.6167,40.1381],[-112.6275,40.1303],[-112.6357,40.123],[-112.6389,40.1179],[-112.6451,40.1144],[-112.6599,40.1019],[-112.6905,40.0825],[-112.692,40.0821],[-112.6959,40.0836],[-112.7063,40.0833],[-112.7093,40.084],[-112.7504,40.0837],[-112.768,40.0814],[-112.7765,40.0766],[-112.7827,40.0697],[-112.7845,40.0616],[-112.7849,40.0416],[-112.7862,40.0398],[-112.8097,40.0337],[-112.8149,40.0304],[-112.8812,39.975],[-112.8856,39.9709],[-112.8899,39.9617],[-112.9021,39.9584],[-112.9061,39.9556],[-112.9095,39.9501],[-112.9384,39.9223],[-112.9405,39.9193],[-112.9562,39.9094],[-112.9756,39.8947],[-112.9814,39.8917],[-113.011,39.8708],[-113.0164,39.865],[-113.0345,39.8584],[-113.0619,39.8517],[-113.0756,39.8509],[-113.0809,39.8529],[-113.0824,39.855],[-113.0823,39.8528],[-113.085,39.8519],[-113.0869,39.8528],[-113.0909,39.8527],[-113.095,39.8542],[-113.0994,39.8533],[-113.1097,39.8563],[-113.1127,39.8626],[-113.1158,39.865],[-113.1207,39.8664],[-113.1259,39.8694],[-113.1359,39.8724],[-113.1683,39.8769],[-113.189,39.8777],[-113.2454,39.8776],[-113.254,39.8798],[-113.2643,39.8798],[-113.271,39.8782],[-113.2941,39.8672],[-113.2981,39.8634],[-113.3048,39.8514],[-113.323,39.8365],[-113.334,39.8355],[-113.3432,39.8332],[-113.353,39.832],[-113.3636,39.8246],[-113.3771,39.8228],[-113.3847,39.8242],[-113.3863,39.8271],[-113.4015,39.8646],[-113.4069,39.8762],[-113.415,39.8901],[-113.4261,39.8939],[-113.4304,39.897],[-113.4344,39.898],[-113.4412,39.8974],[-113.4464,39.8983],[-113.4509,39.8972],[-113.454,39.8947],[-113.4541,39.8901],[-113.4619,39.8751],[-113.473,39.868],[-113.5316,39.8432],[-113.5507,39.8429],[-113.6304,39.8794],[-113.6407,39.8824],[-113.6486,39.8825],[-113.6811,39.8895],[-113.6949,39.8946],[-113.7034,39.8962],[-113.7207,39.9054]],[[-111.8876,40.7629],[-111.8907,40.7628],[-111.8907,40.7654]],[[-111.8876,40.7629],[-111.8622,40.7629],[-111.8322,40.7524],[-111.8003,40.7517],[-111.7943,40.7538],[-111.7848,40.76],[-111.7806,40.7606],[-111.7807,40.7638],[-111.7786,40.7656],[-111.7716,40.7658],[-111.7626,40.7687],[-111.7458,40.7714],[-111.7401,40.7741],[-111.7305,40.7768],[-111.7283,40.7788],[-111.7108,40.7724],[-111.704,40.7721],[-111.6961,40.7739],[-111.6853,40.7778],[-111.6792,40.7846],[-111.6789,40.801],[-111.6773,40.8075],[-111.6786,40.8103],[-111.6781,40.8117],[-111.6721,40.8167],[-111.6599,40.8222],[-111.6519,40.8291],[-111.6448,40.8318],[-111.6301,40.8337],[-111.6183,40.8322],[-111.6109,40.8288],[-111.6056,40.8287],[-111.5967,40.8253],[-111.592,40.819],[-111.5883,40.816],[-111.585,40.8151],[-111.5822,40.8177],[-111.5811,40.8202],[-111.5848,40.8257],[-111.5822,40.8288],[-111.5803,40.8358],[-111.5839,40.8415],[-111.5848,40.8476],[-111.5884,40.8561],[-111.5853,40.8621],[-111.5859,40.8639],[-111.5846,40.8654],[-111.5837,40.8704],[-111.5794,40.8783],[-111.5806,40.881],[-111.5804,40.8866],[-111.588,40.8986],[-111.5882,40.914],[-111.5761,40.9216],[-111.5699,40.9282],[-111.5653,40.9353],[-111.5601,40.9368],[-111.5566,40.944],[-111.5495,40.9501],[-111.5483,40.9575],[-111.5454,40.964],[-111.5424,40.968],[-111.5445,40.969],[-111.5422,40.9716],[-111.5396,40.9775],[-111.539,40.9799],[-111.5404,40.982],[-111.5375,40.9851],[-111.5297,40.9869],[-111.5265,40.9895],[-111.5153,41.0125],[-111.5124,41.0154],[-111.504,41.0169],[-111.5,41.0159],[-111.4961,41.0161],[-111.4928,41.0118],[-111.4874,41.009],[-111.4797,41.0083],[-111.4738,41.0064],[-111.461,40.9957],[-111.4517,40.9905],[-111.4503,40.987],[-111.4472,40.985],[-111.4422,40.9759],[-111.439,40.9728],[-111.4363,40.9727],[-111.4176,40.9842],[-111.4097,40.9915],[-111.387,41.0031],[-111.3767,41.0105],[-111.3708,41.0123],[-111.3688,41.0144],[-111.3675,41.0179],[-111.3634,41.0207],[-111.3443,41.0292],[-111.3354,41.0319],[-111.3304,41.0373],[-111.3247,41.0414],[-111.3126,41.0455],[-111.3093,41.0461],[-111.3067,41.0453],[-111.3041,41.0461],[-111.3042,41.0478],[-111.3005,41.0517],[-111.2936,41.0574],[-111.2837,41.0637],[-111.2784,41.0659],[-111.2716,41.0672],[-111.2634,41.0712],[-111.2394,41.0862],[-111.2324,41.087],[-111.2292,41.0887],[-111.2237,41.0926],[-111.2201,41.0969],[-111.2124,41.1023],[-111.2109,41.1059],[-111.1998,41.114],[-111.1964,41.1202],[-111.1934,41.1221],[-111.1865,41.1241],[-111.1705,41.124],[-111.1658,41.1251],[-111.1579,41.13],[-111.1549,41.134],[-111.1446,41.1392],[-111.1251,41.1442],[-111.1178,41.145],[-111.1165,41.1455],[-111.1144,41.1503],[-111.1099,41.1518],[-111.1026,41.1562],[-111.0966,41.1637],[-111.0897,41.1658],[-111.0859,41.1654],[-111.0843,41.1625],[-111.0823,41.1612],[-111.0733,41.1604],[-111.069,41.1583],[-111.0637,41.1607],[-111.059,41.1613]],[[-111.0589,41.1613],[-111.0461,41.1634],[-111.0435,41.1651],[-111.0375,41.1613],[-111.0346,41.1611],[-111.0318,41.1622],[-111.0185,41.1643],[-111.0138,41.1664],[-111.0061,41.1681],[-111.0005,41.1687]],[[-111.0005,41.1687],[-110.9998,41.1687]],[[-111.0005,41.1687],[-110.9964,41.17],[-110.978,41.1664],[-110.9734,41.1663],[-110.956,41.1681],[-110.9516,41.1698],[-110.9424,41.1687],[-110.9383,41.1658],[-110.928,41.1683],[-110.9169,41.1675],[-110.8921,41.1735],[-110.8866,41.1733],[-110.8822,41.1715],[-110.8754,41.1668],[-110.8666,41.1644],[-110.8649,41.1611],[-110.8606,41.1606],[-110.8571,41.1583],[-110.8518,41.1584],[-110.8483,41.1559],[-110.8415,41.1618],[-110.8165,41.1721],[-110.8175,41.1739],[-110.8169,41.1743],[-110.7974,41.1776],[-110.7905,41.1873],[-110.7682,41.1857],[-110.7662,41.1777],[-110.7618,41.1801],[-110.749,41.1847],[-110.7381,41.1902],[-110.7338,41.1907],[-110.727,41.1938],[-110.7251,41.1963],[-110.7258,41.1986],[-110.7288,41.2018],[-110.7254,41.2061],[-110.718,41.2096],[-110.7085,41.2172],[-110.7047,41.2189],[-110.6851,41.2222],[-110.6809,41.2252],[-110.6789,41.2277],[-110.6792,41.2289],[-110.6584,41.2357],[-110.6379,41.249],[-110.634,41.2556],[-110.6308,41.258],[-110.6087,41.2682],[-110.6029,41.2738],[-110.5984,41.2766],[-110.5933,41.2783],[-110.5777,41.2813],[-110.5588,41.287],[-110.5428,41.2875],[-110.5253,41.2928],[-110.5161,41.2942],[-110.5086,41.2937],[-110.5011,41.2973],[-110.4896,41.2997],[-110.4875,41.3017],[-110.4806,41.3052],[-110.4651,41.3051],[-110.4325,41.3124],[-110.3908,41.3189],[-110.3647,41.3326],[-110.3639,41.3346],[-110.3572,41.3391],[-110.3447,41.3456],[-110.3402,41.3462],[-110.3303,41.3495],[-110.3231,41.3504],[-110.314,41.353],[-110.2981,41.3603],[-110.284,41.3625],[-110.276,41.3625],[-110.2651,41.3669],[-110.2583,41.3652],[-110.249,41.3685],[-110.2435,41.3734],[-110.2269,41.383],[-110.2134,41.3885],[-110.2009,41.3925],[-110.1977,41.3948],[-110.195,41.3948],[-110.1863,41.4027],[-110.1783,41.4073],[-110.1809,41.4278],[-110.1779,41.4327],[-110.1763,41.4424],[-110.1729,41.4523],[-110.1729,41.4584],[-110.1687,41.4669],[-110.1635,41.474],[-110.1579,41.4787],[-110.1558,41.4857],[-110.1516,41.4897],[-110.1502,41.4936],[-110.1408,41.501],[-110.1342,41.5083],[-110.1286,41.512],[-110.1209,41.5189],[-110.1158,41.5261],[-110.1026,41.5341],[-110.0882,41.5444],[-110.085,41.5434],[-110.0809,41.5476],[-110.0551,41.5593],[-110.0462,41.5605],[-110.032,41.5582],[-110.0128,41.5566],[-110.0042,41.5593],[-109.9767,41.5771],[-109.9669,41.5815],[-109.9661,41.5825],[-109.9669,41.585],[-109.9709,41.5875],[-109.9698,41.5896],[-109.9585,41.6007],[-109.9499,41.6068],[-109.9439,41.6132],[-109.9406,41.6153],[-109.9327,41.6148],[-109.9255,41.6165],[-109.9013,41.6181],[-109.8988,41.6184],[-109.8958,41.6204],[-109.8958,41.6334],[-109.8941,41.6379],[-109.895,41.6467],[-109.8914,41.6595],[-109.8934,41.661],[-109.8933,41.6723],[-109.8904,41.6759],[-109.8912,41.6783],[-109.8824,41.6998],[-109.8767,41.7049],[-109.8692,41.7087],[-109.8649,41.7062],[-109.8521,41.712],[-109.8447,41.7101],[-109.8419,41.7104],[-109.8395,41.714],[-109.8307,41.7215],[-109.8289,41.7239],[-109.8128,41.732],[-109.7995,41.7467],[-109.7976,41.7517],[-109.7928,41.7558],[-109.782,41.7706],[-109.7778,41.7789],[-109.7797,41.7857],[-109.7967,41.799],[-109.799,41.8082],[-109.8091,41.832],[-109.8096,41.8365],[-109.8092,41.8393],[-109.8072,41.8417],[-109.7986,41.8499],[-109.7965,41.8571],[-109.7943,41.8583],[-109.7941,41.8593],[-109.7969,41.8614],[-109.7969,41.8626],[-109.784,41.8705],[-109.7828,41.8744],[-109.785,41.88],[-109.773,41.8914],[-109.7659,41.9136],[-109.768,41.92],[-109.7664,41.9271],[-109.7574,41.9383],[-109.7555,41.9393],[-109.731,41.9453],[-109.7223,41.9504],[-109.718,41.9517],[-109.7136,41.955],[-109.7025,41.9546],[-109.6982,41.9529],[-109.6905,41.9564],[-109.6824,41.9618],[-109.6601,41.9743],[-109.6339,41.9876],[-109.6229,41.997]],[[-103.0119,41.4803],[-103.01,41.4738],[-103.0023,41.4578],[-102.9898,41.4424],[-102.9833,41.4319],[-102.9857,41.4073],[-102.9879,41.3989],[-102.9922,41.3937],[-102.9932,41.3892],[-102.9931,41.3437],[-102.9918,41.3303],[-102.9936,41.3247],[-102.9916,41.322],[-102.9942,41.2536],[-102.9936,41.2478],[-102.9911,41.2449],[-102.9897,41.2408],[-102.9873,41.2235],[-102.9806,41.2135],[-102.9754,41.2026],[-102.9477,41.1791],[-102.9351,41.1641],[-102.9155,41.1581],[-102.9117,41.1553],[-102.9094,41.155],[-102.9087,41.1535],[-102.9101,41.1522],[-102.9096,41.1513],[-102.8971,41.1412],[-102.8873,41.1402],[-102.8821,41.1388],[-102.8404,41.1381],[-102.8136,41.1406],[-102.7804,41.1416],[-102.7635,41.1409],[-102.753,41.1426],[-102.6938,41.1402],[-102.6852,41.1386],[-102.6756,41.1383],[-102.6567,41.135],[-102.6513,41.1359],[-102.639,41.132],[-102.6095,41.1269],[-102.5851,41.1215],[-102.5473,41.1084],[-102.5259,41.0981],[-102.4858,41.0865],[-102.4804,41.082],[-102.4661,41.0771],[-102.4518,41.0696],[-102.4388,41.0606],[-102.4281,41.0505],[-102.4138,41.026],[-102.3958,41.0044],[-102.3942,41.0003],[-102.3871,40.9979],[-102.3814,40.9943],[-102.3797,40.9914],[-102.3784,40.9817],[-102.3697,40.9684],[-102.359,40.9427],[-102.3537,40.9407],[-102.3362,40.9376],[-102.3226,40.9373],[-102.3043,40.9403],[-102.2914,40.9441],[-102.282,40.9482],[-102.2772,40.9524],[-102.2672,40.955],[-102.2559,40.9641],[-102.2521,40.9681],[-102.251,40.9707],[-102.2419,40.9788],[-102.2327,40.9834],[-102.2258,40.9884],[-102.206,40.9975],[-102.197,41.0004],[-102.1918,41.0012],[-102.1774,41.0108],[-102.1573,41.0207],[-102.1308,41.0318],[-102.1161,41.0365],[-102.0922,41.0424],[-102.0717,41.05],[-102.0597,41.0529],[-102.0446,41.0582],[-102.0173,41.0638],[-102.0046,41.0642],[-101.991,41.0636],[-101.9611,41.0714],[-101.9449,41.0738],[-101.9291,41.0745],[-101.907,41.0791],[-101.8871,41.0807],[-101.8766,41.0806],[-101.8595,41.0831],[-101.8243,41.0856],[-101.8098,41.0887],[-101.7898,41.0952],[-101.7727,41.0992],[-101.7531,41.1018],[-101.7353,41.1072],[-101.7231,41.1082],[-101.7027,41.1113],[-101.643,41.1108],[-101.6333,41.1127],[-101.6086,41.1136],[-101.5614,41.11],[-101.5016,41.1095],[-101.4928,41.1105],[-101.4838,41.1053],[-101.4809,41.1044],[-101.4715,41.104],[-101.4515,41.1051],[-101.4183,41.1056],[-101.3586,41.1093],[-101.3049,41.1096],[-101.285,41.1123],[-101.2591,41.1122],[-101.246,41.1133],[-101.1886,41.1232],[-101.1745,41.1282],[-101.1434,41.1336],[-101.1403,41.1339],[-101.1347,41.1315],[-101.1207,41.1318],[-101.104,41.1333],[-101.0995,41.135],[-101.094,41.1399],[-101.0875,41.1419],[-101.0786,41.1389],[-101.0541,41.1359],[-101.0413,41.1353],[-101.0279,41.1359],[-100.9895,41.1334],[-100.9677,41.1274],[-100.9415,41.1217],[-100.9227,41.1192],[-100.9162,41.1192],[-100.9142,41.118],[-100.902,41.115],[-100.8957,41.1122],[-100.8769,41.1084],[-100.8706,41.1062],[-100.86,41.1007],[-100.8492,41.097],[-100.8319,41.0966],[-100.8183,41.0993],[-100.8106,41.1019],[-100.7794,41.0912],[-100.7603,41.0875],[-100.7284,41.0852],[-100.6976,41.0795],[-100.6622,41.0765],[-100.6563,41.0749],[-100.6419,41.0685],[-100.6298,41.0656],[-100.6164,41.06],[-100.5999,41.0556],[-100.5812,41.047],[-100.5735,41.0466],[-100.5596,41.0363],[-100.5392,41.0278],[-100.5291,41.02],[-100.5188,41.0167],[-100.5129,41.0165],[-100.4842,41.0063],[-100.4703,41.0022],[-100.4566,40.9948],[-100.4487,40.9917],[-100.4238,40.9912],[-100.4083,40.9867],[-100.3958,40.9857],[-100.39,40.9829],[-100.3681,40.976],[-100.3639,40.9732],[-100.3502,40.9671],[-100.335,40.9622],[-100.3235,40.9556],[-100.3163,40.953],[-100.3014,40.9497],[-100.2972,40.9477],[-100.2913,40.9466],[-100.2854,40.9435],[-100.278,40.9359],[-100.2727,40.933],[-100.2234,40.91],[-100.1998,40.9014],[-100.1855,40.8971],[-100.1745,40.8923],[-100.1475,40.885],[-100.1289,40.8736],[-100.1243,40.8677],[-100.1131,40.8642],[-100.1049,40.8601],[-100.0981,40.8581],[-100.0913,40.8576],[-100.0748,40.8485],[-100.0593,40.8429],[-100.0358,40.8366],[-100.0161,40.834],[-100,40.8304],[-99.9921,40.8254],[-99.9857,40.8236],[-99.9769,40.8198],[-99.9468,40.8021],[-99.9209,40.7902],[-99.9061,40.782],[-99.8919,40.777],[-99.8714,40.7722],[-99.8623,40.7679],[-99.85,40.759],[-99.8444,40.7509],[-99.8395,40.7469],[-99.827,40.7437],[-99.8095,40.7368],[-99.7793,40.7197],[-99.7584,40.7126],[-99.7415,40.7099],[-99.7281,40.7065],[-99.7084,40.6965],[-99.697,40.6934],[-99.6782,40.6861],[-99.6632,40.6821],[-99.6562,40.6809],[-99.6431,40.6802],[-99.6236,40.6824],[-99.6161,40.6812],[-99.6027,40.6754],[-99.5954,40.674],[-99.5685,40.6728],[-99.5511,40.6693],[-99.5299,40.6668],[-99.503,40.6653],[-99.4576,40.6592],[-99.4533,40.6591],[-99.425,40.6639],[-99.4173,40.663],[-99.4021,40.6583],[-99.3984,40.6578],[-99.3457,40.6576],[-99.3306,40.6592],[-99.3026,40.6637],[-99.2877,40.6608],[-99.253,40.6592],[-99.242,40.6568],[-99.2282,40.6565],[-99.222,40.6575],[-99.2055,40.6566],[-99.1996,40.655],[-99.1811,40.6534],[-99.1788,40.6543],[-99.1605,40.6547],[-99.1412,40.6508],[-99.1275,40.6496],[-99.113,40.6466],[-99.1022,40.6463],[-99.0878,40.6445],[-99.057,40.644],[-99.046,40.6423],[-99.0426,40.6426],[-99.0329,40.6469],[-99.0202,40.6491],[-99.0124,40.6479],[-99.0022,40.644],[-98.9318,40.6458],[-98.9069,40.6492],[-98.8594,40.6581],[-98.8233,40.6666],[-98.8177,40.6646],[-98.8108,40.66],[-98.8058,40.6584],[-98.801,40.658],[-98.7858,40.6583],[-98.7592,40.6606],[-98.7326,40.6607],[-98.7254,40.6593],[-98.719,40.6569],[-98.7119,40.6521],[-98.7015,40.6376],[-98.6942,40.6318],[-98.6888,40.6256],[-98.6857,40.619],[-98.6792,40.6152],[-98.6744,40.6111],[-98.6696,40.6063],[-98.6656,40.6],[-98.6596,40.5953],[-98.6452,40.5923],[-98.6332,40.5916],[-98.6193,40.5919],[-98.6111,40.5904],[-98.5992,40.5869],[-98.5886,40.5804],[-98.5739,40.5783],[-98.5654,40.5761],[-98.5617,40.5732],[-98.5604,40.5698],[-98.5587,40.5685],[-98.5516,40.5654],[-98.541,40.5627],[-98.5326,40.5583],[-98.5204,40.5464],[-98.5168,40.5446],[-98.5127,40.5437],[-98.5038,40.5345],[-98.4926,40.5301],[-98.4868,40.525],[-98.4791,40.5205],[-98.4705,40.5136],[-98.4665,40.5123],[-98.4602,40.5118],[-98.452,40.5083],[-98.4491,40.5052],[-98.4467,40.4995],[-98.4415,40.4963],[-98.4341,40.4924],[-98.4117,40.4856],[-98.3994,40.48],[-98.386,40.4775],[-98.3774,40.4668],[-98.3565,40.4546],[-98.3411,40.4443],[-98.3365,40.4431],[-98.3288,40.4431],[-98.3231,40.4421],[-98.3094,40.4319],[-98.3036,40.4298],[-98.2774,40.4296],[-98.2682,40.429],[-98.2633,40.4279],[-98.2354,40.4062],[-98.2157,40.4026],[-98.2074,40.3931],[-98.2015,40.3893],[-98.1902,40.3863],[-98.1693,40.3781],[-98.1637,40.3777],[-98.1561,40.3756],[-98.1468,40.3676],[-98.1308,40.3616],[-98.1129,40.3599],[-98.1071,40.3585],[-98.0773,40.3445],[-98.0711,40.3428],[-98.0529,40.3401],[-98.0434,40.3397],[-98.0374,40.3384],[-98.0247,40.3313],[-98.0068,40.3196],[-97.9877,40.3153],[-97.9778,40.3101],[-97.9666,40.2993],[-97.9578,40.2937],[-97.9531,40.2857],[-97.9525,40.2784],[-97.9537,40.2738],[-97.9528,40.27],[-97.9484,40.266],[-97.9367,40.2631],[-97.9337,40.2614],[-97.9279,40.2552],[-97.9201,40.2443],[-97.9136,40.2414],[-97.8975,40.2373],[-97.8848,40.2317],[-97.8731,40.2305],[-97.8574,40.2219],[-97.8532,40.2216],[-97.844,40.2229],[-97.8309,40.2273],[-97.7701,40.2269],[-97.7476,40.2275],[-97.7335,40.2235],[-97.7241,40.2191],[-97.6938,40.2146],[-97.6851,40.2148],[-97.6626,40.2195],[-97.6266,40.2148],[-97.6203,40.2128],[-97.6142,40.2096],[-97.6024,40.2072],[-97.5636,40.2078],[-97.5524,40.2065],[-97.5262,40.2109],[-97.5097,40.2152],[-97.4966,40.2171],[-97.4865,40.2175],[-97.4742,40.2204],[-97.4172,40.2225],[-97.4016,40.2198],[-97.3963,40.2215],[-97.3887,40.2214],[-97.3801,40.2235],[-97.3745,40.224],[-97.367,40.2234],[-97.3617,40.2215],[-97.3543,40.2207],[-97.3487,40.2188],[-97.3472,40.2204],[-97.3462,40.2246],[-97.3436,40.2257],[-97.3185,40.2257],[-97.309,40.2283],[-97.2781,40.2322],[-97.2721,40.2315],[-97.2646,40.2268],[-97.2569,40.2235],[-97.2493,40.2223],[-97.2377,40.223],[-97.2302,40.2272],[-97.2219,40.2287],[-97.2172,40.2318],[-97.2154,40.2318],[-97.2116,40.2293],[-97.2022,40.2191],[-97.1957,40.215],[-97.191,40.2102],[-97.1823,40.2044],[-97.1758,40.1988],[-97.1696,40.19],[-97.1698,40.177],[-97.1597,40.1716],[-97.1422,40.1583],[-97.1365,40.1559],[-97.1335,40.1522],[-97.118,40.1434],[-97.0979,40.1292],[-97.0885,40.1242],[-97.0714,40.1204],[-97.0663,40.1174],[-97.0541,40.1069],[-97.0434,40.0996],[-97.0407,40.0959],[-97.0333,40.09],[-97.0104,40.0796],[-97.0003,40.0714],[-96.9911,40.0655],[-96.9782,40.0624],[-96.9721,40.0571],[-96.9652,40.0568],[-96.9575,40.0544],[-96.946,40.0489],[-96.9359,40.0455],[-96.9323,40.0431],[-96.9263,40.0355],[-96.925,40.0295],[-96.925,40.0149],[-96.9225,40.0112],[-96.913,40.0052],[-96.907,39.9952],[-96.895,39.982],[-96.8935,39.9784],[-96.8926,39.9716],[-96.8867,39.964],[-96.881,39.9543],[-96.8758,39.9374],[-96.8703,39.9269],[-96.852,39.9114],[-96.8448,39.9024],[-96.8427,39.8954],[-96.8369,39.8938],[-96.827,39.8929],[-96.8227,39.8914],[-96.8195,39.8877],[-96.8166,39.881],[-96.8135,39.8768],[-96.8015,39.8707],[-96.796,39.8708],[-96.7845,39.8671],[-96.7727,39.8648],[-96.7589,39.8643],[-96.7268,39.8603],[-96.7121,39.8594],[-96.7018,39.8559],[-96.6962,39.852],[-96.6922,39.8503],[-96.676,39.8509],[-96.6702,39.849],[-96.6599,39.8439],[-96.6322,39.8387],[-96.6263,39.8384],[-96.6223,39.8398],[-96.6145,39.8389],[-96.6097,39.8403],[-96.596,39.8507],[-96.5776,39.8549],[-96.5664,39.8598],[-96.552,39.8647],[-96.5296,39.8754],[-96.5127,39.882],[-96.4855,39.8831],[-96.4701,39.8867],[-96.4481,39.8892],[-96.4414,39.8914],[-96.4246,39.8997],[-96.4194,39.9075],[-96.4022,39.9045],[-96.3911,39.8976],[-96.3832,39.8938],[-96.3804,39.8934],[-96.3661,39.8972],[-96.3547,39.9015],[-96.3479,39.9011],[-96.3382,39.897],[-96.3326,39.8962],[-96.3131,39.9043],[-96.307,39.9059],[-96.2911,39.9051],[-96.2762,39.9004],[-96.2709,39.8977],[-96.2652,39.8967],[-96.2596,39.8959],[-96.2522,39.8964],[-96.239,39.8937],[-96.2265,39.8937],[-96.2201,39.895],[-96.1905,39.8893],[-96.1858,39.8858],[-96.1852,39.8834],[-96.1863,39.8778],[-96.1854,39.8747],[-96.1837,39.8728],[-96.1705,39.8715],[-96.1603,39.8685],[-96.1416,39.8674],[-96.1339,39.8683],[-96.127,39.8655],[-96.1234,39.865],[-96.1198,39.8637],[-96.1116,39.8572],[-96.1047,39.8553],[-96.102,39.8538],[-96.099,39.851],[-96.0979,39.8483],[-96.095,39.8463],[-96.0844,39.8434],[-96.0767,39.8433],[-96.0705,39.8413],[-96.0675,39.8347],[-96.0521,39.8342],[-96.044,39.8328],[-96.0281,39.8258],[-96.0156,39.8216],[-96.0035,39.8223],[-96.0004,39.8204],[-95.9827,39.8179],[-95.9636,39.8159],[-95.9549,39.8174],[-95.9484,39.8163],[-95.9441,39.8132],[-95.9407,39.8054],[-95.925,39.7925],[-95.9218,39.7886],[-95.9042,39.7749],[-95.9011,39.7736],[-95.8935,39.7728],[-95.8853,39.7676],[-95.8699,39.7626],[-95.8647,39.7572],[-95.8547,39.7541],[-95.8349,39.7437],[-95.8112,39.7401],[-95.8007,39.7319]],[[-103.0119,41.4803],[-103.0153,41.4839],[-103.013,41.4869]],[[-103.013,41.4869],[-103.0119,41.4803]],[[-109.6229,41.997],[-109.6229,41.9969]],[[-109.2838,42.2259],[-109.3017,42.2145],[-109.3114,42.2064],[-109.318,42.2045],[-109.3223,42.2043],[-109.343,42.1974],[-109.3478,42.1967],[-109.3541,42.1925],[-109.3636,42.19],[-109.3903,42.1645],[-109.3943,42.1623],[-109.405,42.1534],[-109.4107,42.1506],[-109.4179,42.1488],[-109.4235,42.1463],[-109.4302,42.1419],[-109.4346,42.1348],[-109.4387,42.1196],[-109.4435,42.1136],[-109.4584,42.1046],[-109.4997,42.0872],[-109.5178,42.0777],[-109.5556,42.0504],[-109.5651,42.0409],[-109.5678,42.0355],[-109.5733,42.0285],[-109.5904,42.019],[-109.5973,42.0108],[-109.6123,42.0049],[-109.6229,41.997]],[[-108.9094,42.34],[-108.9232,42.3378],[-108.9268,42.3387],[-108.9327,42.3382],[-108.939,42.3345],[-108.9438,42.3331],[-108.9546,42.3317],[-108.9601,42.3277],[-108.9624,42.3218],[-108.9713,42.3153],[-108.9758,42.3137],[-108.9778,42.3121],[-109.026,42.296],[-109.0288,42.2959],[-109.0395,42.291],[-109.0538,42.2872],[-109.0655,42.2825],[-109.0761,42.2797],[-109.0963,42.2786],[-109.1067,42.2821],[-109.1169,42.2913],[-109.1256,42.2937],[-109.1306,42.2929],[-109.1432,42.2865],[-109.1641,42.2741],[-109.1708,42.2714],[-109.1907,42.2682],[-109.2107,42.2623],[-109.215,42.2596],[-109.2282,42.258],[-109.2495,42.2432],[-109.2611,42.2387],[-109.274,42.2321],[-109.2838,42.2259]],[[-108.8743,42.3446],[-108.8548,42.3492],[-108.8416,42.3487],[-108.8126,42.3446],[-108.8001,42.344],[-108.7817,42.3445],[-108.7728,42.3459],[-108.7617,42.3536],[-108.7312,42.3694],[-108.7225,42.3757],[-108.7224,42.3773],[-108.7164,42.3787],[-108.7088,42.396],[-108.6819,42.4133],[-108.6777,42.4171],[-108.6724,42.4184],[-108.6644,42.4226],[-108.6437,42.4354],[-108.6253,42.437],[-108.6077,42.4398],[-108.6018,42.4392],[-108.5937,42.4402],[-108.5803,42.4394],[-108.553,42.4342],[-108.5468,42.4354],[-108.5392,42.4421],[-108.5164,42.4483],[-108.4978,42.449],[-108.4938,42.4483],[-108.4679,42.4512],[-108.4608,42.4505],[-108.4528,42.4515],[-108.4346,42.4641],[-108.4246,42.4652],[-108.4188,42.4622],[-108.4155,42.4623],[-108.414,42.4674],[-108.415,42.4702],[-108.4131,42.4714],[-108.4107,42.471],[-108.4062,42.4718],[-108.3978,42.4656],[-108.3941,42.4648],[-108.3908,42.4662],[-108.3883,42.4691],[-108.381,42.471],[-108.3716,42.4752],[-108.3678,42.4758],[-108.3635,42.4784],[-108.3571,42.4777],[-108.3529,42.481],[-108.3501,42.4819],[-108.3466,42.4815],[-108.312,42.4908],[-108.3105,42.4918],[-108.3066,42.4916],[-108.3019,42.493],[-108.2956,42.4974],[-108.2916,42.4953],[-108.2891,42.4961],[-108.2855,42.4952],[-108.2821,42.5006],[-108.2742,42.5068],[-108.2702,42.5116],[-108.2594,42.5128],[-108.2501,42.516],[-108.2463,42.516],[-108.2364,42.514],[-108.2318,42.5106],[-108.2282,42.5094],[-108.2211,42.5101],[-108.213,42.5132],[-108.2018,42.5118],[-108.1602,42.5141],[-108.1497,42.5122],[-108.1361,42.5112],[-108.1252,42.5148],[-108.1051,42.5152],[-108.0935,42.5178],[-108.0608,42.5209],[-108.0447,42.5199],[-108.0298,42.5161],[-108.0169,42.515],[-108.0118,42.5156],[-108.0085,42.5174],[-107.9935,42.5213],[-107.9889,42.5204],[-107.9822,42.524],[-107.9731,42.5239],[-107.9637,42.5219],[-107.9423,42.5219],[-107.931,42.5238],[-107.9166,42.5277],[-107.9118,42.5279],[-107.8851,42.5217],[-107.872,42.5248],[-107.8684,42.5237],[-107.8562,42.5239],[-107.8536,42.5217],[-107.8469,42.5261],[-107.8416,42.5277],[-107.8359,42.5276],[-107.8326,42.5286],[-107.8276,42.5288],[-107.8194,42.527],[-107.8053,42.5285],[-107.7967,42.5286],[-107.791,42.5297],[-107.7847,42.5296],[-107.7823,42.5287],[-107.7775,42.5289],[-107.7717,42.5269],[-107.7707,42.5249],[-107.7605,42.5211],[-107.756,42.5159],[-107.7398,42.5152],[-107.7328,42.5159],[-107.717,42.5081],[-107.6885,42.4986],[-107.6711,42.4916],[-107.6548,42.4889],[-107.6368,42.4887],[-107.63,42.4871],[-107.619,42.482],[-107.6143,42.4776],[-107.5934,42.4663],[-107.5888,42.4647],[-107.5365,42.4579],[-107.5257,42.4594],[-107.521,42.4609],[-107.5155,42.46],[-107.5066,42.4607],[-107.5006,42.46],[-107.4872,42.4618],[-107.4563,42.4631],[-107.4466,42.4677],[-107.4409,42.4677],[-107.4283,42.4714],[-107.4147,42.4732],[-107.4082,42.4781],[-107.4025,42.4803],[-107.3946,42.4795],[-107.3755,42.4678],[-107.3644,42.4596],[-107.3547,42.4554],[-107.3433,42.452],[-107.331,42.4518],[-107.3206,42.4482],[-107.3066,42.4457],[-107.2978,42.4421],[-107.286,42.4413],[-107.2773,42.4389],[-107.2634,42.4395],[-107.2461,42.4368],[-107.2353,42.4371],[-107.2264,42.4392],[-107.222,42.4411],[-107.207,42.4438],[-107.1971,42.4474],[-107.1901,42.4509],[-107.181,42.4542],[-107.1714,42.4593],[-107.1667,42.4639],[-107.1542,42.4648],[-107.1484,42.467],[-107.1471,42.4696],[-107.1495,42.4783],[-107.1488,42.4797],[-107.134,42.4873],[-107.1287,42.4875],[-107.1239,42.4905],[-107.1155,42.4936],[-107.1137,42.495],[-107.1124,42.498],[-107.1026,42.5026],[-107.0927,42.5096],[-107.0831,42.5143],[-107.0756,42.5157],[-107.0691,42.5189],[-107.0497,42.5304],[-107.0449,42.5362],[-107.0406,42.5373],[-107.0361,42.5404],[-107.0182,42.5599],[-107.0115,42.5698],[-107.0047,42.5761],[-107.0031,42.5804],[-107.0009,42.5827],[-106.9921,42.5858],[-106.9863,42.5892],[-106.9811,42.5983],[-106.9753,42.6018],[-106.9609,42.6056],[-106.9405,42.6124],[-106.9343,42.6132],[-106.9311,42.6146],[-106.9227,42.6164],[-106.9146,42.6216],[-106.9055,42.6256],[-106.9019,42.6301],[-106.8994,42.6315],[-106.8847,42.6318],[-106.8739,42.6344],[-106.8691,42.6348],[-106.8637,42.6373],[-106.8526,42.6397],[-106.8451,42.6448],[-106.8336,42.6499],[-106.8317,42.6521],[-106.8259,42.6555],[-106.8073,42.6637],[-106.7958,42.6736],[-106.7822,42.6748],[-106.7772,42.6763],[-106.7729,42.6763],[-106.7627,42.6785],[-106.7457,42.6846],[-106.7292,42.6919],[-106.7149,42.6996],[-106.7091,42.7016],[-106.7031,42.7065],[-106.6935,42.7115],[-106.6852,42.7185],[-106.6799,42.7208],[-106.6777,42.7231],[-106.6744,42.7234],[-106.6709,42.7249],[-106.6673,42.7284],[-106.6638,42.7297],[-106.6599,42.7367],[-106.6621,42.7383],[-106.6617,42.7398],[-106.656,42.7445],[-106.644,42.7499],[-106.6337,42.7586],[-106.6305,42.76],[-106.6103,42.7668],[-106.582,42.7747],[-106.5674,42.7741],[-106.5481,42.7786],[-106.5432,42.7772],[-106.5324,42.7766],[-106.5301,42.7743],[-106.5237,42.7771],[-106.5101,42.7804],[-106.502,42.7843],[-106.4945,42.7927],[-106.4895,42.7972],[-106.4866,42.798],[-106.4864,42.7993],[-106.4841,42.7987],[-106.4823,42.8006],[-106.4769,42.8025],[-106.4683,42.8079],[-106.4653,42.8088],[-106.4611,42.8116],[-106.4583,42.8117],[-106.4552,42.8137],[-106.4476,42.8134],[-106.4237,42.822],[-106.42,42.8238],[-106.4141,42.8286],[-106.3998,42.837],[-106.3947,42.8391],[-106.3844,42.8418],[-106.372,42.8433],[-106.3704,42.8421],[-106.3701,42.8371],[-106.3649,42.8351],[-106.3482,42.8435],[-106.3366,42.8457],[-106.3231,42.8471],[-106.3062,42.8532],[-106.274,42.8569],[-106.2654,42.8565],[-106.2516,42.8575],[-106.2187,42.8537],[-106.2169,42.8521],[-106.2119,42.8516],[-106.1982,42.8411],[-106.192,42.8408],[-106.1797,42.8458],[-106.1682,42.8516],[-106.1507,42.8521],[-106.1368,42.8536],[-106.1215,42.8567],[-106.1137,42.8561],[-106.0971,42.8564],[-106.0926,42.8576],[-106.0863,42.8626],[-106.0815,42.8647],[-106.0782,42.864],[-106.0728,42.8644],[-106.0662,42.8662],[-106.0591,42.8667],[-106.0398,42.8638],[-106.0328,42.8615],[-106.0127,42.8518],[-106.0015,42.849],[-105.9871,42.8469],[-105.9823,42.8475],[-105.9403,42.8597],[-105.9336,42.8609],[-105.922,42.8618],[-105.9083,42.861],[-105.8965,42.8636],[-105.8875,42.8645],[-105.8738,42.8637],[-105.8671,42.8619],[-105.8513,42.862],[-105.847,42.8606],[-105.8387,42.8557],[-105.8225,42.8512],[-105.8197,42.8495],[-105.8144,42.8426],[-105.8113,42.8409],[-105.8064,42.8403],[-105.8017,42.8383],[-105.7891,42.8269],[-105.7697,42.8246],[-105.7638,42.8246],[-105.7513,42.8214],[-105.7363,42.8196],[-105.724,42.8155],[-105.7206,42.813],[-105.7182,42.8091],[-105.7129,42.8053],[-105.7127,42.7942],[-105.7057,42.7847],[-105.702,42.7813],[-105.6892,42.7847],[-105.6817,42.7826],[-105.6705,42.7815],[-105.6637,42.7783],[-105.659,42.7803],[-105.6516,42.7718],[-105.6505,42.7681],[-105.6486,42.7661],[-105.6425,42.7638],[-105.6383,42.7594],[-105.6329,42.7573],[-105.6283,42.7561],[-105.6108,42.7589],[-105.5985,42.7535],[-105.5918,42.7496],[-105.5893,42.7466],[-105.583,42.7435],[-105.5716,42.7411],[-105.5596,42.7414],[-105.5342,42.7384],[-105.5082,42.732],[-105.4838,42.7228],[-105.4823,42.7216],[-105.4812,42.7184],[-105.4772,42.7162],[-105.4689,42.7086],[-105.4633,42.7013],[-105.4564,42.6972],[-105.4545,42.6919],[-105.4525,42.6908],[-105.4457,42.6901],[-105.4423,42.6885],[-105.4413,42.6852],[-105.4427,42.6781],[-105.4383,42.6745],[-105.425,42.66],[-105.4134,42.6519],[-105.4094,42.6498],[-105.4016,42.6473],[-105.3982,42.6448],[-105.3942,42.6328],[-105.3895,42.6297],[-105.3948,42.6272],[-105.3965,42.6247],[-105.3972,42.6202],[-105.3952,42.6137],[-105.3818,42.6063],[-105.372,42.6027],[-105.3629,42.6007],[-105.3524,42.5933],[-105.346,42.5904],[-105.3412,42.5837],[-105.3346,42.5811],[-105.3305,42.5761],[-105.3201,42.5696],[-105.3193,42.567],[-105.3158,42.5662],[-105.3149,42.5607],[-105.3125,42.5573],[-105.3088,42.5561],[-105.3079,42.5547],[-105.3049,42.5545],[-105.3025,42.5528],[-105.2995,42.5532],[-105.288,42.5491],[-105.2794,42.5471],[-105.2738,42.544],[-105.2613,42.5406],[-105.2418,42.5293],[-105.2303,42.5243],[-105.2229,42.5221],[-105.2125,42.5208],[-105.2083,42.5181],[-105.2043,42.5133],[-105.1971,42.5102],[-105.1955,42.5034],[-105.194,42.5022],[-105.1867,42.5024],[-105.1814,42.501],[-105.1723,42.5009],[-105.1656,42.4992],[-105.1579,42.4995],[-105.1512,42.5011],[-105.1438,42.4991],[-105.1215,42.4982],[-105.1156,42.4961],[-105.1077,42.4903],[-105.0959,42.4862],[-105.0882,42.4851],[-105.0865,42.4822],[-105.0845,42.4821],[-105.0815,42.4805],[-105.0787,42.4802],[-105.0723,42.4812],[-105.0606,42.4782],[-105.039,42.4768],[-105.0325,42.4745],[-105.0306,42.4719],[-105.0254,42.4707],[-105.0082,42.4557],[-104.9868,42.4388],[-104.9831,42.4241],[-104.9773,42.4119],[-104.9701,42.4037],[-104.9676,42.3983],[-104.9566,42.3856],[-104.953,42.3799],[-104.9524,42.3755],[-104.9496,42.3732],[-104.9443,42.3708],[-104.9441,42.3643],[-104.9463,42.3602],[-104.9427,42.3529],[-104.9365,42.3446],[-104.9222,42.3384],[-104.9207,42.3351],[-104.9165,42.3321],[-104.9043,42.3325],[-104.9024,42.3295],[-104.8925,42.323],[-104.8889,42.3181],[-104.8696,42.306],[-104.8548,42.301],[-104.8509,42.3011],[-104.8474,42.2999],[-104.8413,42.2937],[-104.8353,42.2893],[-104.8207,42.2844],[-104.8057,42.2818],[-104.8006,42.2802],[-104.7932,42.2749],[-104.7862,42.2719],[-104.7833,42.2684],[-104.7741,42.2628],[-104.7697,42.2591],[-104.7661,42.2582],[-104.7626,42.2588],[-104.7606,42.2577],[-104.752,42.2567],[-104.7326,42.2514],[-104.7239,42.2498],[-104.7169,42.2471],[-104.7091,42.248],[-104.6783,42.2458],[-104.677,42.2454],[-104.6778,42.2406],[-104.6742,42.2299],[-104.6715,42.2264],[-104.664,42.2223],[-104.643,42.2222],[-104.6331,42.22],[-104.6249,42.2196],[-104.6148,42.2176],[-104.5949,42.216],[-104.575,42.2092],[-104.5615,42.209],[-104.5541,42.2008],[-104.5367,42.1996],[-104.5326,42.1972],[-104.5277,42.1959],[-104.5259,42.1931],[-104.5169,42.1881],[-104.4991,42.1825],[-104.4915,42.1775],[-104.4864,42.1763],[-104.4808,42.177],[-104.4758,42.176],[-104.473,42.1706],[-104.4706,42.1685],[-104.4625,42.1669],[-104.457,42.1633],[-104.448,42.1615],[-104.4426,42.156],[-104.4277,42.1452],[-104.4075,42.1346],[-104.4012,42.1305],[-104.398,42.1275],[-104.3941,42.1176],[-104.3791,42.1079],[-104.3716,42.1051],[-104.3522,42.1029],[-104.3431,42.0964],[-104.324,42.0879],[-104.3052,42.0845],[-104.2924,42.0779],[-104.2851,42.0771],[-104.266,42.0718],[-104.2502,42.0628],[-104.2498,42.0595],[-104.2465,42.0568],[-104.2313,42.0498],[-104.2222,42.0488],[-104.2053,42.0446],[-104.1855,42.0427],[-104.1736,42.0395],[-104.1616,42.0339],[-104.1512,42.0275],[-104.1387,42.023],[-104.1294,42.0136],[-104.1191,42.0095],[-104.1122,42.0055],[-104.1048,41.9985],[-104.1005,41.9956],[-104.0998,41.9926],[-104.0953,41.9892],[-104.0917,41.9876],[-104.0817,41.9798],[-104.0698,41.9739],[-104.0648,41.9655],[-104.0529,41.963],[-104.0451,41.9582],[-104.0398,41.9564],[-104.0234,41.9417],[-104.0166,41.9373],[-104.0095,41.936],[-103.9991,41.9359],[-103.9822,41.9435],[-103.9751,41.9399],[-103.9634,41.9356],[-103.9448,41.9305],[-103.9151,41.9303],[-103.8945,41.9356],[-103.8864,41.9362],[-103.8635,41.9295],[-103.8539,41.9286],[-103.8294,41.9232],[-103.822,41.9202],[-103.8108,41.9139],[-103.7959,41.9104],[-103.7872,41.9075],[-103.7759,41.8995],[-103.772,41.8978],[-103.76,41.8878],[-103.7352,41.8734],[-103.731,41.8686],[-103.7272,41.8608],[-103.7234,41.8563],[-103.7226,41.8513],[-103.7238,41.8486],[-103.7216,41.8427],[-103.7157,41.8379],[-103.7129,41.8376],[-103.7102,41.8358],[-103.7113,41.8354],[-103.7131,41.8305],[-103.7058,41.8269],[-103.6805,41.8188],[-103.6586,41.815],[-103.65,41.8121],[-103.6404,41.8101],[-103.6092,41.8074],[-103.6018,41.8056],[-103.5726,41.8013],[-103.566,41.8016],[-103.5487,41.7967],[-103.5387,41.7929],[-103.5212,41.7848],[-103.5145,41.7795],[-103.5121,41.7786],[-103.4892,41.7741],[-103.481,41.7709],[-103.4543,41.7568],[-103.4351,41.7523],[-103.419,41.7523],[-103.4072,41.7476],[-103.4015,41.7474],[-103.384,41.7371],[-103.3721,41.732],[-103.3545,41.7265],[-103.3387,41.7249],[-103.3274,41.7213],[-103.2955,41.7143],[-103.2694,41.7042],[-103.2234,41.6916],[-103.2106,41.6816],[-103.1973,41.6749],[-103.1864,41.665],[-103.1661,41.6534],[-103.155,41.6409],[-103.1455,41.6349],[-103.1378,41.6265],[-103.1083,41.6017],[-103.0955,41.5932],[-103.0877,41.5839],[-103.0877,41.5802],[-103.0854,41.5771],[-103.0452,41.5483],[-103.0358,41.5398],[-103.0323,41.5353],[-103.0295,41.5294],[-103.0287,41.5201],[-103.0273,41.5161],[-103.0154,41.4995],[-103.013,41.4869]],[[-108.8743,42.3446],[-108.879,42.3434],[-108.8951,42.343],[-108.9074,42.3412],[-108.9094,42.34]]]}},{"type":"Feature","properties":{"name":"Santa Fe Trail"},"geometry":{"type":"MultiLineString","coordinates":[[[-105.4508,35.3672],[-105.4562,35.3691]],[[-105.7014,35.5536],[-105.6974,35.5513],[-105.6915,35.5445],[-105.6793,35.5138]],[[-105.4177,35.4001],[-105.4139,35.4],[-105.4,35.3958]],[[-105.4884,35.3999],[-105.4856,35.3982]],[[-105.484,35.3973],[-105.4771,35.3946]],[[-105.3822,35.3923],[-105.3733,35.3924]],[[-105.4178,35.3776],[-105.4208,35.3765]],[[-105.1956,35.6303],[-105.1929,35.6305],[-105.1507,35.6484],[-105.1157,35.6619],[-105.1024,35.6684],[-105.0812,35.6816],[-105.068,35.6917],[-105.0473,35.712],[-105.0235,35.7388],[-105.0141,35.7522],[-105.0096,35.7655]],[[-105.1956,35.6303],[-105.1973,35.6262],[-105.2042,35.5931],[-105.2116,35.5745],[-105.2224,35.5404],[-105.2277,35.5294],[-105.2352,35.5207],[-105.2405,35.5177],[-105.2427,35.52],[-105.2452,35.5309],[-105.25,35.5346]],[[-105.25,35.5346],[-105.2503,35.545],[-105.2478,35.556],[-105.2399,35.5672],[-105.2316,35.5869],[-105.221,35.607],[-105.2152,35.6158],[-105.2092,35.6224],[-105.2012,35.6282],[-105.1956,35.6303]],[[-105.718,35.5554],[-105.7129,35.5564],[-105.7066,35.5561],[-105.7014,35.5536]],[[-105.281,35.4614],[-105.2751,35.4865],[-105.2691,35.4979],[-105.2529,35.5228],[-105.2511,35.5272],[-105.25,35.5346]],[[-105.25,35.5346],[-105.254,35.5325],[-105.2615,35.5261],[-105.2723,35.515],[-105.2799,35.5039],[-105.2828,35.4951],[-105.2858,35.4795],[-105.2847,35.4681],[-105.281,35.4614]],[[-105.6793,35.5138],[-105.6689,35.4935],[-105.6609,35.4822],[-105.6323,35.4556],[-105.609,35.4384],[-105.6007,35.4335],[-105.5893,35.4302],[-105.5635,35.426],[-105.5164,35.416],[-105.5038,35.4094]],[[-105.3733,35.3924],[-105.328,35.3956],[-105.3169,35.3991],[-105.3116,35.4027],[-105.301,35.4181],[-105.2921,35.4334],[-105.281,35.4614]],[[-105.5038,35.4094],[-105.4884,35.3999]],[[-105.4562,35.3691],[-105.4874,35.394],[-105.5024,35.4068],[-105.5038,35.4094]],[[-105.4771,35.3946],[-105.4737,35.3946],[-105.4711,35.3956],[-105.46,35.402],[-105.452,35.4033],[-105.4467,35.4032],[-105.4303,35.3998],[-105.4177,35.4001]],[[-105.4856,35.3982],[-105.484,35.3973]],[[-105.4,35.3958],[-105.3949,35.3939],[-105.3844,35.392]],[[-105.3844,35.392],[-105.3822,35.3923]],[[-105.3844,35.392],[-105.3926,35.3878],[-105.4178,35.3776]],[[-105.4208,35.3765],[-105.4417,35.3686],[-105.4508,35.3672]],[[-105.7901,35.58],[-105.7888,35.5817]],[[-105.7646,35.5802],[-105.7625,35.5777]],[[-105.7774,35.5801],[-105.7801,35.5782]],[[-105.7875,35.5728],[-105.7887,35.5719]],[[-105.8502,35.5545],[-105.8526,35.5581]],[[-105.9386,35.6874],[-105.9355,35.6771]],[[-105.9355,35.6771],[-105.9313,35.6713],[-105.9253,35.6679],[-105.924,35.6649],[-105.9226,35.6514],[-105.923,35.6405]],[[-105.923,35.6405],[-105.9299,35.6455],[-105.9353,35.6549],[-105.9361,35.6593],[-105.9355,35.6771]],[[-105.923,35.6405],[-105.9112,35.6202],[-105.8677,35.5837],[-105.8569,35.5694],[-105.8532,35.5608]],[[-105.8335,35.5499],[-105.8227,35.5537],[-105.8067,35.5614]],[[-105.8532,35.5608],[-105.8422,35.5539],[-105.8335,35.5499]],[[-105.8526,35.5581],[-105.8532,35.5608]],[[-105.7392,35.5588],[-105.7281,35.555],[-105.718,35.5554]],[[-105.8335,35.5499],[-105.8445,35.5466],[-105.8462,35.5472],[-105.8478,35.5515],[-105.8502,35.5545]],[[-105.7888,35.5817],[-105.7831,35.5867],[-105.7759,35.5888],[-105.7706,35.5871],[-105.7659,35.582]],[[-105.7659,35.582],[-105.771,35.5822],[-105.7774,35.5801]],[[-105.7659,35.582],[-105.7646,35.5802]],[[-105.7996,35.5665],[-105.7947,35.5755],[-105.7901,35.58]],[[-105.7801,35.5782],[-105.7875,35.5728]],[[-105.7625,35.5777],[-105.7616,35.5768]],[[-105.7887,35.5719],[-105.7943,35.5677],[-105.7979,35.5662],[-105.7996,35.5665]],[[-105.8067,35.5614],[-105.8024,35.5636],[-105.7996,35.5665]],[[-105.7486,35.5637],[-105.7392,35.5588]],[[-96.3532,38.6754],[-96.3438,38.6802],[-96.3328,38.6875],[-96.3254,38.6905],[-96.3198,38.6917],[-96.3041,38.6926],[-96.2869,38.6903],[-96.263,38.6917],[-96.2516,38.6934],[-96.2331,38.6918],[-96.2158,38.6946],[-96.2081,38.6943],[-96.1971,38.6919],[-96.1928,38.6918],[-96.1797,38.6931],[-96.1664,38.6973],[-96.1514,38.6973],[-96.1402,38.6989],[-96.1326,38.7009],[-96.1174,38.7074],[-96.1003,38.7116],[-96.0907,38.7173],[-96.0828,38.7273],[-96.0796,38.7294],[-96.0463,38.7293],[-96.0269,38.7323],[-96.0175,38.7299],[-96.0119,38.7299],[-96,38.7344],[-95.9986,38.7339],[-95.9794,38.7354],[-95.97,38.7392]],[[-95.9857,38.7391],[-95.9933,38.737],[-95.9986,38.7339]],[[-97.8683,38.2933],[-97.8235,38.2678],[-97.8155,38.2655],[-97.8096,38.265],[-97.8019,38.265],[-97.7868,38.267],[-97.7656,38.2726],[-97.7542,38.2781],[-97.7234,38.2889],[-97.7109,38.2977],[-97.7015,38.3016],[-97.6926,38.3083],[-97.6798,38.3131],[-97.6662,38.3235],[-97.6587,38.3262],[-97.6419,38.3285],[-97.6193,38.3347],[-97.5915,38.3397],[-97.5748,38.3444],[-97.5654,38.3461],[-97.535,38.3468],[-97.52,38.3493],[-97.5124,38.3464],[-97.5068,38.347],[-97.5011,38.3464],[-97.485,38.3507],[-97.4644,38.3521],[-97.4574,38.3544],[-97.4407,38.3621],[-97.4273,38.365],[-97.4201,38.3694],[-97.4089,38.3733],[-97.3984,38.3809],[-97.3817,38.3826],[-97.372,38.3871]],[[-97.9022,38.3141],[-97.9071,38.3149],[-97.9249,38.3141]],[[-97.8899,38.304],[-97.9022,38.3141]],[[-97.8899,38.304],[-97.8956,38.3028],[-97.9023,38.3053],[-97.9033,38.3091],[-97.9022,38.3141]],[[-97.9249,38.3046],[-97.9144,38.3002],[-97.9068,38.2991],[-97.8937,38.2989],[-97.8683,38.2933]],[[-97.8683,38.2933],[-97.8761,38.2985],[-97.8835,38.3007],[-97.8899,38.304]],[[-92.8873,39.0514],[-92.8767,39.044],[-92.8744,39.041],[-92.862,39.033]],[[-92.8619,39.033],[-92.8583,39.0316],[-92.8514,39.0269],[-92.843,39.0243]],[[-92.8428,39.0242],[-92.8344,39.0215]],[[-92.8337,39.0213],[-92.8288,39.0205],[-92.8214,39.0207],[-92.816,39.0188],[-92.803,39.0115],[-92.782,39.0069]],[[-92.9347,39.0639],[-92.9307,39.0601],[-92.9275,39.0584],[-92.9123,39.0589],[-92.8954,39.0578],[-92.8917,39.0559],[-92.8873,39.0514]],[[-92.862,39.033],[-92.8619,39.033]],[[-92.843,39.0243],[-92.8428,39.0242]],[[-92.8344,39.0215],[-92.8337,39.0213]],[[-92.782,39.0069],[-92.7764,39.0036],[-92.7653,38.9921],[-92.7601,38.9888],[-92.7543,38.9872],[-92.7466,38.9868],[-92.7415,38.9898]],[[-93.3896,39.2004],[-93.3751,39.2025],[-93.3551,39.2105],[-93.3395,39.2145],[-93.3297,39.2144],[-93.3127,39.2114],[-93.2782,39.2105],[-93.2742,39.2098],[-93.2708,39.208],[-93.2621,39.2013],[-93.2532,39.1974],[-93.2426,39.1897],[-93.2371,39.1873],[-93.2258,39.1879],[-93.2141,39.1864],[-93.2009,39.1883],[-93.1973,39.1869],[-93.1904,39.1818],[-93.1827,39.1805],[-93.1713,39.1802],[-93.16,39.1767],[-93.1481,39.1798],[-93.1442,39.18],[-93.1388,39.177],[-93.129,39.1583],[-93.1195,39.1503],[-93.1149,39.1443],[-93.1133,39.1398],[-93.1124,39.1265],[-93.1089,39.1217],[-93.104,39.1174],[-93.0927,39.114],[-93.0797,39.1127],[-93.0723,39.1105],[-93.0646,39.1102],[-93.059,39.1074],[-93.0511,39.1],[-93.0441,39.0973],[-93.0154,39.0933],[-93.0022,39.0927],[-92.9864,39.0879],[-92.9704,39.0858],[-92.9636,39.0834],[-92.962,39.0819],[-92.9608,39.079],[-92.9602,39.0703],[-92.9574,39.0658],[-92.9538,39.0647],[-92.9396,39.0663]],[[-93.4824,39.2036],[-93.4614,39.2028],[-93.4458,39.2051],[-93.4355,39.2019]],[[-93.3929,39.1996],[-93.3923,39.1997]],[[-93.4012,39.1972],[-93.3937,39.1994]],[[-93.426,39.1988],[-93.4256,39.1987]],[[-93.4251,39.1986],[-93.4249,39.1985]],[[-93.4242,39.1983],[-93.4236,39.1982]],[[-93.4015,39.1971],[-93.4014,39.1971]],[[-93.4355,39.2019],[-93.426,39.1988]],[[-93.3923,39.1997],[-93.3896,39.2004]],[[-93.3937,39.1994],[-93.3929,39.1996]],[[-93.4256,39.1987],[-93.4251,39.1986]],[[-93.4249,39.1985],[-93.4242,39.1983]],[[-93.4236,39.1982],[-93.412,39.1963],[-93.4015,39.1971]],[[-93.4014,39.1971],[-93.4012,39.1972]],[[-92.9396,39.0663],[-92.935,39.0642]],[[-95.6651,38.7776],[-95.6517,38.7769],[-95.6106,38.7846],[-95.6051,38.7837],[-95.5917,38.7779],[-95.584,38.776],[-95.5755,38.7765],[-95.5632,38.7799],[-95.5554,38.7798],[-95.5401,38.7761],[-95.5268,38.7754],[-95.5008,38.7786]],[[-95.6758,38.7752],[-95.6706,38.7767]],[[-95.9462,38.7482],[-95.9354,38.7486],[-95.9174,38.752],[-95.9081,38.7564],[-95.8986,38.759],[-95.8911,38.7623],[-95.8831,38.7641],[-95.866,38.7634],[-95.8583,38.7621],[-95.8526,38.76],[-95.8391,38.7526],[-95.8315,38.7516],[-95.8296,38.7518],[-95.8198,38.7577],[-95.8104,38.7616],[-95.7948,38.7657],[-95.7836,38.7665],[-95.7752,38.7698],[-95.7659,38.7693],[-95.749,38.772],[-95.732,38.7685],[-95.7106,38.7682],[-95.6986,38.7694],[-95.6767,38.7749]],[[-95.6706,38.7767],[-95.6651,38.7776]],[[-95.6767,38.7749],[-95.6758,38.7752]],[[-94.6253,39.0315],[-94.608,39.0441]],[[-94.6081,39],[-94.6292,38.993],[-94.6395,38.9851],[-94.6516,38.9782],[-94.6561,38.9764],[-94.6597,38.9763],[-94.6612,38.9753],[-94.687,38.9698],[-94.7041,38.963],[-94.7236,38.9532],[-94.7305,38.9478],[-94.7488,38.9266],[-94.7601,38.9159],[-94.7755,38.9055],[-94.7966,38.8883],[-94.8041,38.8841],[-94.8275,38.8747],[-94.8509,38.8623],[-94.8639,38.8534],[-94.8771,38.8457],[-94.9062,38.8252],[-94.9409,38.8126],[-94.9615,38.8022],[-94.9661,38.7986]],[[-94.8501,38.812],[-94.8445,38.8131],[-94.8288,38.8209],[-94.8202,38.8278],[-94.8102,38.8338],[-94.7964,38.8386],[-94.7889,38.8428],[-94.7769,38.846],[-94.7629,38.8542],[-94.7585,38.8559],[-94.7524,38.8566],[-94.7385,38.8517],[-94.7203,38.8477],[-94.7146,38.8477],[-94.7046,38.8495],[-94.6627,38.8703],[-94.6395,38.8869],[-94.6172,38.9052],[-94.6109,38.9074],[-94.608,38.9065]],[[-94.8499,38.8134],[-94.8501,38.812]],[[-94.8801,38.8053],[-94.8531,38.8122],[-94.8501,38.812]],[[-94.8801,38.8053],[-94.8923,38.8084],[-94.8999,38.8113],[-94.9093,38.8119],[-94.913,38.8107],[-94.9182,38.8066],[-94.9257,38.8026],[-94.9351,38.801],[-94.9523,38.8005],[-94.9638,38.7989]],[[-94.8801,38.8053],[-94.8637,38.8073],[-94.8502,38.811]],[[-94.9638,38.7989],[-94.9612,38.7977],[-94.9511,38.7971],[-94.9278,38.7986],[-94.9083,38.7988],[-94.8946,38.8008],[-94.8801,38.8053]],[[-94.9815,38.8008],[-94.9953,38.7958],[-95.0045,38.7906],[-94.992,38.7911],[-94.9661,38.7986]],[[-94.9661,38.7986],[-94.9638,38.7989]],[[-95.0562,38.7815],[-95.0461,38.784],[-95.015,38.7867],[-95.0062,38.7892],[-95.0045,38.7906]],[[-96.9991,38.5669],[-96.9917,38.5654],[-96.9859,38.5655],[-96.9706,38.5685],[-96.9577,38.5746],[-96.9542,38.5775],[-96.9374,38.5869],[-96.9301,38.5898]],[[-96.9991,38.5669],[-97.0092,38.5703],[-97.0129,38.5702],[-97.0157,38.5675],[-97.0209,38.5543]],[[-97.0209,38.5543],[-97.0072,38.5636],[-96.9991,38.5669]],[[-97.2536,38.4874],[-97.2484,38.4891],[-97.2408,38.4932],[-97.2368,38.4976],[-97.2374,38.5019],[-97.2408,38.5048],[-97.2385,38.5096],[-97.2379,38.5154],[-97.2313,38.5286],[-97.2279,38.531],[-97.2057,38.5392],[-97.173,38.5447],[-97.1581,38.5481],[-97.1468,38.5517],[-97.1283,38.5521],[-97.1054,38.5562],[-97.0976,38.5565],[-97.0764,38.5535],[-97.0535,38.5524],[-97.038,38.5481],[-97.0334,38.5479],[-97.0273,38.5496],[-97.0209,38.5543]],[[-97.2408,38.5048],[-97.2509,38.4932],[-97.2536,38.4874]],[[-97.372,38.3871],[-97.3585,38.3952],[-97.3531,38.401],[-97.3434,38.4147],[-97.3322,38.4222],[-97.3221,38.4308],[-97.2922,38.4471],[-97.27,38.4634],[-97.2594,38.4745],[-97.2566,38.4791],[-97.2536,38.4874]],[[-98.6996,38.3555],[-98.7032,38.3619],[-98.7051,38.3632],[-98.7089,38.3646],[-98.7164,38.3652],[-98.7258,38.3638],[-98.7406,38.3599],[-98.7745,38.354]],[[-98.6861,38.3563],[-98.6561,38.359],[-98.643,38.3553],[-98.6356,38.3542],[-98.6186,38.3576],[-98.6018,38.3558],[-98.5888,38.3578],[-98.557,38.3603],[-98.5513,38.3595],[-98.5438,38.3569],[-98.5362,38.3559],[-98.5192,38.3572],[-98.5037,38.3599],[-98.4887,38.3587],[-98.4803,38.36]],[[-98.6861,38.3563],[-98.6876,38.3544],[-98.6932,38.3531],[-98.6969,38.3536],[-98.6996,38.3555]],[[-98.6996,38.3555],[-98.6861,38.3563]],[[-98.9391,38.2613],[-98.9263,38.2723],[-98.9112,38.2916],[-98.8977,38.3024],[-98.8902,38.3161],[-98.8763,38.3241],[-98.8544,38.3316],[-98.8378,38.3394],[-98.8117,38.3441],[-98.7986,38.3491],[-98.7853,38.3511],[-98.7745,38.354],[-98.75,38.3492],[-98.7349,38.3485],[-98.7237,38.3496],[-98.6996,38.3555]],[[-98.8902,38.3161],[-98.9201,38.3004],[-98.9329,38.2951],[-98.9679,38.2765],[-98.9959,38.2645],[-98.9992,38.2612]],[[-93.7364,39.1895],[-93.7162,39.1895],[-93.6907,39.1934],[-93.6652,39.1961],[-93.6384,39.1962],[-93.6309,39.1942],[-93.6174,39.1937],[-93.6083,39.1964],[-93.6023,39.1999],[-93.5909,39.2015],[-93.575,39.2008],[-93.5633,39.2023],[-93.5496,39.2013],[-93.5441,39.1999],[-93.5281,39.2061],[-93.5225,39.2073],[-93.5144,39.2067],[-93.5053,39.2031],[-93.4977,39.2014],[-93.4824,39.2036]],[[-93.8661,39.1844],[-93.8474,39.1906],[-93.8359,39.1878],[-93.8211,39.1828],[-93.8079,39.1828],[-93.7871,39.1792],[-93.7791,39.1791],[-93.7433,39.1888],[-93.7377,39.1894]],[[-93.7374,39.1894],[-93.7371,39.1894]],[[-93.8661,39.1844],[-93.8798,39.1859],[-93.8876,39.1857],[-93.8892,39.1849]],[[-93.8798,39.1575],[-93.8769,39.171],[-93.8738,39.1781],[-93.8705,39.1825],[-93.8661,39.1844]],[[-93.8907,39.1836],[-93.8908,39.1835]],[[-93.891,39.1834],[-93.8911,39.1833]],[[-93.9152,39.1667],[-93.9153,39.1667]],[[-93.9162,39.1663],[-93.9166,39.1661]],[[-93.9283,39.1605],[-93.9328,39.1582]],[[-93.8798,39.1575],[-93.891,39.1577],[-93.8985,39.1589],[-93.9062,39.1579],[-93.9328,39.1582]],[[-93.9328,39.1582],[-93.9456,39.1495],[-93.95,39.1453],[-93.9539,39.1395],[-93.9589,39.1369]],[[-93.9783,39.1219],[-93.9609,39.1238],[-93.9479,39.1218],[-93.9348,39.1233],[-93.9042,39.1214],[-93.8947,39.1227],[-93.8914,39.1253],[-93.8818,39.1409],[-93.8798,39.1575]],[[-93.9698,39.1311],[-93.9783,39.1219]],[[-94.106,39.1159],[-94.0974,39.1143],[-94.0786,39.1057],[-94.0655,39.1056],[-94.0578,39.1077],[-94.0554,39.1093],[-94.0547,39.1126],[-94.0513,39.1136],[-94.036,39.1142],[-94.0215,39.1124],[-94.0123,39.1181],[-94.0037,39.1214],[-93.9806,39.121],[-93.9783,39.1219]],[[-93.7371,39.1894],[-93.7364,39.1895]],[[-93.7377,39.1894],[-93.7374,39.1894]],[[-93.8892,39.1849],[-93.8907,39.1836]],[[-93.8908,39.1835],[-93.891,39.1834]],[[-93.8911,39.1833],[-93.895,39.1813],[-93.9032,39.1741],[-93.9146,39.167]],[[-93.9146,39.167],[-93.9152,39.1667]],[[-93.9153,39.1667],[-93.9162,39.1663]],[[-93.9166,39.1661],[-93.9283,39.1605]],[[-93.9589,39.1369],[-93.9698,39.1311]],[[-99.5702,37.8677],[-99.5909,37.858],[-99.6086,37.8445],[-99.6334,37.8326],[-99.6449,37.8288],[-99.66,37.8189],[-99.6889,37.8055],[-99.6982,37.8025],[-99.7038,37.8021],[-99.7115,37.8001],[-99.7242,37.7871],[-99.7379,37.7848],[-99.7468,37.7815],[-99.7578,37.7716],[-99.7711,37.7659],[-99.7842,37.7584],[-99.7938,37.7478],[-99.7998,37.743]],[[-100.2148,37.7934],[-100.2095,37.7948],[-100.2039,37.7937],[-100.1867,37.786],[-100.1445,37.772]],[[-100.1445,37.772],[-100.1156,37.7647],[-100.1008,37.7626],[-100.081,37.7577]],[[-100.081,37.7577],[-100.0676,37.7558],[-100.0393,37.7536],[-100.0204,37.7507],[-100.007,37.7502],[-99.973,37.7441],[-99.9346,37.7329],[-99.9174,37.7253],[-99.8724,37.7105],[-99.842,37.6977],[-99.8155,37.6908],[-99.8023,37.6854],[-99.7723,37.6759],[-99.7541,37.6725]],[[-99.6797,37.6568],[-99.6771,37.656],[-99.6623,37.6572],[-99.6493,37.6609],[-99.6394,37.6693],[-99.6196,37.6826],[-99.5958,37.7021],[-99.586,37.7144],[-99.5699,37.7386],[-99.5649,37.7438],[-99.5597,37.7465]],[[-99.8311,37.6947],[-99.7998,37.743]],[[-99.7998,37.743],[-99.8231,37.7383],[-99.8269,37.7365],[-99.8332,37.7308],[-99.8493,37.7307],[-99.8684,37.7325],[-99.878,37.7326],[-99.9061,37.7304],[-99.9216,37.7275]],[[-99.7541,37.6725],[-99.7296,37.6699],[-99.7259,37.6685],[-99.7166,37.6623],[-99.7113,37.6615]],[[-99.7113,37.6615],[-99.6929,37.6611],[-99.6797,37.6568]],[[-99.6797,37.6568],[-99.6808,37.656],[-99.6956,37.6559],[-99.7094,37.6601],[-99.7113,37.6615]],[[-99.3266,38.0007],[-99.3234,38.0045],[-99.3052,38.0204],[-99.2844,38.0413],[-99.2742,38.0494],[-99.2677,38.0561],[-99.2557,38.0638],[-99.2382,38.0724],[-99.224,38.0814],[-99.2183,38.0839],[-99.2098,38.0909],[-99.1999,38.1016],[-99.1809,38.1174],[-99.172,38.1266],[-99.1668,38.1306],[-99.1561,38.1375],[-99.1308,38.1514],[-99.1044,38.1715],[-99.0734,38.1856],[-99.037,38.2066],[-99.0223,38.2142],[-99.0098,38.2231],[-98.9951,38.2283],[-98.9861,38.235],[-98.9789,38.239],[-98.9735,38.2417],[-98.9625,38.2454],[-98.9522,38.2536],[-98.9391,38.2613]],[[-98.9992,38.2612],[-99.0099,38.252],[-99.0248,38.2486],[-99.0376,38.2431],[-99.0581,38.2363],[-99.0798,38.2227]],[[-99.0798,38.2227],[-99.0985,38.2075],[-99.1041,38.2041],[-99.1135,38.1951],[-99.1259,38.1876]],[[-99.0798,38.2227],[-99.0932,38.221],[-99.112,38.2109],[-99.1232,38.2072],[-99.1441,38.198],[-99.1568,38.1937],[-99.1703,38.1905],[-99.1803,38.1897],[-99.2052,38.1901]],[[-99.1259,38.1876],[-99.1277,38.1839],[-99.1333,38.1776],[-99.1405,38.175],[-99.1467,38.1764]],[[-99.1259,38.1876],[-99.1467,38.1764]],[[-99.2193,38.1778],[-99.2201,38.1736]],[[-99.1467,38.1764],[-99.1618,38.176],[-99.1769,38.1771],[-99.2088,38.1761],[-99.2201,38.1736]],[[-99.2201,38.1736],[-99.2289,38.1704],[-99.234,38.1665]],[[-99.234,38.1665],[-99.2351,38.1621],[-99.2415,38.1535]],[[-99.234,38.1665],[-99.2399,38.1634],[-99.2492,38.1601],[-99.2603,38.1581],[-99.2852,38.1442],[-99.3036,38.128],[-99.3177,38.1134],[-99.3377,38.1003],[-99.3533,38.0876]],[[-99.2415,38.1535],[-99.2403,38.1483],[-99.239,38.1233]],[[-99.2415,38.1535],[-99.2488,38.1454],[-99.2589,38.1365],[-99.2678,38.1302],[-99.2713,38.1297],[-99.2767,38.1264],[-99.2825,38.1208],[-99.2977,38.1095],[-99.3161,38.0988],[-99.3348,38.092],[-99.3504,38.0821]],[[-99.238,38.118],[-99.2396,38.1063],[-99.236,38.091],[-99.2353,38.0832],[-99.2359,38.0738]],[[-99.3244,38.003],[-99.3296,38.0007]],[[-99.2052,38.1901],[-99.2053,38.1901]],[[-99.2087,38.1888],[-99.2149,38.1854],[-99.2186,38.1792]],[[-99.239,38.1233],[-99.238,38.118]],[[-94.608,39.0441],[-94.6075,39.0444]],[[-95.275,38.819],[-95.2814,38.8207],[-95.289,38.8203],[-95.2941,38.8189]],[[-95.275,38.819],[-95.2702,38.8184],[-95.2571,38.8205],[-95.2475,38.8201],[-95.2357,38.8116],[-95.2247,38.8128],[-95.2209,38.8118],[-95.2193,38.8104],[-95.2165,38.8046]],[[-95.2941,38.8189],[-95.2896,38.8166],[-95.286,38.8161],[-95.2785,38.8175],[-95.275,38.819]],[[-95.5008,38.7786],[-95.4917,38.7784],[-95.475,38.7815],[-95.463,38.782],[-95.4482,38.7871],[-95.4303,38.7892],[-95.4084,38.7957],[-95.3931,38.7991],[-95.3446,38.7989],[-95.3365,38.8006],[-95.3265,38.8041],[-95.3138,38.8123],[-95.3046,38.8168],[-95.2941,38.8189]],[[-95.2165,38.8046],[-95.1973,38.7985],[-95.1804,38.787],[-95.1511,38.7726],[-95.1356,38.7673],[-95.1245,38.7661]],[[-95.2162,38.803],[-95.2165,38.8046]],[[-95.1238,38.7662],[-95.0967,38.7725],[-95.0793,38.7789],[-95.0562,38.7815]],[[-95.1245,38.7661],[-95.1238,38.7662]],[[-96.9301,38.5898],[-96.922,38.5928],[-96.9127,38.5981],[-96.905,38.6002],[-96.8959,38.6005],[-96.8657,38.6067],[-96.8621,38.6061],[-96.8564,38.6034],[-96.8523,38.604],[-96.8384,38.6125],[-96.8235,38.6183],[-96.8178,38.6195],[-96.7786,38.6185],[-96.7391,38.6211],[-96.7183,38.6208],[-96.6914,38.6224],[-96.6785,38.6262],[-96.6645,38.6284],[-96.6494,38.6275],[-96.6383,38.6287],[-96.6295,38.6289],[-96.6212,38.6278],[-96.6059,38.6289],[-96.5945,38.6309],[-96.585,38.6337],[-96.5625,38.6364],[-96.5473,38.6394],[-96.5363,38.644],[-96.5179,38.6542],[-96.4952,38.6606],[-96.4862,38.6616],[-96.46,38.6603],[-96.4433,38.6636],[-96.4248,38.6703],[-96.4173,38.671],[-96.4067,38.6703],[-96.3988,38.6672],[-96.3973,38.6673],[-96.3953,38.6657],[-96.3898,38.6645],[-96.3532,38.6754]],[[-96.4952,38.6606],[-96.5038,38.6625],[-96.5172,38.6692],[-96.5342,38.6716],[-96.536,38.6712],[-96.5489,38.6649],[-96.5677,38.6581],[-96.5804,38.6514],[-96.601,38.6433],[-96.6117,38.636],[-96.6236,38.6324],[-96.6295,38.6289]],[[-96.3808,38.6672],[-96.388,38.6686],[-96.3973,38.6673]],[[-98.4,38.354],[-98.4058,38.3568],[-98.4113,38.3582],[-98.4287,38.3605],[-98.4415,38.3595],[-98.4454,38.3583]],[[-98.4803,38.36],[-98.4592,38.3588],[-98.4547,38.357],[-98.4454,38.3583]],[[-98.4454,38.3583],[-98.4261,38.3517],[-98.4148,38.3532],[-98.4072,38.3517],[-98.4,38.354]],[[-98.4,38.354],[-98.3936,38.3512],[-98.3906,38.3429],[-98.3871,38.3406],[-98.3756,38.3408],[-98.3561,38.3387],[-98.3393,38.3324],[-98.333,38.328],[-98.326,38.3253],[-98.3204,38.3252],[-98.3052,38.3274],[-98.2957,38.3299],[-98.2786,38.3326],[-98.2674,38.3361],[-98.2579,38.3357],[-98.2542,38.3352],[-98.2487,38.3317],[-98.2433,38.3302],[-98.2264,38.3288],[-98.2129,38.3295],[-98.2035,38.3283],[-98.1805,38.3285],[-98.1688,38.3276],[-98.1518,38.3237],[-98.1368,38.3153],[-98.1295,38.3137],[-98.1124,38.3127],[-98.0943,38.3149],[-98.0806,38.3183],[-98.0369,38.303],[-98.0179,38.2998],[-98.0028,38.2961],[-97.9855,38.2955],[-97.97,38.2973],[-97.9642,38.2991],[-97.9608,38.3015]],[[-97.9249,38.3141],[-97.9501,38.3089],[-97.9558,38.3059],[-97.9608,38.3015]],[[-97.9608,38.3015],[-97.9508,38.3022],[-97.9413,38.3054],[-97.9334,38.3067],[-97.9278,38.3059],[-97.9249,38.3046]],[[-94.3082,39.1617],[-94.3002,39.1576],[-94.2968,39.1547],[-94.2932,39.1534],[-94.2897,39.1534],[-94.2863,39.1542],[-94.2739,39.161],[-94.2549,39.1678],[-94.2455,39.1732],[-94.2343,39.1751],[-94.2249,39.1754],[-94.2156,39.1732],[-94.2048,39.1682],[-94.1882,39.1622],[-94.1599,39.1543],[-94.151,39.1484],[-94.1439,39.1421]],[[-94.358,39.1607],[-94.359,39.1574],[-94.3636,39.1575],[-94.365,39.1536],[-94.3677,39.15],[-94.3683,39.1433],[-94.3669,39.136],[-94.3642,39.1354],[-94.3643,39.1335]],[[-94.3643,39.1335],[-94.354,39.1381],[-94.347,39.1443],[-94.3414,39.1432],[-94.3343,39.1433],[-94.3292,39.147],[-94.3279,39.1494]],[[-94.1411,39.1371],[-94.1405,39.136]],[[-94.1404,39.136],[-94.1395,39.1347]],[[-94.1393,39.1346],[-94.1391,39.1342]],[[-94.4249,39.1318],[-94.4245,39.1335]],[[-94.4019,39.0911],[-94.4067,39.103],[-94.4056,39.104],[-94.4,39.1053],[-94.3913,39.1101],[-94.3878,39.1149],[-94.3745,39.1227],[-94.37,39.1275],[-94.3686,39.1306],[-94.3643,39.1335]],[[-94.1384,39.1334],[-94.1382,39.1332]],[[-94.4249,39.1318],[-94.4171,39.1301],[-94.4162,39.1292],[-94.4168,39.1015]],[[-94.4268,39.1293],[-94.4249,39.1318]],[[-94.1318,39.1284],[-94.1209,39.1223],[-94.106,39.1159]],[[-94.4266,39.127],[-94.4266,39.1275]],[[-94.4265,39.1264],[-94.4266,39.1268]],[[-94.4172,39.0924],[-94.4177,39.0955],[-94.4199,39.0982],[-94.4257,39.0983],[-94.4274,39.0995],[-94.4245,39.1217],[-94.4265,39.126]],[[-94.5799,39.106],[-94.5801,39.1053]],[[-94.4132,39.1003],[-94.4133,39.0971],[-94.4123,39.0965],[-94.4151,39.0927],[-94.4172,39.0924]],[[-94.5952,38.9095],[-94.5845,38.9122],[-94.5748,38.9239],[-94.5719,38.9256],[-94.5606,38.9264],[-94.5564,38.9285],[-94.5444,38.9419],[-94.5402,38.9441],[-94.5366,38.9495],[-94.5309,38.9502],[-94.5193,38.9555],[-94.5108,38.9557],[-94.5049,38.9608],[-94.5018,38.9652],[-94.498,38.9682],[-94.4956,38.9723],[-94.4833,38.9833],[-94.4818,38.9931],[-94.4825,39.0031],[-94.4811,39.0059],[-94.4638,39.011],[-94.4576,39.0175],[-94.4423,39.0257],[-94.4395,39.0296],[-94.4389,39.0358],[-94.4374,39.0378],[-94.4371,39.0405],[-94.4394,39.0488],[-94.4239,39.0718],[-94.423,39.0795],[-94.4173,39.0866],[-94.4172,39.0924]],[[-94.5814,39.0847],[-94.5814,39.0834]],[[-94.5824,39.0808],[-94.5843,39.0783],[-94.5899,39.0754],[-94.5906,39.0702]],[[-94.5906,39.0694],[-94.5908,39.0676]],[[-94.591,39.0602],[-94.5908,39.0571]],[[-94.6074,39.0445],[-94.5997,39.0492],[-94.5933,39.0519]],[[-94.5907,39.0497],[-94.5908,39.0486]],[[-94.5909,39.0476],[-94.5935,39.0056]],[[-94.5935,39.0056],[-94.5958,38.9635],[-94.5951,38.9609],[-94.5973,38.9363],[-94.5927,38.9253],[-94.594,38.9112],[-94.5952,38.9095]],[[-94.5935,39.0056],[-94.5985,39.0031],[-94.6079,39.0001]],[[-94.608,38.9065],[-94.6031,38.9068],[-94.5952,38.9095]],[[-94.3596,39.1648],[-94.358,39.1607]],[[-94.3279,39.1494],[-94.3273,39.153],[-94.3248,39.1573],[-94.3147,39.1618],[-94.3082,39.1617]],[[-94.1439,39.1421],[-94.1411,39.1371]],[[-94.4245,39.1335],[-94.4243,39.1363],[-94.4221,39.1411]],[[-94.1405,39.136],[-94.1404,39.136]],[[-94.1395,39.1347],[-94.1393,39.1346]],[[-94.1391,39.1342],[-94.1384,39.1334]],[[-94.1382,39.1332],[-94.1318,39.1284]],[[-94.4266,39.1275],[-94.4268,39.1293]],[[-94.4266,39.1268],[-94.4266,39.127]],[[-94.4265,39.126],[-94.4265,39.1264]],[[-94.5815,39.1147],[-94.5799,39.106]],[[-94.5801,39.1053],[-94.5814,39.0847]],[[-94.5814,39.0834],[-94.5815,39.0832]],[[-94.5815,39.0832],[-94.5824,39.0808]],[[-94.5906,39.0702],[-94.5906,39.0694]],[[-94.5908,39.0676],[-94.591,39.0602]],[[-94.5908,39.0571],[-94.5904,39.0532]],[[-94.5904,39.0532],[-94.5907,39.0497]],[[-94.5933,39.0519],[-94.5904,39.0532]],[[-94.5908,39.0486],[-94.5909,39.0476]],[[-92.935,39.0642],[-92.9347,39.0639]],[[-101.2399,37.9517],[-101.229,37.9563],[-101.2143,37.9652],[-101.1938,37.9704],[-101.1795,37.9778],[-101.174,37.9788],[-101.1569,37.9783],[-101.1177,37.9847],[-101.103,37.9887]],[[-101.2738,37.9348],[-101.2586,37.9431],[-101.2399,37.9517]],[[-101.2738,37.9348],[-101.2743,37.9325],[-101.2797,37.9287],[-101.3103,37.9117]],[[-101.3119,37.9184],[-101.3072,37.926],[-101.3017,37.9294],[-101.2867,37.9316],[-101.2738,37.9348]],[[-101.103,37.9887],[-101.0828,37.9955],[-101.0656,37.9975],[-101.0563,37.9973],[-101.0377,37.995],[-101.0017,37.9878],[-100.9894,37.9879],[-100.9658,37.9807],[-100.9623,37.9781],[-100.9565,37.9757],[-100.9452,37.9723],[-100.9259,37.9696],[-100.9084,37.9685],[-100.878,37.9669],[-100.8609,37.9675],[-100.844,37.96],[-100.8062,37.9463],[-100.7535,37.9151],[-100.7325,37.9042],[-100.6649,37.8799]],[[-100.904,37.9687],[-100.9358,37.9752],[-100.9642,37.9799]],[[-99.3533,38.0876],[-99.3611,38.0807],[-99.3655,38.0746]],[[-99.3504,38.0821],[-99.3632,38.0745],[-99.3655,38.0746]],[[-99.3655,38.0746],[-99.372,38.0676]],[[-99.372,38.0676],[-99.3875,38.046],[-99.3962,38.0277],[-99.4014,38.0203],[-99.4287,37.9935],[-99.4365,37.9813],[-99.443,37.975]],[[-99.372,38.0676],[-99.3844,38.0579],[-99.4106,38.0249],[-99.4233,38.0127],[-99.4303,38.0077],[-99.4391,37.9988],[-99.4427,37.9898],[-99.443,37.975]],[[-99.3296,38.0007],[-99.3376,37.9946],[-99.3419,37.99],[-99.347,37.9824],[-99.3511,37.9706]],[[-99.5597,37.7465],[-99.5557,37.7483],[-99.5429,37.7598],[-99.5278,37.7788],[-99.5142,37.7915],[-99.49,37.8273],[-99.4684,37.8499],[-99.4575,37.8579],[-99.4471,37.868],[-99.4109,37.8924],[-99.4047,37.8984],[-99.383,37.9298],[-99.3784,37.94],[-99.3716,37.9466],[-99.3664,37.954],[-99.3511,37.9706],[-99.3425,37.9772],[-99.3356,37.9891],[-99.3266,38.0007]],[[-99.443,37.975],[-99.4483,37.9695],[-99.4495,37.9517],[-99.4547,37.9392],[-99.4722,37.9218],[-99.5104,37.8975],[-99.5217,37.8923],[-99.5332,37.8887],[-99.5526,37.8788],[-99.5702,37.8677]],[[-100.3792,37.8089],[-100.3664,37.8075],[-100.3517,37.8076]],[[-100.3517,37.8076],[-100.3409,37.8063],[-100.3205,37.8059],[-100.2911,37.8008],[-100.2491,37.7958],[-100.2393,37.7955],[-100.2245,37.7919],[-100.219,37.7921],[-100.2148,37.7934]],[[-100.6649,37.8799],[-100.6445,37.8742],[-100.6344,37.8724],[-100.6243,37.873],[-100.5553,37.8631]],[[-100.5553,37.8631],[-100.529,37.8596],[-100.5142,37.8552],[-100.5006,37.8525]],[[-100.5006,37.8525],[-100.4959,37.8528],[-100.4871,37.8578],[-100.4835,37.8584],[-100.4577,37.8482],[-100.4433,37.8445]],[[-100.4433,37.8445],[-100.4317,37.8418],[-100.4241,37.8411],[-100.4167,37.8386],[-100.407,37.8284],[-100.3984,37.8225],[-100.3954,37.8151],[-100.3927,37.8122],[-100.3872,37.8099],[-100.3792,37.8089]],[[-95.97,38.7392],[-95.963,38.7435],[-95.9462,38.7482]],[[-95.9644,38.7425],[-95.9857,38.7391]],[[-102.0447,38.0448],[-102.0444,38.0448]],[[-102.0444,38.0448],[-102.0374,38.0467],[-102.0294,38.0463],[-101.9942,38.0381],[-101.9756,38.0312],[-101.9604,38.0291],[-101.9546,38.0293],[-101.9237,38.0238],[-101.9069,38.0185],[-101.8938,38.0128],[-101.8846,38.0104],[-101.8694,38.0084],[-101.8521,38.0075],[-101.8237,37.9988],[-101.8021,37.9937],[-101.7706,37.9843],[-101.754,37.9772],[-101.7326,37.972],[-101.7086,37.9638],[-101.6915,37.955],[-101.6819,37.9534],[-101.6762,37.9535],[-101.6573,37.9575],[-101.6413,37.9557],[-101.5972,37.9464],[-101.5816,37.9463],[-101.5699,37.941],[-101.5523,37.9362],[-101.5417,37.932]],[[-102.4397,38.1135],[-102.4304,38.1135]],[[-102.0448,38.0447],[-102.0447,38.0448]],[[-102.7417,38.1006],[-102.7359,38.1024],[-102.7158,38.1059],[-102.7092,38.1062],[-102.6907,38.1041],[-102.6771,38.1047],[-102.6591,38.1076],[-102.6153,38.1117],[-102.5834,38.111],[-102.5582,38.1129],[-102.5412,38.1113],[-102.5237,38.1115],[-102.5104,38.109],[-102.5011,38.1086],[-102.4839,38.1164],[-102.4674,38.1123],[-102.4561,38.1122],[-102.4397,38.1135]],[[-102.4304,38.1135],[-102.3904,38.1122],[-102.361,38.1054],[-102.3495,38.1044],[-102.332,38.1044],[-102.2959,38.0953],[-102.2708,38.0857],[-102.2368,38.075],[-102.1972,38.0686],[-102.1458,38.064],[-102.1246,38.0604],[-102.1233,38.0591],[-102.0892,38.0494],[-102.0817,38.0484],[-102.0667,38.0493],[-102.0611,38.0487],[-102.0448,38.0447]],[[-102.0793,38.0484],[-102.0847,38.0516],[-102.108,38.0584],[-102.1246,38.0604]],[[-105.0096,35.7655],[-105.0086,35.7709]],[[-104.6422,36.6005],[-104.6454,36.597]],[[-104.6474,36.5948],[-104.6775,36.5606]],[[-104.5352,36.7312],[-104.5083,36.7563],[-104.4891,36.7701],[-104.4769,36.7812],[-104.4657,36.7891],[-104.4564,36.8001],[-104.4521,36.8111],[-104.4491,36.831],[-104.4489,36.8435],[-104.4451,36.8742],[-104.4435,36.8808],[-104.4372,36.8962],[-104.4371,36.9005],[-104.4389,36.9048],[-104.4455,36.9134],[-104.4664,36.9353],[-104.4737,36.9486],[-104.4831,36.9798],[-104.4832,36.9936]],[[-104.5352,36.7312],[-104.5546,36.7018],[-104.5681,36.6865],[-104.5853,36.6572],[-104.6022,36.6345],[-104.6202,36.6162],[-104.6422,36.6005]],[[-104.929,36.3692],[-104.9306,36.3798],[-104.9355,36.3935],[-104.9502,36.4207],[-104.953,36.4321],[-104.9537,36.4398],[-104.9517,36.4494],[-104.9395,36.4758],[-104.909,36.5135],[-104.8879,36.5271],[-104.8462,36.5439],[-104.7968,36.5735],[-104.7786,36.5878],[-104.7593,36.5964],[-104.6972,36.6289],[-104.681,36.6382],[-104.6413,36.663],[-104.5997,36.687],[-104.5778,36.7009],[-104.5671,36.7089],[-104.5496,36.7268],[-104.5352,36.7312]],[[-104.6454,36.597],[-104.6474,36.5948]],[[-104.6775,36.5606],[-104.7001,36.5411],[-104.7165,36.5294],[-104.7412,36.516],[-104.7651,36.5071],[-104.7702,36.5039],[-104.7786,36.4928],[-104.7957,36.4752],[-104.8139,36.4604],[-104.8337,36.4485],[-104.8479,36.4352],[-104.8601,36.4196],[-104.868,36.4057],[-104.8767,36.3946],[-104.8847,36.3898],[-104.9094,36.3815],[-104.9177,36.3779],[-104.929,36.3692]],[[-104.9157,36.3105],[-104.9193,36.3247],[-104.9221,36.3312],[-104.9348,36.3479],[-104.9329,36.3576],[-104.9294,36.3641],[-104.929,36.3692]],[[-104.8808,36.2614],[-104.888,36.2672],[-104.8979,36.278],[-104.905,36.2914],[-104.9085,36.3003],[-104.9157,36.3105]],[[-104.8912,36.2615],[-104.9008,36.2721],[-104.909,36.2854],[-104.9136,36.297],[-104.916,36.308],[-104.9157,36.3105]],[[-103.7393,37.853],[-103.73,37.858]],[[-103.7623,37.8323],[-103.7415,37.8516]],[[-103.7719,37.8226],[-103.7669,37.8279]],[[-103.8642,37.7293],[-103.8621,37.7346],[-103.8583,37.7393]],[[-103.8643,37.7291],[-103.8642,37.7293]],[[-103.8642,37.7293],[-103.8651,37.7292]],[[-103.8809,37.722],[-103.898,37.7105],[-103.9037,37.704]],[[-103.867,37.685],[-103.8602,37.6906],[-103.8578,37.6965],[-103.8583,37.7022],[-103.8641,37.7218]],[[-103.9311,37.696],[-103.9212,37.6974],[-103.9128,37.6959]],[[-103.8945,37.6881],[-103.888,37.684],[-103.8808,37.6823],[-103.8762,37.6822]],[[-103.9663,37.6779],[-103.977,37.672]],[[-103.9569,37.6592],[-103.9544,37.6617],[-103.9509,37.6698],[-103.9483,37.673]],[[-103.9807,37.6708],[-103.9815,37.6704]],[[-103.9861,37.6687],[-103.99,37.6671]],[[-103.9683,37.644],[-103.966,37.6456]],[[-103.4355,38.0393],[-103.4172,38.0471]],[[-103.6383,37.9218],[-103.6345,37.9242]],[[-103.8052,37.7766],[-103.7983,37.7813],[-103.7917,37.7903]],[[-103.8583,37.7393],[-103.8527,37.7473]],[[-103.9044,37.7032],[-103.9082,37.6986],[-103.9122,37.6958]],[[-103.9128,37.6959],[-103.9035,37.694],[-103.8949,37.6885]],[[-103.966,37.6456],[-103.962,37.6547],[-103.9569,37.6592]],[[-103.4171,38.0471],[-103.3986,38.053]],[[-103.6345,37.9242],[-103.6232,37.9332],[-103.6138,37.9384],[-103.6038,37.9455],[-103.5929,37.9501],[-103.5685,37.9637],[-103.5477,37.9709],[-103.5408,37.9764],[-103.5285,37.9916],[-103.5153,37.9992],[-103.5037,38.0101],[-103.5001,38.0117],[-103.4893,38.013],[-103.48,38.0161],[-103.4696,38.0181],[-103.4513,38.0311],[-103.4355,38.0392]],[[-103.73,37.858],[-103.7233,37.8614],[-103.7088,37.8716],[-103.6939,37.8807],[-103.6739,37.8947],[-103.6383,37.9218]],[[-103.7415,37.8516],[-103.7393,37.853]],[[-103.7669,37.8279],[-103.7623,37.8323]],[[-103.7917,37.7903],[-103.7885,37.8001],[-103.7839,37.8089],[-103.7787,37.8162],[-103.7719,37.8226]],[[-103.8527,37.7473],[-103.8416,37.7576],[-103.8347,37.7662],[-103.8313,37.7688],[-103.8147,37.7728],[-103.8052,37.7766]],[[-103.8651,37.7292],[-103.8754,37.7263],[-103.8809,37.722]],[[-103.8641,37.7218],[-103.8643,37.7291]],[[-103.9037,37.704],[-103.9044,37.7032]],[[-103.9379,37.6921],[-103.9311,37.696]],[[-103.9483,37.673],[-103.9416,37.68],[-103.9374,37.6902],[-103.9379,37.6921]],[[-103.9379,37.6921],[-103.9477,37.6862],[-103.9599,37.6833],[-103.9663,37.6779]],[[-103.8949,37.6885],[-103.8945,37.6881]],[[-103.8762,37.6822],[-103.8701,37.6834],[-103.867,37.685]],[[-103.977,37.672],[-103.9807,37.6708]],[[-103.9815,37.6704],[-103.9861,37.6687]],[[-103.99,37.6671],[-103.9986,37.6629],[-104.0056,37.6582],[-104.011,37.6523],[-104.016,37.6441]],[[-103.4172,38.0471],[-103.4171,38.0471]],[[-103.4355,38.0392],[-103.4355,38.0393]],[[-103.0878,38.0968],[-103.0749,38.0963],[-103.0639,38.0974],[-103.0558,38.0972],[-103.0444,38.0952],[-103.0216,38.0885],[-103.0138,38.0873],[-102.9998,38.0867]],[[-103.129,38.0946],[-103.0969,38.0973]],[[-102.9952,38.0861],[-102.9884,38.0851]],[[-102.9861,38.0847],[-102.9779,38.0835],[-102.9652,38.0842],[-102.9484,38.0833],[-102.9317,38.0852]],[[-102.9317,38.0852],[-102.9186,38.0858],[-102.9012,38.0818],[-102.8844,38.0856],[-102.8612,38.0839],[-102.8573,38.0846],[-102.8384,38.0925],[-102.7641,38.0968],[-102.7417,38.1006]],[[-103.0969,38.0973],[-103.0878,38.0968]],[[-103.3986,38.053],[-103.3825,38.0566],[-103.3636,38.0628],[-103.3449,38.066],[-103.3335,38.0692],[-103.3177,38.0753],[-103.308,38.0802],[-103.2999,38.0825],[-103.2869,38.0828],[-103.268,38.0858],[-103.2532,38.0849],[-103.2116,38.0889],[-103.1988,38.0884],[-103.1793,38.0855],[-103.129,38.0946]],[[-102.9998,38.0867],[-102.9952,38.0861]],[[-102.9884,38.0851],[-102.9861,38.0847]],[[-105.0153,35.9111],[-105.0154,35.9141]],[[-105.0128,35.8987],[-105.0153,35.9111]],[[-104.8875,36.2579],[-104.8912,36.2615]],[[-104.8656,36.1675],[-104.8687,36.1726],[-104.879,36.1836],[-104.8814,36.189]],[[-104.9012,36.1527],[-104.8879,36.153]],[[-104.8733,36.1491],[-104.8701,36.1476]],[[-104.8662,36.1455],[-104.8657,36.1452]],[[-104.8764,36.2336],[-104.8686,36.2445],[-104.868,36.2489],[-104.872,36.2553],[-104.8808,36.2614]],[[-104.8764,36.2336],[-104.8758,36.2436],[-104.8774,36.248],[-104.8875,36.2579]],[[-104.8814,36.189],[-104.883,36.196],[-104.8816,36.2159],[-104.8764,36.2336]],[[-104.8657,36.1452],[-104.8587,36.1433],[-104.856,36.1442],[-104.8537,36.1463],[-104.8532,36.1484],[-104.8556,36.1549],[-104.8656,36.1675]],[[-104.8879,36.153],[-104.8802,36.1517],[-104.8733,36.1491]],[[-104.9093,36.1504],[-104.9012,36.1527]],[[-105.0188,35.9331],[-105.0053,35.9586],[-104.9837,35.9914],[-104.9737,36.0246],[-104.9702,36.0558],[-104.968,36.0645],[-104.9474,36.0907],[-104.9422,36.1103],[-104.9269,36.1324],[-104.9219,36.1414],[-104.9175,36.147],[-104.9149,36.1487],[-104.9093,36.1504]],[[-104.8701,36.1476],[-104.8662,36.1455]],[[-105.0154,35.9141],[-105.0188,35.9331]],[[-105.0188,35.9331],[-105.0264,35.9238],[-105.0287,35.9193],[-105.0289,35.9162],[-105.0271,35.9064],[-105.0266,35.8887],[-105.0236,35.8734],[-105.0224,35.8603],[-105.0172,35.8427],[-104.9988,35.8167]],[[-104.9985,35.8495],[-105.005,35.8683],[-105.0128,35.8987]],[[-104.9843,35.8188],[-104.9985,35.8495]],[[-104.9988,35.8167],[-104.9985,35.8495]],[[-104.9843,35.8188],[-104.9805,35.8114]],[[-104.9843,35.8188],[-104.9979,35.8135]],[[-104.9979,35.8135],[-104.9988,35.8167]],[[-105.0086,35.7709],[-104.9992,35.7902],[-104.996,35.7991],[-104.9957,35.8057],[-104.9979,35.8135]],[[-101.5417,37.932],[-101.5353,37.9286],[-101.5273,37.9257],[-101.5193,37.9246],[-101.5099,37.9219],[-101.4963,37.92],[-101.4851,37.9148],[-101.472,37.9106],[-101.4521,37.9082],[-101.4447,37.9047],[-101.435,37.8985],[-101.3885,37.888],[-101.3764,37.8883],[-101.3596,37.8903],[-101.3493,37.8903],[-101.3457,37.8915],[-101.3366,37.8959],[-101.3223,37.9065],[-101.3119,37.9184]],[[-101.3119,37.9184],[-101.3104,37.9165],[-101.3103,37.9117]],[[-103.9685,37.6438],[-103.9683,37.644]],[[-104.1891,37.4785],[-104.183,37.4845]],[[-104.2431,37.425],[-104.2373,37.4292],[-104.2278,37.4387]],[[-104.3548,37.3369],[-104.3546,37.351]],[[-104.016,37.6441],[-104.022,37.6336]],[[-104.022,37.6336],[-104.0138,37.6345],[-103.9995,37.6336],[-103.9922,37.6341],[-103.9851,37.6361],[-103.9685,37.6438]],[[-104.183,37.4845],[-104.1766,37.4925],[-104.1665,37.5025],[-104.1238,37.5326],[-104.118,37.5399],[-104.1141,37.5473],[-104.1126,37.5552],[-104.1065,37.562],[-104.0643,37.5989],[-104.0552,37.6042],[-104.0443,37.6082],[-104.0389,37.6116],[-104.0326,37.6189],[-104.0265,37.6292],[-104.022,37.6336]],[[-104.3546,37.351],[-104.355,37.3638],[-104.3455,37.3866],[-104.3455,37.3908],[-104.3485,37.4009],[-104.3473,37.4066],[-104.3141,37.4432],[-104.2954,37.471],[-104.2855,37.4895],[-104.2783,37.4967],[-104.2727,37.5006],[-104.2653,37.5033],[-104.2351,37.5073],[-104.1905,37.5114],[-104.1673,37.5166],[-104.1518,37.5246],[-104.1453,37.5298],[-104.129,37.5387],[-104.1126,37.5552]],[[-104.2278,37.4387],[-104.2191,37.4459],[-104.196,37.472],[-104.1891,37.4785]],[[-104.4832,36.994],[-104.4828,37.0096],[-104.4851,37.0201],[-104.4893,37.0245],[-104.4999,37.0319],[-104.5147,37.0466],[-104.5217,37.0555],[-104.5231,37.0615],[-104.5227,37.0674],[-104.5183,37.0824],[-104.5191,37.09],[-104.5182,37.0989],[-104.52,37.1033],[-104.5258,37.1108],[-104.5271,37.1151],[-104.5269,37.1179],[-104.5127,37.1635],[-104.5104,37.1755],[-104.5082,37.1814],[-104.4979,37.196],[-104.4749,37.2189],[-104.4627,37.2283],[-104.4388,37.2424],[-104.4296,37.2466],[-104.4134,37.2583],[-104.404,37.267],[-104.384,37.2916],[-104.3709,37.3029],[-104.3614,37.3151],[-104.3565,37.3192],[-104.3487,37.3227],[-104.3381,37.3307],[-104.3268,37.3432],[-104.3142,37.3517],[-104.2973,37.3688],[-104.2918,37.3725],[-104.2753,37.38],[-104.2686,37.3854],[-104.2656,37.3897],[-104.2614,37.4041],[-104.2579,37.4112],[-104.2496,37.4198],[-104.2431,37.425]],[[-104.3565,37.3192],[-104.3546,37.3277],[-104.3548,37.3369]],[[-103.1777,36.6593],[-103.1606,36.6656],[-103.1453,36.6696]],[[-103.1902,36.6556],[-103.1812,36.6582]],[[-103.2083,36.6478],[-103.207,36.6483]],[[-103.0417,36.7131],[-103.0536,36.7056]],[[-103.0506,36.6958],[-103.0371,36.6961]],[[-103.0729,36.6923],[-103.0685,36.6941]],[[-103.3791,36.6208],[-103.3611,36.6241]],[[-103.5013,36.5869],[-103.4973,36.5893]],[[-103.5108,36.5809],[-103.5066,36.5833]],[[-103.5423,36.5713],[-103.5153,36.5788]],[[-103.6583,36.5297],[-103.6493,36.5317]],[[-103.7796,36.5102],[-103.7751,36.5114]],[[-103.8289,36.4948],[-103.8138,36.4993],[-103.8021,36.5049],[-103.7967,36.5061]],[[-103.8826,36.4777],[-103.8728,36.4806]],[[-103.0023,36.7194],[-103.0182,36.723],[-103.0236,36.7227],[-103.0312,36.7205],[-103.0417,36.7131]],[[-103.0536,36.7056],[-103.0579,36.7017],[-103.0621,36.6956]],[[-103.0371,36.6961],[-103.0024,36.6963]],[[-103.0685,36.6941],[-103.0592,36.6962],[-103.0506,36.6958]],[[-103.1298,36.6735],[-103.1063,36.6771],[-103.0883,36.687],[-103.0729,36.6923]],[[-103.1298,36.6735],[-103.1298,36.6714],[-103.1334,36.6694],[-103.1405,36.669],[-103.1448,36.6698]],[[-103.1448,36.6698],[-103.1388,36.6719],[-103.1298,36.6735]],[[-103.1453,36.6696],[-103.1448,36.6698]],[[-103.1812,36.6582],[-103.1777,36.6593]],[[-103.207,36.6483],[-103.1902,36.6556]],[[-103.3611,36.6241],[-103.3446,36.6259],[-103.3227,36.6264],[-103.2983,36.6294],[-103.28,36.6283],[-103.2692,36.6292],[-103.247,36.6334],[-103.236,36.6365],[-103.2083,36.6478]],[[-103.2158,36.6445],[-103.2181,36.6453],[-103.2235,36.6448],[-103.2379,36.6402],[-103.2507,36.6376],[-103.2744,36.6357],[-103.2944,36.6314],[-103.2983,36.6294]],[[-103.4973,36.5893],[-103.4886,36.5941],[-103.474,36.5999],[-103.4531,36.6031],[-103.4329,36.6082],[-103.4198,36.61],[-103.3791,36.6208]],[[-103.5066,36.5833],[-103.5013,36.5869]],[[-103.5153,36.5788],[-103.5108,36.5809]],[[-103.6493,36.5317],[-103.6402,36.5356],[-103.622,36.5466],[-103.5962,36.554],[-103.5706,36.563],[-103.5423,36.5713]],[[-103.7751,36.5114],[-103.7556,36.516],[-103.7275,36.521],[-103.7073,36.5238],[-103.6894,36.5247],[-103.6731,36.5265],[-103.6583,36.5297]],[[-103.7967,36.5061],[-103.7796,36.5102]],[[-103.8728,36.4806],[-103.8517,36.4861],[-103.8289,36.4948]],[[-104.0081,36.4374],[-104.001,36.4383],[-103.9957,36.4402],[-103.9742,36.4489],[-103.9635,36.455],[-103.9544,36.4585],[-103.9256,36.4634],[-103.9202,36.465],[-103.9007,36.4748],[-103.8936,36.4765],[-103.8826,36.4777]],[[-103.0021,36.7194],[-103.0022,36.7194]],[[-103.0024,36.6963],[-103.0022,36.6964]],[[-105.0096,35.7655],[-105.0057,35.7713]],[[-104.0151,36.4365],[-104.0081,36.4374]],[[-104.0349,36.4314],[-104.0304,36.4328]],[[-104.08,36.4279],[-104.098,36.4263]],[[-104.1364,36.4255],[-104.1428,36.4243]],[[-104.0935,36.4185],[-104.08,36.4254]],[[-104.1742,36.4198],[-104.1878,36.4172],[-104.2017,36.4122],[-104.2098,36.4082]],[[-104.2006,36.4075],[-104.1869,36.4087],[-104.176,36.4074]],[[-104.1752,36.4073],[-104.1697,36.4086]],[[-104.2098,36.4082],[-104.207,36.4075]],[[-104.2098,36.4082],[-104.2111,36.4075]],[[-104.2415,36.3973],[-104.2574,36.3928]],[[-104.2445,36.3929],[-104.2415,36.3936]],[[-104.2729,36.3881],[-104.2787,36.3855],[-104.2862,36.3798]],[[-104.3185,36.3565],[-104.3033,36.3631],[-104.298,36.367],[-104.2862,36.3798],[-104.2729,36.3832]],[[-104.3541,36.3348],[-104.3489,36.3369]],[[-104.5046,36.2913],[-104.5028,36.295]],[[-104.5055,36.2478],[-104.5012,36.2696],[-104.5018,36.2768]],[[-104.5418,36.2257],[-104.5361,36.2279],[-104.5238,36.2299]],[[-104.0304,36.4328],[-104.0151,36.4365]],[[-104.08,36.4254],[-104.0712,36.4276],[-104.0464,36.4292],[-104.0349,36.4314]],[[-104.0758,36.4267],[-104.08,36.4279]],[[-104.098,36.4263],[-104.1217,36.4276],[-104.1364,36.4255]],[[-104.1428,36.4243],[-104.1604,36.4206],[-104.1742,36.4198]],[[-104.1697,36.4086],[-104.1526,36.4134],[-104.1419,36.4149],[-104.1309,36.4158],[-104.1006,36.416],[-104.0935,36.4185]],[[-104.2111,36.4075],[-104.2224,36.4029],[-104.2415,36.3973]],[[-104.207,36.4075],[-104.2006,36.4075]],[[-104.176,36.4074],[-104.1755,36.4072]],[[-104.2415,36.3936],[-104.2317,36.3967],[-104.1964,36.401],[-104.1752,36.4073]],[[-104.2729,36.3832],[-104.2445,36.3929]],[[-104.2574,36.3928],[-104.2729,36.3881]],[[-104.3489,36.3369],[-104.3352,36.3455],[-104.3275,36.3517],[-104.3185,36.3565]],[[-104.5028,36.295],[-104.4821,36.3087],[-104.4576,36.3162],[-104.4283,36.3286],[-104.409,36.3265],[-104.3812,36.3275],[-104.3677,36.3302],[-104.3541,36.3348]],[[-104.5018,36.2768],[-104.5045,36.2854],[-104.5046,36.2913]],[[-104.5238,36.2299],[-104.5127,36.23],[-104.51,36.2305],[-104.5074,36.2325],[-104.5055,36.2478]],[[-104.5546,36.2188],[-104.5418,36.2257]],[[-101.452,37.3541],[-101.4185,37.3804],[-101.412,37.3887]],[[-101.452,37.3541],[-101.4553,37.3883]],[[-101.5561,37.2706],[-101.5313,37.2793],[-101.5259,37.2828],[-101.5052,37.3068],[-101.4858,37.3268],[-101.4726,37.3383],[-101.458,37.3487],[-101.452,37.3541]],[[-104.5826,36.1932],[-104.5781,36.1975]],[[-104.5781,36.1975],[-104.5546,36.2188]],[[-104.5871,36.1881],[-104.5858,36.1896]],[[-104.6146,36.1448],[-104.6141,36.1456]],[[-104.658,36.0875],[-104.6509,36.0987]],[[-104.5858,36.1896],[-104.5826,36.1932]],[[-104.6141,36.1456],[-104.6048,36.1663],[-104.6007,36.1728],[-104.5978,36.1773],[-104.5871,36.1881]],[[-104.6509,36.0987],[-104.6307,36.1223],[-104.6187,36.1378],[-104.6146,36.1448]],[[-104.7005,36.0107],[-104.6897,36.0157],[-104.6853,36.0197],[-104.6825,36.0284],[-104.6782,36.0523],[-104.658,36.0875]],[[-104.7495,35.9669],[-104.7263,35.9876],[-104.7156,35.9955],[-104.7043,36.008],[-104.7005,36.0107]],[[-104.8266,35.896],[-104.8081,35.9113],[-104.7975,35.9249],[-104.7928,35.9294],[-104.7684,35.9456],[-104.7532,35.9611],[-104.7495,35.9669]],[[-104.7495,35.9669],[-104.7531,35.9661],[-104.7611,35.9617],[-104.7746,35.9563],[-104.7908,35.9468],[-104.7992,35.9434],[-104.8125,35.9363],[-104.8231,35.9295],[-104.8387,35.9143],[-104.8443,35.9066],[-104.845,35.9032],[-104.8493,35.8966],[-104.8569,35.8884]],[[-104.9331,35.8522],[-104.9178,35.8501],[-104.9072,35.8507],[-104.8936,35.8534],[-104.8803,35.8578],[-104.8669,35.8639],[-104.8536,35.872],[-104.8407,35.8825],[-104.8266,35.896]],[[-104.8266,35.896],[-104.8375,35.8939],[-104.8569,35.8884]],[[-104.8569,35.8884],[-104.8672,35.8796],[-104.8779,35.8729],[-104.9168,35.8596]],[[-104.9168,35.8596],[-104.9331,35.8522]],[[-104.9767,35.8213],[-104.972,35.8287],[-104.9651,35.8352],[-104.9331,35.8522]],[[-104.9805,35.8114],[-104.9767,35.8213]],[[-104.9843,35.8188],[-104.9767,35.8213]],[[-105.0057,35.7713],[-105,35.781],[-104.9926,35.7876],[-104.9847,35.7928],[-104.9806,35.7972],[-104.9787,35.8037],[-104.9805,35.8114]],[[-100.1445,37.772],[-100.1556,37.7568],[-100.1768,37.7315],[-100.2011,37.7129],[-100.2149,37.7047]],[[-100.081,37.7577],[-100.0894,37.7486],[-100.1013,37.7386],[-100.1221,37.728],[-100.1576,37.7182],[-100.1836,37.7059],[-100.1909,37.7038],[-100.1983,37.7033],[-100.2149,37.7047]],[[-99.7541,37.6725],[-99.7587,37.6612],[-99.7676,37.648],[-99.795,37.621],[-99.8169,37.6081],[-99.8376,37.6024],[-99.8635,37.5884],[-99.8766,37.5836],[-99.8881,37.582],[-99.903,37.5824],[-99.9131,37.5844],[-99.9372,37.5865],[-99.9679,37.5943],[-99.9912,37.5977],[-100.0042,37.6012],[-100.0289,37.6052],[-100.0524,37.6114],[-100.072,37.6149],[-100.1007,37.6265],[-100.1219,37.6319],[-100.1338,37.6359],[-100.1563,37.6409],[-100.1682,37.6411],[-100.1815,37.6429],[-100.1925,37.6479],[-100.1943,37.6482],[-100.2107,37.6435],[-100.2152,37.6431]],[[-101.99,37.1185],[-101.9989,37.1164]],[[-102.0419,37.1072],[-102.042,37.1072]],[[-101.6918,37.2122],[-101.6877,37.2144]],[[-101.7461,37.1862],[-101.7363,37.1921],[-101.7342,37.1922],[-101.7269,37.1959],[-101.7099,37.2068]],[[-101.7363,37.1921],[-101.7461,37.1919]],[[-101.7735,37.1872],[-101.7824,37.1842]],[[-102.042,37.0753],[-102.0345,37.0756],[-102.0197,37.0802],[-101.9984,37.0817],[-101.9848,37.0857],[-101.9716,37.091],[-101.9377,37.1005],[-101.9156,37.1128],[-101.8994,37.1233],[-101.8789,37.1314],[-101.8695,37.1371],[-101.8525,37.1455],[-101.835,37.1531],[-101.8275,37.1555],[-101.8127,37.1572],[-101.7997,37.16],[-101.7957,37.1602],[-101.7864,37.1587],[-101.7791,37.1604],[-101.7677,37.1723],[-101.7551,37.1818]],[[-101.8455,37.1648],[-101.8632,37.159]],[[-101.8688,37.1561],[-101.8725,37.1537]],[[-101.8805,37.1488],[-101.8817,37.1484]],[[-101.9136,37.1414],[-101.9179,37.1398]],[[-101.9344,37.134],[-101.9538,37.1282]],[[-101.959,37.1267],[-101.9718,37.1228]],[[-101.9194,37.1109],[-101.9216,37.1116],[-101.9326,37.1096],[-101.938,37.1095],[-101.9563,37.1178],[-101.9639,37.1193],[-101.9717,37.1193]],[[-101.987,37.1193],[-101.99,37.1185]],[[-101.973,37.1192],[-101.9828,37.1193]],[[-101.9989,37.1164],[-102.0079,37.1143]],[[-102.0168,37.1121],[-102.0169,37.1121]],[[-102.0259,37.1092],[-102.0319,37.1078],[-102.0419,37.1072]],[[-101.6877,37.2144],[-101.6685,37.2249],[-101.6575,37.2347],[-101.6503,37.2375],[-101.6391,37.2387],[-101.6317,37.241],[-101.61,37.2558],[-101.6027,37.2592],[-101.5878,37.2637],[-101.569,37.2667],[-101.5561,37.2706]],[[-101.7099,37.2068],[-101.7062,37.2085],[-101.6968,37.2102],[-101.6918,37.2122]],[[-101.7461,37.1919],[-101.7646,37.1895],[-101.7735,37.1872]],[[-101.7551,37.1818],[-101.7461,37.1862]],[[-101.7824,37.1842],[-101.8089,37.1777],[-101.8293,37.1695],[-101.8406,37.1668],[-101.8455,37.1648]],[[-101.8632,37.159],[-101.8688,37.1561]],[[-101.8725,37.1537],[-101.8805,37.1488]],[[-101.8817,37.1484],[-101.8875,37.1464],[-101.9031,37.1441],[-101.9136,37.1414]],[[-101.9179,37.1398],[-101.9344,37.134]],[[-101.9538,37.1282],[-101.959,37.1267]],[[-101.9718,37.1228],[-101.9839,37.12]],[[-101.9828,37.1193],[-101.9839,37.12]],[[-101.9839,37.12],[-101.987,37.1193]],[[-101.9717,37.1193],[-101.973,37.1192]],[[-102.0079,37.1143],[-102.0168,37.1121]],[[-102.0169,37.1121],[-102.0259,37.1092]],[[-100.8173,37.6546],[-100.8001,37.6652],[-100.7812,37.6738],[-100.7468,37.6818],[-100.7233,37.6858],[-100.7059,37.6917],[-100.697,37.6977],[-100.6697,37.7024],[-100.6569,37.7087],[-100.6523,37.7101]],[[-100.6523,37.6922],[-100.6765,37.6859],[-100.6893,37.681],[-100.7118,37.6748],[-100.737,37.6696],[-100.7618,37.6631],[-100.7903,37.6574],[-100.8092,37.6546],[-100.8173,37.6546]],[[-100.9063,37.6186],[-100.8882,37.6262],[-100.8636,37.6393],[-100.8484,37.645],[-100.8258,37.651],[-100.8173,37.6546]],[[-100.9063,37.6186],[-100.9094,37.6165],[-100.9205,37.6129],[-100.9446,37.6003],[-100.9688,37.5998]],[[-100.9688,37.5998],[-100.9553,37.6067],[-100.9371,37.6134],[-100.9279,37.6157],[-100.9063,37.6186]],[[-101.0902,37.5577],[-101.0786,37.5643],[-101.0506,37.5708],[-101.0354,37.5766],[-101.0219,37.5796],[-101.0032,37.5872],[-100.9915,37.5934],[-100.9809,37.5954],[-100.9688,37.5998]],[[-101.3127,37.8911],[-101.2851,37.8999],[-101.2586,37.9095],[-101.2442,37.9173],[-101.2399,37.9217],[-101.2386,37.9261],[-101.2403,37.9367],[-101.2399,37.9517]],[[-101.3127,37.8911],[-101.3103,37.9117]],[[-101.3867,37.7362],[-101.3841,37.7452],[-101.3732,37.7619],[-101.3686,37.7712],[-101.3662,37.7867],[-101.3585,37.8051],[-101.3423,37.8234],[-101.333,37.8356],[-101.3315,37.8385],[-101.3318,37.8404],[-101.3289,37.8442],[-101.3141,37.872],[-101.3132,37.875],[-101.3127,37.8911]],[[-101.3925,37.7148],[-101.3904,37.7173],[-101.3883,37.7236],[-101.3867,37.7362]],[[-101.3905,37.6589],[-101.3897,37.6653],[-101.3903,37.6865],[-101.3888,37.7021],[-101.3925,37.7148]],[[-101.4019,37.7068],[-101.3925,37.7148]],[[-101.4574,37.6664],[-101.4224,37.6878],[-101.4095,37.6936],[-101.4066,37.6965],[-101.4019,37.7068]],[[-101.4019,37.7068],[-101.4099,37.705],[-101.4211,37.7009],[-101.4285,37.6972],[-101.4435,37.6873],[-101.4505,37.6815],[-101.4556,37.6756],[-101.4578,37.6682],[-101.4574,37.6664]],[[-101.4402,37.577],[-101.4379,37.5813],[-101.4389,37.5857],[-101.4483,37.5976],[-101.4529,37.6067],[-101.4543,37.6222],[-101.4525,37.635],[-101.4531,37.6395],[-101.4576,37.6487],[-101.4585,37.653],[-101.4591,37.6606],[-101.4574,37.6664]],[[-101.3917,37.6332],[-101.3866,37.6436],[-101.3857,37.6481],[-101.3873,37.6541],[-101.3905,37.6589]],[[-101.3917,37.6332],[-101.3961,37.6382],[-101.3986,37.6456],[-101.3976,37.6501],[-101.3905,37.6589]],[[-101.4181,37.5615],[-101.4202,37.5656],[-101.4204,37.5686],[-101.4153,37.5805],[-101.4133,37.5911],[-101.4099,37.597],[-101.4016,37.6039],[-101.3987,37.6084],[-101.3908,37.6299],[-101.3917,37.6332]],[[-101.4402,37.577],[-101.4374,37.5676],[-101.4345,37.5632],[-101.4273,37.5603],[-101.4181,37.5615]],[[-101.4553,37.3883],[-101.456,37.405],[-101.4525,37.417],[-101.4522,37.4304],[-101.4478,37.4406],[-101.4452,37.451],[-101.444,37.4707],[-101.4416,37.4857],[-101.4425,37.4965],[-101.452,37.5236],[-101.4533,37.5568],[-101.4517,37.5659],[-101.4402,37.577]],[[-101.3719,37.4016],[-101.3776,37.4066],[-101.3805,37.411],[-101.397,37.4457],[-101.4033,37.4821],[-101.4057,37.5078],[-101.4051,37.5244],[-101.4068,37.5382],[-101.4115,37.5531],[-101.4181,37.5615]],[[-101.2338,37.4826],[-101.2226,37.4859],[-101.217,37.4886],[-101.2138,37.4915],[-101.2075,37.5032],[-101.1896,37.5161],[-101.1821,37.52],[-101.1533,37.5302],[-101.129,37.5419],[-101.1009,37.5512],[-101.0902,37.5577]],[[-101.3127,37.4526],[-101.2986,37.4592],[-101.2708,37.4763],[-101.2479,37.4835],[-101.2422,37.4841],[-101.2338,37.4826]],[[-101.2338,37.4826],[-101.2408,37.4779],[-101.2517,37.4679],[-101.2793,37.451],[-101.2948,37.4352],[-101.3022,37.433],[-101.3215,37.4327]],[[-101.3215,37.4327],[-101.3178,37.4379],[-101.3163,37.4466],[-101.3127,37.4526]],[[-101.3127,37.4526],[-101.3431,37.4467],[-101.3463,37.4444],[-101.3483,37.4391]],[[-101.3483,37.4391],[-101.3458,37.4283],[-101.3462,37.4215],[-101.3485,37.4159]],[[-101.3483,37.4391],[-101.3501,37.4354]],[[-101.3501,37.4354],[-101.3534,37.4215],[-101.3597,37.4091]],[[-101.3501,37.4354],[-101.3527,37.4333],[-101.3593,37.4204],[-101.3667,37.414],[-101.3719,37.4016]],[[-101.3485,37.4159],[-101.3372,37.4252],[-101.3215,37.4327]],[[-101.3597,37.4091],[-101.3516,37.4133],[-101.3485,37.4159]],[[-101.3719,37.4016],[-101.3597,37.4091]],[[-101.412,37.3887],[-101.4078,37.3926],[-101.4005,37.3961],[-101.3802,37.3986],[-101.3719,37.4016]],[[-102.2354,37.0139],[-102.2331,37.0152]],[[-102.0421,37.1072],[-102.0422,37.1072]],[[-102.2331,37.0152],[-102.1997,37.0302],[-102.1946,37.0344],[-102.1867,37.0432],[-102.1768,37.0568],[-102.1659,37.0648],[-102.1548,37.0692],[-102.1259,37.0772],[-102.0957,37.0802],[-102.0792,37.0788],[-102.0601,37.0759],[-102.0421,37.0753]],[[-102.2539,36.9944],[-102.2486,37.0027],[-102.2354,37.0139]],[[-102.2539,36.9942],[-102.2539,36.9943]],[[-100.3517,37.8076],[-100.3555,37.8051],[-100.3785,37.7973]],[[-100.2149,37.7047],[-100.2243,37.7041]],[[-100.2297,37.7038],[-100.2473,37.702],[-100.2702,37.6951],[-100.2796,37.6953],[-100.2883,37.6934],[-100.3051,37.6924],[-100.3165,37.6905],[-100.3447,37.6839],[-100.3715,37.6803]],[[-100.2152,37.6431],[-100.2483,37.6477],[-100.2713,37.6534],[-100.2776,37.6559],[-100.2869,37.6568],[-100.3079,37.6634],[-100.3344,37.6689],[-100.3715,37.6795]],[[-100.2243,37.7041],[-100.2297,37.7038]],[[-100.5553,37.8631],[-100.5604,37.8565],[-100.5616,37.852],[-100.5599,37.8156],[-100.5608,37.8054],[-100.5645,37.7864],[-100.5655,37.7611]],[[-100.5655,37.7611],[-100.5494,37.7752],[-100.545,37.7839],[-100.5401,37.7897],[-100.5352,37.7998],[-100.5237,37.8091],[-100.5221,37.8208],[-100.5204,37.8251],[-100.5117,37.8382],[-100.5006,37.8525]],[[-100.4433,37.8445],[-100.4531,37.8077],[-100.4527,37.7637]],[[-100.3785,37.7973],[-100.3909,37.793],[-100.3998,37.7872],[-100.4255,37.7731],[-100.4527,37.7637]],[[-100.4527,37.7637],[-100.4716,37.7538],[-100.4752,37.7527],[-100.4883,37.7512],[-100.5104,37.745],[-100.5481,37.7295],[-100.5611,37.7259],[-100.58,37.7193],[-100.5986,37.7099],[-100.6228,37.7023],[-100.6355,37.6958],[-100.6523,37.6922]],[[-100.5933,37.7341],[-100.5918,37.7376],[-100.5833,37.7449],[-100.5783,37.7514],[-100.5655,37.7611]],[[-100.5933,37.7341],[-100.5942,37.7293],[-100.5999,37.7218],[-100.6054,37.7188],[-100.6132,37.7174]],[[-100.6132,37.7174],[-100.5971,37.7297],[-100.5933,37.7341]],[[-100.6523,37.7101],[-100.6392,37.7122],[-100.6253,37.7127],[-100.6132,37.7174]],[[-100.3715,37.6803],[-100.373,37.68]],[[-100.3715,37.6795],[-100.373,37.68]],[[-100.373,37.68],[-100.403,37.6752],[-100.4234,37.6692],[-100.4404,37.6653],[-100.4663,37.6641],[-100.4737,37.6631],[-100.5186,37.6519],[-100.5638,37.6485],[-100.6046,37.643],[-100.6192,37.6388],[-100.635,37.637]],[[-102.4794,36.8804],[-102.4971,36.8796]],[[-102.8939,36.8015],[-102.8968,36.8001],[-102.8994,36.7969]],[[-102.8994,36.7969],[-102.8939,36.7955]],[[-102.8994,36.7969],[-102.9022,36.7921]],[[-102.9024,36.7915],[-102.9045,36.7848]],[[-102.5525,36.8492],[-102.5412,36.8526],[-102.5322,36.8579],[-102.524,36.8613],[-102.5062,36.8646],[-102.4956,36.8682],[-102.471,36.881],[-102.443,36.8906],[-102.4334,36.8948],[-102.4043,36.9118],[-102.3908,36.9182],[-102.3869,36.9214],[-102.3761,36.9241],[-102.353,36.9337]],[[-102.4723,36.8801],[-102.4794,36.8804]],[[-102.4971,36.8796],[-102.5044,36.8787],[-102.5099,36.8763],[-102.524,36.8613]],[[-102.5436,36.862],[-102.5471,36.8504]],[[-102.5973,36.8379],[-102.5793,36.8412],[-102.5634,36.8466],[-102.5629,36.8475],[-102.553,36.8491]],[[-102.6484,36.8424],[-102.6423,36.8447]],[[-102.8218,36.7855],[-102.8416,36.7909],[-102.8606,36.7982],[-102.8856,36.8027],[-102.8939,36.8015]],[[-102.8939,36.7955],[-102.8787,36.7885],[-102.8656,36.7842],[-102.8519,36.7716],[-102.8498,36.7687],[-102.8492,36.764]],[[-102.9022,36.7921],[-102.9024,36.7915]],[[-102.8769,36.7526],[-102.8663,36.759],[-102.859,36.7621],[-102.8492,36.764],[-102.8464,36.7654],[-102.839,36.7715],[-102.8294,36.7814],[-102.8218,36.7855],[-102.8001,36.7864],[-102.7868,36.7918]],[[-102.9045,36.7848],[-102.9054,36.7737],[-102.9041,36.7628]],[[-102.9483,36.7172],[-102.9223,36.734]],[[-102.9667,36.7306],[-102.9811,36.7268]],[[-102.9841,36.7255],[-103.0005,36.7197]],[[-103.0005,36.6967],[-102.9844,36.6975]],[[-102.2962,36.9566],[-102.2856,36.9616],[-102.2729,36.966],[-102.2622,36.9672],[-102.2598,36.9701],[-102.2569,36.9775],[-102.2539,36.9942]],[[-102.3201,36.9421],[-102.3174,36.9421],[-102.3068,36.9468],[-102.2963,36.9546],[-102.2962,36.9566]],[[-102.2962,36.9566],[-102.307,36.9533],[-102.3123,36.9504],[-102.3158,36.9479],[-102.3201,36.9421]],[[-102.353,36.9337],[-102.3408,36.9361],[-102.3287,36.9366],[-102.3201,36.9421]],[[-102.553,36.8491],[-102.5525,36.8492]],[[-102.6423,36.8447],[-102.6351,36.847],[-102.6274,36.8465],[-102.6189,36.8422],[-102.6053,36.8382]],[[-102.6725,36.8319],[-102.6484,36.8424]],[[-102.6053,36.8382],[-102.5973,36.8379]],[[-102.6053,36.8382],[-102.6266,36.8304],[-102.6354,36.829],[-102.6554,36.8309],[-102.6705,36.831],[-102.6725,36.8319]],[[-102.7868,36.7918],[-102.7766,36.7949],[-102.7696,36.7994],[-102.7537,36.8034],[-102.7367,36.8115],[-102.7089,36.8186],[-102.6725,36.8319]],[[-102.9041,36.7628],[-102.9025,36.7568],[-102.9044,36.7445],[-102.9036,36.7414]],[[-102.9223,36.734],[-102.9139,36.7382],[-102.8999,36.7429],[-102.8846,36.7509],[-102.8769,36.7526]],[[-102.9075,36.7402],[-102.9211,36.7472],[-102.9247,36.7479],[-102.9302,36.7472],[-102.9356,36.7457],[-102.954,36.7356],[-102.9667,36.7306]],[[-102.9811,36.7268],[-102.9841,36.7255]],[[-103.0005,36.7197],[-103.0021,36.7194]],[[-102.9844,36.6975],[-102.9795,36.6994],[-102.9692,36.7064],[-102.9483,36.7172]],[[-103.0022,36.6964],[-103.0005,36.6967]],[[-105.0153,35.9111],[-105.003,35.9091]],[[-105.003,35.9091],[-104.995,35.9058],[-104.9827,35.897],[-104.964,35.8896],[-104.9446,35.8805],[-104.9282,35.8698],[-104.9168,35.8596]],[[-104.9093,36.1504],[-104.894,36.1198],[-104.8902,36.106],[-104.8895,36.0969],[-104.8902,36.0854],[-104.8936,36.0719],[-104.9004,36.054],[-104.9034,36.0489],[-104.9058,36.0484],[-104.8981,36.0457],[-104.8762,36.0432],[-104.8511,36.0381],[-104.8289,36.0323],[-104.8037,36.0244],[-104.7899,36.0216],[-104.7767,36.0195],[-104.7515,36.0203],[-104.7239,36.0184],[-104.71,36.0157],[-104.7005,36.0107]],[[-105.7616,35.5768],[-105.7486,35.5637]],[[-105.7616,35.5768],[-105.7486,35.5637]],[[-99.2053,38.1901],[-99.2087,38.1888]],[[-99.2186,38.1792],[-99.2193,38.1778]],[[-99.2053,38.1901],[-99.2087,38.1888]],[[-99.2186,38.1792],[-99.2193,38.1778]]]}},{"type":"Feature","properties":{"name":"Old Spanish Trail"},"geometry":{"type":"MultiLineString","coordinates":[[[-118.2301,34.0548],[-118.2172,34.0562],[-118.1999,34.056],[-118.161,34.0591],[-118.1323,34.0636],[-118.0882,34.0677],[-118.0731,34.0715],[-118.0641,34.075],[-118.0421,34.0786],[-118.0248,34.0786],[-118.002,34.0769],[-117.9747,34.0857],[-117.964,34.0863],[-117.9339,34.0844],[-117.9097,34.0846],[-117.9003,34.087],[-117.8878,34.0887],[-117.8747,34.0924],[-117.859,34.0944],[-117.8425,34.0943],[-117.8243,34.0954],[-117.7854,34.1014],[-117.7728,34.1009],[-117.7541,34.0977],[-117.7129,34.0953],[-117.7056,34.0964],[-117.693,34.1005],[-117.6797,34.102],[-117.6453,34.0991],[-117.6075,34.094],[-117.5789,34.0966],[-117.5634,34.105],[-117.5339,34.1275],[-117.524,34.1322],[-117.503,34.1386],[-117.4709,34.1544],[-117.4647,34.1589],[-117.4616,34.1601],[-117.4334,34.1842],[-117.4203,34.1967]],[[-117.4203,34.1967],[-117.4227,34.1897],[-117.4179,34.1809],[-117.4093,34.1746],[-117.3831,34.1606],[-117.3739,34.1524],[-117.3641,34.1478],[-117.3573,34.1462],[-117.3504,34.1431],[-117.3448,34.1392],[-117.323,34.106],[-117.32,34.0977],[-117.3138,34.0959],[-117.3111,34.0961]],[[-117.4203,34.1967],[-117.4143,34.2047],[-117.4164,34.2126]],[[-117.4164,34.2126],[-117.432,34.2278],[-117.4573,34.2452],[-117.4716,34.2535],[-117.4729,34.2563],[-117.4718,34.2614],[-117.469,34.2661],[-117.4594,34.275],[-117.4569,34.2836],[-117.4594,34.2894],[-117.4766,34.3105]],[[-117.4766,34.3105],[-117.4747,34.3166],[-117.4645,34.3354]],[[-117.4766,34.3105],[-117.4876,34.314],[-117.501,34.3211],[-117.5112,34.3344],[-117.5251,34.3467],[-117.5308,34.3575],[-117.5386,34.3673],[-117.5433,34.3715],[-117.5496,34.3744]],[[-117.4645,34.3354],[-117.4194,34.281],[-117.4128,34.2429],[-117.4164,34.2126]],[[-117.4645,34.3354],[-117.4637,34.3434],[-117.4581,34.3542],[-117.4535,34.3603],[-117.4382,34.372],[-117.4338,34.3772],[-117.4253,34.3908],[-117.4148,34.4224],[-117.4091,34.4335],[-117.4039,34.4414],[-117.3916,34.4523],[-117.3903,34.4551]],[[-117.5496,34.3744],[-117.5561,34.378],[-117.5653,34.3856],[-117.5662,34.3886],[-117.5653,34.3913],[-117.5572,34.3965],[-117.5472,34.4005],[-117.5355,34.4015]],[[-117.5496,34.3744],[-117.5492,34.3803],[-117.5464,34.3858],[-117.5457,34.3911],[-117.5416,34.3971],[-117.5355,34.4015]],[[-117.5355,34.4015],[-117.5294,34.4037],[-117.4934,34.4114],[-117.4539,34.4236],[-117.4385,34.4311],[-117.4328,34.4352],[-117.4181,34.4409],[-117.3903,34.4551]],[[-117.3903,34.4551],[-117.3855,34.4585],[-117.3684,34.4641],[-117.3652,34.4664],[-117.3575,34.477],[-117.3493,34.494],[-117.3379,34.5099],[-117.3291,34.5197],[-117.3236,34.5312],[-117.3107,34.5475],[-117.3069,34.555],[-117.3071,34.5581],[-117.3109,34.5642],[-117.3282,34.5767],[-117.3311,34.5827],[-117.3364,34.6011],[-117.3422,34.6145],[-117.3434,34.6229],[-117.3413,34.661],[-117.3419,34.6747],[-117.3407,34.6855],[-117.3322,34.7161],[-117.3246,34.7366],[-117.3243,34.7421],[-117.3252,34.7448],[-117.3242,34.7506],[-117.3198,34.7555],[-117.2995,34.7669],[-117.2854,34.7775],[-117.2747,34.7823],[-117.2632,34.7905],[-117.2456,34.795],[-117.2353,34.8],[-117.2277,34.8023],[-117.2104,34.8106],[-117.1988,34.8174],[-117.1941,34.8218],[-117.1841,34.8383],[-117.177,34.8459],[-117.165,34.855],[-117.1474,34.8625],[-117.1233,34.8798],[-117.1075,34.8876],[-117.101,34.8899],[-117.0802,34.8931],[-117.0601,34.9014],[-117.0401,34.9047],[-117.0196,34.9107],[-117.0128,34.9106],[-117,34.9067],[-116.9807,34.8944],[-116.9733,34.8915],[-116.9607,34.8884],[-116.9475,34.8873],[-116.9312,34.8794],[-116.9077,34.8763],[-116.9001,34.8768],[-116.8938,34.8762],[-116.8526,34.8815],[-116.8457,34.8846],[-116.8331,34.8878],[-116.8266,34.8905],[-116.8205,34.8947],[-116.8009,34.8966],[-116.7839,34.8964],[-116.7769,34.8974],[-116.7658,34.9012],[-116.755,34.9018],[-116.7208,34.9125],[-116.7048,34.921],[-116.6946,34.9248],[-116.6903,34.9253]],[[-116.6903,34.9253],[-116.6789,34.9256],[-116.668,34.9246],[-116.6585,34.9258],[-116.6479,34.9281],[-116.6457,34.9299],[-116.6389,34.9324],[-116.6118,34.9368],[-116.5974,34.9429],[-116.5866,34.9501],[-116.5796,34.9523],[-116.5673,34.9542],[-116.5642,34.9559],[-116.5602,34.9623],[-116.5536,34.9653],[-116.5471,34.965],[-116.5335,34.968],[-116.5265,34.9712],[-116.5145,34.9787],[-116.5082,34.9808],[-116.4979,34.9809],[-116.4939,34.9824],[-116.4806,34.9898],[-116.4757,34.9944],[-116.4637,35.0154],[-116.4381,35.0339],[-116.4284,35.0388],[-116.4262,35.0409],[-116.4152,35.044],[-116.398,35.0452],[-116.3911,35.0437],[-116.3744,35.0364],[-116.3563,35.0307],[-116.3417,35.0283],[-116.3385,35.0284],[-116.3252,35.0341],[-116.3152,35.0456],[-116.3096,35.0482],[-116.3048,35.0518],[-116.2975,35.0534],[-116.2826,35.0535],[-116.2466,35.0487],[-116.2264,35.0471],[-116.1992,35.0477],[-116.1965,35.0492],[-116.1888,35.0504],[-116.1729,35.0579],[-116.1495,35.0708],[-116.1261,35.0875],[-116.1071,35.1188],[-116.1068,35.1251]],[[-116.6903,34.9253],[-116.6836,34.9336],[-116.6741,34.9499],[-116.6691,34.9659],[-116.6632,34.9802],[-116.6632,34.9881],[-116.6606,35.0014],[-116.655,35.0149],[-116.6566,35.0346],[-116.6527,35.0451],[-116.6518,35.0587],[-116.6498,35.065],[-116.6458,35.0759],[-116.6424,35.0809],[-116.6367,35.0946],[-116.6269,35.1108],[-116.6233,35.121],[-116.6193,35.1265],[-116.6159,35.1279],[-116.6035,35.138],[-116.5946,35.1431],[-116.5864,35.1507],[-116.577,35.1572],[-116.5692,35.1611],[-116.5541,35.166],[-116.5479,35.1691],[-116.5148,35.19],[-116.504,35.1988],[-116.4838,35.2086],[-116.4756,35.2151],[-116.4691,35.2228],[-116.4664,35.2246],[-116.4591,35.2271],[-116.4381,35.2295],[-116.4309,35.2321],[-116.4271,35.2318],[-116.4212,35.2341],[-116.4168,35.2384],[-116.3959,35.2532],[-116.3678,35.2702],[-116.3552,35.2796],[-116.3249,35.2985],[-116.3181,35.3041],[-116.3123,35.3108],[-116.3019,35.3179],[-116.2888,35.3246],[-116.2679,35.3298],[-116.2519,35.336],[-116.2321,35.3492],[-116.226,35.3518],[-116.2087,35.3651],[-116.1754,35.4093],[-116.1768,35.4151],[-116.1764,35.418],[-116.1711,35.4318],[-116.1679,35.4502],[-116.1612,35.4668]],[[-116.1068,35.1251],[-116.1016,35.1255],[-116.0807,35.1234],[-116.0316,35.1127],[-116.0054,35.108],[-115.9767,35.1056],[-115.9504,35.1017],[-115.9309,35.0974],[-115.8943,35.0876],[-115.8736,35.084],[-115.8406,35.0812],[-115.8297,35.0889],[-115.8186,35.0944],[-115.8093,35.0961],[-115.7891,35.0971],[-115.76,35.1062],[-115.7302,35.1192],[-115.7119,35.1261],[-115.7018,35.1364],[-115.6988,35.1379],[-115.6788,35.1421],[-115.6641,35.1485],[-115.661,35.1473],[-115.6553,35.1428],[-115.6358,35.136],[-115.6205,35.1371],[-115.6074,35.1402],[-115.5873,35.1427],[-115.5395,35.1394],[-115.5296,35.1372],[-115.5221,35.1377],[-115.5114,35.1403],[-115.4835,35.1439],[-115.4737,35.1484],[-115.4638,35.1559],[-115.4468,35.1612],[-115.4207,35.1727],[-115.4137,35.1736],[-115.4072,35.1718],[-115.394,35.16],[-115.3923,35.1576],[-115.3892,35.1556],[-115.3777,35.1496],[-115.367,35.1465],[-115.3486,35.1437],[-115.329,35.142],[-115.3062,35.1373],[-115.2953,35.1337],[-115.2687,35.1274],[-115.2526,35.125],[-115.2353,35.1241],[-115.1819,35.1132],[-115.1438,35.1107],[-115.1251,35.1068],[-115.108,35.1044],[-115.0597,35.1002],[-115.0458,35.0981],[-115.0113,35.097],[-114.9917,35.0946],[-114.9777,35.0957],[-114.9655,35.1006],[-114.9594,35.1046],[-114.9497,35.1072],[-114.9402,35.1087],[-114.9268,35.1086],[-114.897,35.1035],[-114.8831,35.0954],[-114.8851,35.1095],[-114.8827,35.1234],[-114.8818,35.1375],[-114.8834,35.1538],[-114.8822,35.1791],[-114.8834,35.1899],[-114.8856,35.1921],[-114.8909,35.2045],[-114.8958,35.225],[-114.8946,35.2318],[-114.8883,35.2421],[-114.888,35.2529],[-114.8841,35.2663],[-114.8828,35.2788],[-114.8837,35.2838],[-114.89,35.2996],[-114.8916,35.3184],[-114.8932,35.3265],[-114.8966,35.3354],[-114.9001,35.3549],[-114.901,35.3722],[-114.9072,35.3877],[-114.9093,35.3961],[-114.9184,35.4419],[-114.9174,35.4537],[-114.9112,35.4735],[-114.9097,35.4958],[-114.9069,35.5048],[-114.9016,35.5147],[-114.8999,35.5202],[-114.9003,35.5359],[-114.9049,35.5559],[-114.9134,35.5774],[-114.9141,35.5839],[-114.9174,35.5936],[-114.9254,35.6315],[-114.9306,35.6442],[-114.9319,35.6508],[-114.9395,35.6623],[-114.9578,35.6817],[-114.9642,35.6909],[-114.9678,35.699],[-114.9699,35.7073],[-114.9757,35.7377],[-114.9761,35.7444],[-114.9749,35.7668],[-114.9697,35.7932],[-114.9582,35.8207],[-114.9513,35.8336],[-114.9427,35.8468],[-114.938,35.8589],[-114.9199,35.8861],[-114.916,35.9024],[-114.9141,35.9247],[-114.9045,35.9441],[-114.9038,35.9533],[-114.9046,35.9602],[-114.9134,35.9825],[-114.9144,35.9979],[-114.913,36.0086],[-114.905,36.0404],[-114.9036,36.0497],[-114.8995,36.0611],[-114.8949,36.107],[-114.8858,36.1181],[-114.88,36.1226],[-114.8764,36.1246],[-114.8654,36.1268]],[[-116.1068,35.1251],[-116.1067,35.1382],[-116.1034,35.147],[-116.1065,35.1628],[-116.1057,35.1791],[-116.1021,35.1904],[-116.0944,35.201],[-116.094,35.2089],[-116.0959,35.2404],[-116.0886,35.2592],[-116.0867,35.2767],[-116.0895,35.2881],[-116.0918,35.2927],[-116.1066,35.3141],[-116.1112,35.3185],[-116.126,35.3287],[-116.1333,35.3349],[-116.145,35.3504],[-116.1461,35.3589],[-116.1447,35.3725],[-116.1454,35.3859],[-116.1404,35.4123],[-116.1404,35.4218],[-116.142,35.4321],[-116.1441,35.4375],[-116.1528,35.4524],[-116.157,35.463],[-116.1612,35.4668]],[[-116.1612,35.4668],[-116.1619,35.4781],[-116.1701,35.4924],[-116.1692,35.5057],[-116.1716,35.5081],[-116.1739,35.5189],[-116.192,35.5512],[-116.1972,35.5651],[-116.2077,35.5739],[-116.2161,35.5852],[-116.2256,35.5933],[-116.234,35.6064],[-116.2433,35.6129],[-116.2565,35.6196],[-116.2773,35.6223],[-116.2812,35.6239],[-116.2899,35.6369],[-116.3012,35.6442],[-116.3048,35.6486],[-116.305,35.6539],[-116.3029,35.6598],[-116.298,35.6653],[-116.2816,35.6751],[-116.2764,35.6807],[-116.2699,35.6843],[-116.264,35.686],[-116.2554,35.6916],[-116.2291,35.7132],[-116.2257,35.7185],[-116.2202,35.7317],[-116.2174,35.7404],[-116.2128,35.7628],[-116.2111,35.7678],[-116.2068,35.7751],[-116.2064,35.7866],[-116.2108,35.7947],[-116.2096,35.8053],[-116.2104,35.8087],[-116.2184,35.8202],[-116.2215,35.8354],[-116.2244,35.8434],[-116.2235,35.8481]],[[-116.2235,35.8481],[-115.8803,35.8853],[-115.8469,35.8881],[-115.8063,35.894],[-115.7627,35.8971],[-115.7465,35.8957],[-115.7365,35.8935],[-115.728,35.8927],[-115.7231,35.8907],[-115.7158,35.8852],[-115.7051,35.8799],[-115.6949,35.8779],[-115.6828,35.8775],[-115.6424,35.8707],[-115.6174,35.8638],[-115.6101,35.8601],[-115.609,35.8587],[-115.6024,35.8565],[-115.5941,35.8557],[-115.5692,35.8476],[-115.5642,35.8468],[-115.5553,35.8471],[-115.5479,35.8553],[-115.5423,35.8646],[-115.5369,35.8694],[-115.5271,35.8747],[-115.5193,35.8754],[-115.4886,35.8597],[-115.4708,35.8541],[-115.4618,35.8531],[-115.4553,35.8536],[-115.4471,35.857],[-115.4401,35.8551],[-115.4334,35.8514],[-115.4308,35.849],[-115.4242,35.8403],[-115.4109,35.827],[-115.3935,35.8166],[-115.3731,35.8081],[-115.35,35.7953],[-115.3435,35.7938],[-115.3246,35.7926],[-115.2934,35.7924],[-115.275,35.7946],[-115.2683,35.7975],[-115.2602,35.805],[-115.2613,35.8206],[-115.26,35.8321],[-115.2534,35.8489],[-115.2455,35.8639],[-115.2342,35.8769],[-115.2236,35.8865],[-115.2142,35.8986],[-115.1952,35.9165],[-115.1908,35.9221],[-115.1896,35.9238],[-115.1881,35.9411],[-115.1843,35.95],[-115.1683,35.9691],[-115.1584,35.9784],[-115.1518,35.987],[-115.1436,36.008],[-115.1379,36.0148],[-115.13,36.021],[-115.1174,36.0279],[-115.0833,36.0432],[-115.0644,36.0493],[-115.0582,36.0537],[-115.0548,36.0603],[-115.0484,36.0665],[-115.0335,36.0759],[-115.0217,36.0775],[-115.0183,36.079],[-115.0129,36.0841],[-115.0056,36.0863],[-115,36.0876],[-114.9889,36.0876],[-114.9841,36.0889],[-114.9761,36.0892],[-114.95,36.0955],[-114.9307,36.1043],[-114.9161,36.1156],[-114.9077,36.1202],[-114.9048,36.1228],[-114.8962,36.1261],[-114.8792,36.1281],[-114.8687,36.1278],[-114.8654,36.1268]],[[-116.2235,35.8481],[-116.2119,35.8538],[-116.1853,35.8619],[-116.1653,35.8703],[-116.1436,35.8744],[-116.1137,35.8834],[-116.0968,35.8878],[-116.0897,35.8888],[-116.057,35.8857],[-116.0155,35.8843],[-115.9977,35.8822],[-115.9635,35.8814],[-115.9571,35.8819],[-115.9515,35.884],[-115.911,35.891],[-115.8926,35.8995],[-115.8636,35.92],[-115.8476,35.9342],[-115.8383,35.944],[-115.8318,35.9493],[-115.8226,35.9545],[-115.8191,35.9556],[-115.8099,35.9525],[-115.7988,35.951],[-115.7822,35.9541],[-115.7772,35.9543],[-115.7625,35.9604],[-115.7501,35.9614],[-115.7351,35.965],[-115.7286,35.9676],[-115.7239,35.9711],[-115.722,35.9739],[-115.7184,35.9757],[-115.7063,35.9791],[-115.7014,35.9817],[-115.6793,35.9844],[-115.6747,35.9882],[-115.6659,35.99],[-115.6536,35.9958],[-115.6448,36.0005],[-115.6441,36.0031],[-115.629,36.0059],[-115.5983,36.0098],[-115.5791,36.0151],[-115.5701,36.0194],[-115.5427,36.0276],[-115.5304,36.0276],[-115.5179,36.0251],[-115.466,36],[-115.461,35.9987],[-115.4576,35.9994],[-115.4383,36.0129],[-115.4174,36.0227],[-115.4107,36.0271],[-115.4077,36.0316],[-115.409,36.0451],[-115.4082,36.0507],[-115.4059,36.0546],[-115.3995,36.06],[-115.3873,36.0632],[-115.382,36.0633],[-115.3783,36.0644],[-115.3616,36.0729],[-115.3548,36.0738],[-115.339,36.0787],[-115.3174,36.0822],[-115.3054,36.0852],[-115.2999,36.0877],[-115.289,36.0949],[-115.28,36.0981],[-115.2648,36.1057],[-115.252,36.1147],[-115.2315,36.127],[-115.218,36.1307],[-115.1915,36.1398],[-115.18,36.1473],[-115.1763,36.1512],[-115.1623,36.1587],[-115.1553,36.1647],[-115.1486,36.168],[-115.1451,36.1684],[-115.1413,36.1701],[-115.1344,36.1765],[-115.1254,36.1806],[-115.1216,36.1838],[-115.11,36.1899],[-115.0919,36.1972],[-115.078,36.2076],[-115.041,36.2283],[-115.0243,36.241],[-115.0196,36.2459],[-115.0117,36.2516],[-114.9954,36.2608],[-114.9948,36.2619],[-114.9778,36.2685],[-114.9623,36.2699],[-114.9471,36.2761],[-114.9144,36.2779],[-114.9124,36.2772],[-114.9104,36.2783],[-114.9084,36.2812],[-114.8994,36.2851],[-114.8916,36.2905],[-114.8859,36.2953],[-114.8761,36.3096],[-114.86,36.3211],[-114.8587,36.3253],[-114.8592,36.3278],[-114.8633,36.3322],[-114.8666,36.3382],[-114.866,36.3424],[-114.8619,36.3515],[-114.8493,36.3657],[-114.8455,36.3736],[-114.8451,36.382],[-114.8382,36.3981],[-114.8361,36.4008],[-114.83,36.4044],[-114.8202,36.4046],[-114.8087,36.4083],[-114.8023,36.4175],[-114.7855,36.4377],[-114.7785,36.4525],[-114.7713,36.4631],[-114.768,36.474],[-114.7664,36.4923],[-114.7637,36.4976],[-114.7603,36.5011],[-114.7571,36.5029],[-114.7411,36.5097],[-114.7275,36.5167],[-114.7145,36.5258],[-114.7121,36.5299],[-114.7014,36.542],[-114.7006,36.5508],[-114.6991,36.5545],[-114.6938,36.5579],[-114.6913,36.5607],[-114.6874,36.5727],[-114.6847,36.5767],[-114.6834,36.581],[-114.6621,36.6137],[-114.6611,36.618],[-114.6584,36.6204],[-114.6496,36.6231],[-114.6481,36.6256],[-114.641,36.6305],[-114.6184,36.6444],[-114.605,36.6559],[-114.5923,36.657],[-114.5647,36.6684],[-114.5609,36.6693],[-114.541,36.6689],[-114.5336,36.67],[-114.525,36.6726],[-114.5098,36.6747],[-114.4888,36.6759],[-114.4694,36.6783],[-114.4431,36.6802],[-114.4251,36.6828],[-114.3998,36.6825],[-114.3836,36.6834],[-114.367,36.6812],[-114.3513,36.6776],[-114.3328,36.6709],[-114.3154,36.6663]],[[-106.0643,35.988],[-106.0624,35.9864],[-106.0587,35.9864],[-106.0457,35.9771],[-106.0346,35.9642],[-106.0191,35.9387],[-106.0153,35.9232],[-106.016,35.9109],[-106.02,35.8985],[-106.0255,35.8892],[-106.0249,35.8864],[-106.0174,35.878],[-106.0057,35.8594],[-105.9934,35.8294],[-105.9824,35.8124],[-105.9628,35.7879],[-105.9472,35.7704],[-105.9353,35.7593],[-105.9281,35.7445],[-105.9241,35.7244],[-105.9274,35.708],[-105.9335,35.6936],[-105.9426,35.6856],[-105.9553,35.6785]],[[-106.0643,35.988],[-106.058,35.9877],[-106.0532,35.9889],[-106.0314,35.9877],[-106.0151,35.9892],[-105.9937,35.9946],[-105.9897,35.9975],[-105.9795,36.0022],[-105.9696,36.0039],[-105.9311,36.0021],[-105.9282,36.0026],[-105.9183,36.0072],[-105.9002,36.0057],[-105.8971,36.0063],[-105.8802,36.0177],[-105.8456,36.0343],[-105.8353,36.0471],[-105.8254,36.0549],[-105.8191,36.0581],[-105.7999,36.0761],[-105.781,36.1001],[-105.7727,36.1136],[-105.766,36.1224]],[[-106.0753,36.0535],[-106.0731,36.0508],[-106.0701,36.0424],[-106.067,36.0245],[-106.0663,35.9941],[-106.0643,35.988]],[[-106.0753,36.0535],[-106.0605,36.0835],[-106.0336,36.1129],[-106.0042,36.1334],[-105.9949,36.141],[-105.9881,36.1484],[-105.981,36.1531],[-105.9756,36.1592]],[[-106.1173,36.0625],[-106.0958,36.0259],[-106.0907,36.0125],[-106.0853,35.9895],[-106.0662,35.9873],[-106.0643,35.988]],[[-106.1173,36.0625],[-106.1151,36.0626],[-106.104,36.0586],[-106.084,36.0577],[-106.0775,36.0554],[-106.0753,36.0535]],[[-105.766,36.1224],[-105.7578,36.1318],[-105.7468,36.1402],[-105.7412,36.1459],[-105.7398,36.1511],[-105.7412,36.1614],[-105.7396,36.1657],[-105.7353,36.1686],[-105.7283,36.177],[-105.7246,36.1788],[-105.7206,36.1795],[-105.7178,36.1817],[-105.7175,36.1848],[-105.7227,36.1965],[-105.723,36.1987],[-105.722,36.2002],[-105.7091,36.1998],[-105.7037,36.1968],[-105.6987,36.1954],[-105.6715,36.191],[-105.6726,36.1923],[-105.6727,36.1979],[-105.6688,36.2036],[-105.663,36.2081],[-105.6616,36.212],[-105.6617,36.2187],[-105.6588,36.2237],[-105.6473,36.2313],[-105.6419,36.2336],[-105.6387,36.2379],[-105.6364,36.2453],[-105.6358,36.2528],[-105.6356,36.2598],[-105.6374,36.2732],[-105.6402,36.2774],[-105.6467,36.2838],[-105.6478,36.2923],[-105.6437,36.3152],[-105.6442,36.3281],[-105.6365,36.3435]],[[-114.8654,36.1268],[-114.8456,36.1166],[-114.8217,36.108],[-114.8023,36.1033],[-114.7507,36.1035],[-114.7388,36.1057],[-114.7338,36.1076],[-114.7299,36.1076],[-114.7234,36.1094],[-114.7163,36.1102],[-114.7073,36.1136],[-114.7019,36.1222],[-114.7027,36.1336],[-114.7051,36.1393],[-114.7131,36.1491],[-114.7148,36.1548],[-114.708,36.1718],[-114.6979,36.1824],[-114.6821,36.1909],[-114.6489,36.2004],[-114.6407,36.2013],[-114.6342,36.1972],[-114.6256,36.1951],[-114.6173,36.191],[-114.6051,36.1879],[-114.5985,36.1883],[-114.5947,36.1897],[-114.5856,36.1893],[-114.5718,36.1913],[-114.5604,36.1853],[-114.5536,36.1787],[-114.5496,36.1724],[-114.5467,36.1703],[-114.5341,36.1645],[-114.5216,36.1609],[-114.5109,36.1541],[-114.5027,36.1507],[-114.4922,36.1505],[-114.4873,36.152],[-114.4869,36.151],[-114.4779,36.147],[-114.4672,36.1472],[-114.4569,36.1439],[-114.4516,36.1448],[-114.4471,36.1481],[-114.4246,36.1509],[-114.4211,36.1523],[-114.4156,36.1524],[-114.41,36.166],[-114.4067,36.1844],[-114.4074,36.2245],[-114.4058,36.2655],[-114.3984,36.3116],[-114.3883,36.3442],[-114.3846,36.3646],[-114.3803,36.3786],[-114.3663,36.4058],[-114.3585,36.4251],[-114.352,36.4354],[-114.3493,36.4437],[-114.3477,36.4535],[-114.3468,36.4957],[-114.3417,36.5149],[-114.3368,36.5214],[-114.3326,36.5302],[-114.3335,36.5379],[-114.3369,36.545],[-114.3379,36.5496],[-114.3324,36.57],[-114.3275,36.5793],[-114.3276,36.5863],[-114.3284,36.5899],[-114.3299,36.5911],[-114.3308,36.5938],[-114.3312,36.6001],[-114.3282,36.6074],[-114.3264,36.6242],[-114.3233,36.6326],[-114.3187,36.6556],[-114.3164,36.6606],[-114.3154,36.6663]],[[-105.784,36.1318],[-105.7793,36.1309],[-105.766,36.1224]],[[-105.9756,36.1592],[-105.9742,36.1582],[-105.9646,36.1588],[-105.9561,36.1579],[-105.9179,36.1441],[-105.9046,36.1403],[-105.8975,36.1397],[-105.8878,36.1371],[-105.8806,36.1326],[-105.8615,36.1161],[-105.8571,36.114],[-105.8503,36.1153],[-105.8463,36.1172],[-105.8345,36.1261],[-105.8146,36.1325],[-105.8054,36.1334],[-105.7875,36.133],[-105.784,36.1318]],[[-105.9756,36.1592],[-105.9715,36.1664],[-105.9685,36.169],[-105.9567,36.1742],[-105.9272,36.1802],[-105.9089,36.1887],[-105.8896,36.192],[-105.8851,36.1959],[-105.8738,36.1931],[-105.8681,36.1935]],[[-105.8681,36.1935],[-105.8572,36.1928],[-105.8502,36.1902],[-105.8444,36.1861],[-105.8362,36.1765],[-105.8276,36.1685],[-105.8206,36.1653],[-105.8138,36.1638],[-105.8087,36.1608],[-105.7997,36.1491],[-105.7946,36.1397],[-105.7908,36.136],[-105.7848,36.1331],[-105.784,36.1318]],[[-105.8681,36.1935],[-105.8609,36.2013],[-105.8485,36.2025],[-105.8466,36.2034],[-105.8254,36.2318],[-105.8174,36.2384],[-105.8085,36.2413],[-105.7954,36.2432],[-105.7702,36.2604],[-105.7581,36.2719],[-105.7481,36.2798],[-105.7462,36.2804],[-105.7444,36.2826],[-105.7345,36.2888],[-105.7256,36.292],[-105.7049,36.3028],[-105.704,36.3042],[-105.6848,36.3161],[-105.6599,36.3332],[-105.6528,36.337],[-105.6365,36.3435]],[[-106.3169,36.2076],[-106.2859,36.2126],[-106.2702,36.2145],[-106.2671,36.2141],[-106.263,36.2119],[-106.2606,36.2089],[-106.2559,36.2057],[-106.2492,36.1979],[-106.2407,36.1909],[-106.2215,36.1801],[-106.206,36.1735],[-106.1918,36.1627],[-106.1889,36.1576],[-106.1844,36.1556],[-106.1788,36.1506],[-106.1712,36.1392],[-106.1569,36.1094],[-106.1497,36.0997],[-106.1281,36.0768],[-106.1188,36.0632],[-106.1173,36.0625]],[[-105.6365,36.3435],[-105.6257,36.3524],[-105.6186,36.3555],[-105.6121,36.3607],[-105.6054,36.3646],[-105.5883,36.3804],[-105.5845,36.3855],[-105.5789,36.398],[-105.5598,36.4266],[-105.5525,36.433],[-105.5486,36.4351],[-105.544,36.4397],[-105.5541,36.4475],[-105.5596,36.4504],[-105.5683,36.4534],[-105.5875,36.4636],[-105.6026,36.4759],[-105.6161,36.4843],[-105.6293,36.4951],[-105.6457,36.506],[-105.6546,36.5141],[-105.6614,36.5222],[-105.6676,36.5306],[-105.672,36.539],[-105.6717,36.5451],[-105.6694,36.5516],[-105.6547,36.5839],[-105.6455,36.5944],[-105.6178,36.6166],[-105.6161,36.6207],[-105.6172,36.6273],[-105.6164,36.6344],[-105.6121,36.6408],[-105.6026,36.6516],[-105.5998,36.6581],[-105.5992,36.6689],[-105.6006,36.6815],[-105.5991,36.6912],[-105.5993,36.7],[-105.5955,36.7154],[-105.595,36.7212],[-105.5916,36.7283],[-105.5872,36.7424],[-105.5854,36.7521],[-105.5851,36.76],[-105.5868,36.7813],[-105.5854,36.7934],[-105.583,36.8035],[-105.5813,36.8235],[-105.5665,36.8892],[-105.5603,36.9062],[-105.559,36.9076],[-105.5585,36.914],[-105.5544,36.9209],[-105.5509,36.9383],[-105.5455,36.9566],[-105.5396,36.9677],[-105.5382,36.9746],[-105.5349,36.9765],[-105.5161,36.9778],[-105.4967,36.9817],[-105.4805,36.983],[-105.4319,36.992],[-105.4191,36.9985],[-105.4096,37.0098],[-105.4016,37.0238],[-105.4029,37.0446],[-105.4017,37.049],[-105.3975,37.055],[-105.3896,37.072],[-105.3866,37.0824],[-105.384,37.1249],[-105.387,37.1385],[-105.3942,37.1462],[-105.3971,37.1515],[-105.3967,37.1583],[-105.3977,37.1613],[-105.4125,37.1718],[-105.4222,37.1806],[-105.4243,37.186],[-105.4256,37.1914],[-105.4253,37.2045],[-105.4286,37.2193],[-105.4295,37.2417],[-105.4328,37.2626],[-105.4326,37.2984],[-105.4359,37.312],[-105.4478,37.3324],[-105.4524,37.3377],[-105.4656,37.3582],[-105.4778,37.3748],[-105.4932,37.3994],[-105.5146,37.4247],[-105.5237,37.44],[-105.5376,37.4524],[-105.554,37.4651],[-105.5631,37.4754],[-105.5688,37.4841],[-105.5757,37.5],[-105.5776,37.5081],[-105.5769,37.5164],[-105.5786,37.5197],[-105.5839,37.5462],[-105.5913,37.5597],[-105.5968,37.5887],[-105.598,37.6181],[-105.6048,37.6587],[-105.6044,37.6785],[-105.6062,37.6946],[-105.605,37.7172],[-105.6067,37.7526],[-105.6106,37.7709],[-105.6152,37.7782],[-105.6164,37.7852],[-105.6225,37.8032],[-105.6228,37.8225],[-105.6212,37.8365],[-105.6216,37.8418],[-105.6246,37.8476],[-105.6302,37.8538],[-105.629,37.8656],[-105.6311,37.8755],[-105.638,37.8932],[-105.6462,37.9067],[-105.6501,37.9158],[-105.6563,37.9352],[-105.658,37.947],[-105.659,37.9487],[-105.6696,37.9557],[-105.6823,37.9825],[-105.7027,37.9988],[-105.7112,38.0124],[-105.72,38.0215],[-105.7228,38.028],[-105.7283,38.0339],[-105.7368,38.0395],[-105.7422,38.0478],[-105.7472,38.0534],[-105.7558,38.0594],[-105.768,38.0647],[-105.7782,38.0704],[-105.7983,38.0924],[-105.803,38.0958],[-105.8067,38.0973],[-105.8184,38.0993],[-105.8406,38.1007],[-105.8794,38.1012],[-105.901,38.1026],[-105.9551,38.1038],[-106.0152,38.1033],[-106.036,38.1051],[-106.0485,38.1041],[-106.0615,38.0958],[-106.0753,38.0916],[-106.0842,38.0904],[-106.1074,38.0897],[-106.1392,38.0926],[-106.1576,38.0931],[-106.1742,38.0949],[-106.1831,38.0964],[-106.1927,38.1002],[-106.1997,38.1047],[-106.2123,38.1096],[-106.2228,38.1126],[-106.2298,38.1136],[-106.2524,38.1223],[-106.261,38.131],[-106.2701,38.149],[-106.2756,38.1567],[-106.2784,38.1589],[-106.2834,38.1602],[-106.2895,38.1607],[-106.3061,38.1594],[-106.3105,38.1573],[-106.3286,38.1519],[-106.3363,38.1448],[-106.3394,38.1394],[-106.3385,38.1377],[-106.3464,38.133],[-106.3472,38.1285],[-106.3581,38.1292],[-106.3649,38.1269],[-106.3751,38.1263],[-106.3839,38.1285],[-106.3943,38.1293],[-106.4351,38.1371],[-106.4438,38.1372],[-106.4505,38.1384],[-106.4544,38.1416],[-106.455,38.1445],[-106.4542,38.1596],[-106.4523,38.1642],[-106.4535,38.1666],[-106.4574,38.1686],[-106.4679,38.1769],[-106.4804,38.1842],[-106.5185,38.1942],[-106.5216,38.196],[-106.5294,38.2032],[-106.5425,38.211],[-106.5488,38.2134],[-106.5714,38.2192],[-106.5778,38.224],[-106.5873,38.226],[-106.6024,38.2253],[-106.6119,38.2256],[-106.6185,38.2268],[-106.6248,38.229],[-106.6305,38.2338],[-106.6387,38.2385],[-106.6441,38.24],[-106.6728,38.2436],[-106.6789,38.2455],[-106.6892,38.2523],[-106.6961,38.255],[-106.7361,38.2675],[-106.7399,38.2694],[-106.7447,38.2742],[-106.7577,38.3083],[-106.7591,38.3187],[-106.7585,38.3269],[-106.7552,38.3339],[-106.7461,38.3448],[-106.7146,38.36],[-106.6942,38.3718],[-106.6831,38.3767],[-106.671,38.3883],[-106.6666,38.3964],[-106.6653,38.412],[-106.6637,38.4164],[-106.6572,38.4227],[-106.6574,38.4251],[-106.6541,38.4265],[-106.6478,38.4313],[-106.6452,38.4345],[-106.6416,38.4425],[-106.6391,38.46],[-106.642,38.4645],[-106.6542,38.4714],[-106.6646,38.4759],[-106.7132,38.4933],[-106.724,38.4983],[-106.7415,38.5029],[-106.7444,38.5048],[-106.7528,38.5074],[-106.7575,38.5101],[-106.7871,38.5201],[-106.7949,38.5225],[-106.8217,38.5239],[-106.8499,38.5284],[-106.8641,38.534],[-106.8717,38.539],[-106.8775,38.5409],[-106.8839,38.5418],[-106.8926,38.54],[-106.9094,38.5384],[-106.9191,38.5357],[-106.9225,38.5345],[-106.9347,38.5234],[-106.9484,38.5179],[-106.9559,38.5184],[-106.9618,38.5206],[-106.9676,38.5214],[-106.9763,38.5217],[-106.9801,38.5209],[-106.9867,38.5169],[-107.0159,38.5084],[-107.0242,38.5015],[-107.0312,38.4934],[-107.038,38.4883],[-107.0477,38.485],[-107.091,38.4791],[-107.0994,38.4756],[-107.1071,38.4693],[-107.1108,38.4682],[-107.1182,38.4669],[-107.1351,38.4662],[-107.1468,38.4616],[-107.1579,38.4608],[-107.1662,38.4584],[-107.1759,38.4402],[-107.1859,38.4333],[-107.1902,38.4285],[-107.1976,38.3955],[-107.1996,38.3926],[-107.2084,38.3895],[-107.2119,38.3874],[-107.2182,38.3796],[-107.2206,38.3727],[-107.2245,38.3684],[-107.2297,38.3652],[-107.2348,38.3643],[-107.2442,38.3644],[-107.2515,38.3616],[-107.2537,38.3619],[-107.2584,38.3651],[-107.2637,38.3658],[-107.2739,38.3646],[-107.286,38.3609],[-107.2968,38.356],[-107.3042,38.3541],[-107.3102,38.3542],[-107.3259,38.3621],[-107.3392,38.3621],[-107.3444,38.3636],[-107.3608,38.3701],[-107.3822,38.3822],[-107.406,38.3875],[-107.4153,38.3925],[-107.4194,38.394],[-107.423,38.3932],[-107.4297,38.3971],[-107.4503,38.3933],[-107.4698,38.392],[-107.4973,38.3936],[-107.5012,38.3949],[-107.5061,38.4026],[-107.5113,38.4057],[-107.5317,38.4082],[-107.5432,38.4108],[-107.5606,38.4119],[-107.5679,38.4097],[-107.5727,38.4071],[-107.5839,38.4045],[-107.5947,38.4043],[-107.5989,38.4058],[-107.6174,38.404],[-107.6236,38.4048],[-107.6252,38.4058],[-107.6308,38.4045],[-107.6485,38.4051],[-107.6606,38.4045],[-107.6688,38.4024],[-107.6786,38.3964],[-107.6863,38.3939],[-107.6937,38.394],[-107.7037,38.396],[-107.7128,38.4003],[-107.7388,38.4093],[-107.7555,38.4105],[-107.7638,38.4099],[-107.7737,38.4074],[-107.7846,38.4075],[-107.7989,38.4127],[-107.8009,38.4159],[-107.8044,38.4168],[-107.8133,38.4164],[-107.8208,38.4183],[-107.8257,38.4207],[-107.8384,38.4328],[-107.8483,38.4468],[-107.8616,38.4537],[-107.8762,38.4642],[-107.8972,38.4833],[-107.9032,38.4982],[-107.9115,38.508],[-107.9138,38.5178],[-107.915,38.5193],[-107.9242,38.5252],[-107.934,38.535],[-107.942,38.5491],[-107.9462,38.5532],[-107.9582,38.5593],[-107.9652,38.5647],[-107.9689,38.5914],[-107.9703,38.5972],[-107.9751,38.6086],[-107.9793,38.6148],[-107.9977,38.6325],[-108.0004,38.6379],[-108.0018,38.6457],[-108.01,38.6684],[-108.0242,38.6889],[-108.0392,38.7],[-108.0453,38.703],[-108.0554,38.7063],[-108.0675,38.7135],[-108.0786,38.7253],[-108.0829,38.7316],[-108.1099,38.7515],[-108.1129,38.7601],[-108.1215,38.7572],[-108.1387,38.7537],[-108.1602,38.7517],[-108.1689,38.752],[-108.1848,38.7573],[-108.2038,38.7621],[-108.2228,38.7702],[-108.234,38.7738],[-108.2607,38.7969],[-108.2684,38.8097],[-108.2762,38.81],[-108.2827,38.8118],[-108.2938,38.8183],[-108.3008,38.8242],[-108.3041,38.8285],[-108.3095,38.8464],[-108.3162,38.8591],[-108.3297,38.8681],[-108.357,38.8829],[-108.3624,38.8872],[-108.3664,38.8919],[-108.3853,38.9225],[-108.3955,38.9358],[-108.4232,38.9644],[-108.4345,38.9732],[-108.4421,38.9842],[-108.4448,38.9912],[-108.4564,38.9971],[-108.4617,39.0023],[-108.4789,39.0153],[-108.5077,39.029],[-108.5133,39.0334],[-108.516,39.0381],[-108.5195,39.0412],[-108.5231,39.0426],[-108.5258,39.0452],[-108.5379,39.0527],[-108.5484,39.0629],[-108.5586,39.0703],[-108.5849,39.0848],[-108.63,39.1193],[-108.6604,39.1312],[-108.6817,39.1445],[-108.7103,39.1588],[-108.7241,39.1645],[-108.7353,39.1713],[-108.7716,39.1879],[-108.774,39.1897],[-108.777,39.1907],[-108.7846,39.191],[-108.8001,39.1903],[-108.8118,39.1887],[-108.8212,39.1896],[-108.8352,39.1945],[-108.843,39.1995],[-108.8451,39.2018],[-108.8561,39.2079],[-108.8589,39.2083],[-108.8624,39.2103],[-108.8899,39.2172],[-108.9007,39.2183],[-108.9214,39.2221],[-108.9516,39.2103],[-108.9673,39.2054],[-108.9826,39.2029],[-109.0179,39.2011],[-109.023,39.1999],[-109.0328,39.1997],[-109.0427,39.2007],[-109.0497,39.1999],[-109.0564,39.193],[-109.0597,39.1926],[-109.0623,39.1902],[-109.066,39.1889],[-109.0724,39.1874],[-109.0838,39.1869],[-109.0952,39.1846],[-109.1069,39.1797],[-109.1308,39.1635],[-109.1418,39.1495],[-109.148,39.1355],[-109.1549,39.1118],[-109.1592,39.1063],[-109.1672,39.1001],[-109.1712,39.095],[-109.1735,39.0896],[-109.1746,39.081],[-109.1776,39.0764],[-109.1796,39.0741],[-109.1941,39.0668],[-109.1983,39.0634],[-109.2043,39.0557],[-109.2064,39.0502],[-109.2104,39.0446],[-109.2246,39.0305],[-109.231,39.0264],[-109.2351,39.0213],[-109.245,39.0145],[-109.2608,39.0009],[-109.2786,38.9907],[-109.3258,38.973],[-109.358,38.9649],[-109.3785,38.9627],[-109.4411,38.9522],[-109.4569,38.9514],[-109.4926,38.951],[-109.5328,38.9572],[-109.5698,38.9576],[-109.6317,38.9617],[-109.6754,38.9555],[-109.7427,38.9532],[-109.7709,38.95],[-109.7926,38.9488],[-109.8182,38.9456],[-109.8474,38.9474],[-109.8692,38.9468],[-109.9176,38.9435],[-109.9629,38.9436],[-109.9874,38.9415],[-109.9988,38.943],[-110.0091,38.9461],[-110.0239,38.9534],[-110.0462,38.9622],[-110.0633,38.9661],[-110.0816,38.9772],[-110.0903,38.981],[-110.0972,38.983],[-110.1155,38.9852],[-110.1263,38.985],[-110.1315,38.9842]],[[-106.4789,36.4159],[-106.4782,36.4133],[-106.4802,36.4124],[-106.4846,36.4046],[-106.4867,36.3881],[-106.4952,36.381],[-106.4989,36.3766],[-106.5029,36.3675],[-106.5067,36.3618],[-106.5149,36.3546],[-106.5151,36.3517],[-106.5127,36.3478],[-106.5036,36.3406],[-106.4968,36.3309],[-106.4854,36.3193],[-106.4825,36.315],[-106.4785,36.3039],[-106.4738,36.2987],[-106.47,36.2913],[-106.4683,36.2844],[-106.4601,36.2758],[-106.4409,36.2605],[-106.4242,36.2506],[-106.4097,36.2438],[-106.3992,36.2414],[-106.3734,36.2248],[-106.3666,36.2225],[-106.3562,36.2216],[-106.3445,36.2185],[-106.3267,36.2164],[-106.3225,36.2144],[-106.3169,36.2076]],[[-106.7254,36.6211],[-106.7204,36.6213],[-106.7177,36.6204],[-106.7036,36.6104],[-106.6798,36.5915],[-106.6681,36.5794],[-106.6634,36.5758],[-106.6613,36.5711],[-106.6612,36.5651],[-106.6585,36.552],[-106.6448,36.5377],[-106.6391,36.5298],[-106.6244,36.5167],[-106.6213,36.5126],[-106.6155,36.5017],[-106.6106,36.4792],[-106.6093,36.4765],[-106.6053,36.4726],[-106.5994,36.4691],[-106.5842,36.4634],[-106.5672,36.4547],[-106.5603,36.4498],[-106.533,36.4411],[-106.5222,36.4401],[-106.5119,36.4375],[-106.5063,36.4327],[-106.4894,36.4246],[-106.4789,36.4159]],[[-106.7797,36.6302],[-106.7722,36.6231],[-106.7634,36.6092],[-106.7547,36.6061],[-106.7472,36.6072],[-106.7437,36.6087],[-106.7254,36.6211]],[[-106.7797,36.6302],[-106.7763,36.6302],[-106.7697,36.6265],[-106.7624,36.6244],[-106.7374,36.6215],[-106.7287,36.622],[-106.7254,36.6211]],[[-114.3154,36.6663],[-114.3047,36.6717],[-114.304,36.6743],[-114.2992,36.6814],[-114.2954,36.6846],[-114.2802,36.689],[-114.2636,36.6968],[-114.2602,36.7016],[-114.2605,36.7087],[-114.2583,36.7124],[-114.2548,36.7159],[-114.2428,36.7211],[-114.2359,36.7309],[-114.2315,36.7348],[-114.2282,36.7369],[-114.2177,36.7405],[-114.205,36.7439],[-114.1981,36.7441],[-114.1909,36.7461],[-114.1811,36.7515],[-114.1749,36.7563],[-114.1716,36.7605],[-114.1694,36.7616],[-114.1623,36.7688],[-114.15,36.7769],[-114.1398,36.781],[-114.1351,36.7841],[-114.1229,36.7883],[-114.1178,36.7913],[-114.1109,36.7931],[-114.0858,36.7951],[-114.0557,36.8033],[-114.0483,36.8029],[-114.0451,36.8044],[-114.0414,36.8045],[-114.0248,36.8087],[-114.0096,36.8158],[-114.0017,36.8215],[-113.9852,36.8401],[-113.9704,36.8522],[-113.9389,36.8723],[-113.935,36.8777],[-113.9341,36.8817]],[[-113.9341,36.8817],[-113.9327,36.8813],[-113.9302,36.8834],[-113.9203,36.8948],[-113.9174,36.8968],[-113.8906,36.9098],[-113.874,36.9207],[-113.864,36.92],[-113.8583,36.9161],[-113.8526,36.914],[-113.8493,36.9133],[-113.8463,36.9145],[-113.8431,36.9165],[-113.8334,36.926],[-113.8217,36.9415],[-113.814,36.9495],[-113.8086,36.953],[-113.7977,36.9532],[-113.7799,36.9514],[-113.7766,36.9524],[-113.7711,36.9563],[-113.7689,36.9592],[-113.762,36.9635],[-113.7417,36.968],[-113.7346,36.9707],[-113.7294,36.9736],[-113.7255,36.9777],[-113.7129,36.9975],[-113.6969,37.0043],[-113.6824,37.0152],[-113.6672,37.0211],[-113.65,37.0219],[-113.6335,37.0259],[-113.627,37.0298],[-113.6208,37.0391],[-113.61,37.0428],[-113.5945,37.0518],[-113.5875,37.0583],[-113.5824,37.0657],[-113.5544,37.0708],[-113.5455,37.0577],[-113.5394,37.0442],[-113.5166,37.0244],[-113.5076,37.0189],[-113.4936,37.013],[-113.4795,37.009],[-113.4478,37.0043],[-113.4374,37.0035],[-113.4272,37.0041],[-113.41,37.0091],[-113.3896,37.0129],[-113.3576,37.0147],[-113.3439,37.0178],[-113.3336,37.0186],[-113.3123,37.0143],[-113.3052,37.011],[-113.2999,37.0022],[-113.3031,36.9987],[-113.3035,36.9964],[-113.2967,36.9935],[-113.2859,36.9921],[-113.2656,36.9877],[-113.2086,36.9951],[-113.1935,36.9958],[-113.1873,36.9996],[-113.1733,37.0017],[-113.1635,37.006],[-113.1354,37.0134],[-113.1246,37.0134],[-113.0968,37.0094],[-113.0905,37.0073],[-113.088,37.0047],[-113.0873,37.002],[-113.0795,36.9906],[-113.044,36.9592],[-113.0172,36.9447],[-112.9766,36.9251],[-112.961,36.9161],[-112.9544,36.9136],[-112.9313,36.8991],[-112.903,36.8791],[-112.8994,36.8777],[-112.8619,36.867],[-112.8459,36.8613],[-112.8353,36.8589],[-112.7999,36.8544],[-112.7828,36.8532],[-112.7511,36.8541],[-112.7374,36.8565],[-112.6846,36.8607],[-112.6639,36.8667],[-112.6534,36.8683],[-112.6468,36.8708],[-112.6316,36.8798],[-112.6018,36.8956],[-112.5811,36.9103],[-112.5363,36.9325],[-112.5342,36.9349],[-112.5228,36.9418],[-112.5002,36.9789],[-112.4873,36.9976],[-112.4726,37.0081],[-112.4541,37.0184],[-112.4054,37.0263],[-112.3594,37.0314],[-112.2945,37.0325],[-112.2302,37.0362],[-112.2003,37.0479],[-112.168,37.0715],[-112.1354,37.0861],[-112.1218,37.1058],[-112.0968,37.1258],[-112.0734,37.1379],[-112.0534,37.1508],[-112.0223,37.1643],[-111.9891,37.1862],[-111.9862,37.1943],[-111.9797,37.2016],[-111.9715,37.2167],[-111.9528,37.2282],[-111.9385,37.2224],[-111.9268,37.1935],[-111.918,37.1859],[-111.911,37.1658],[-111.9093,37.1453],[-111.8974,37.1006],[-111.8673,37.0937],[-111.8377,37.0981],[-111.8188,37.0992],[-111.8035,37.0956],[-111.7447,37.088],[-111.6874,37.0789],[-111.6657,37.0719],[-111.656,37.0637],[-111.6447,37.0645],[-111.6377,37.0618],[-111.6316,37.0577],[-111.612,37.0476],[-111.6009,37.0453],[-111.585,37.0404],[-111.5706,37.0376],[-111.5483,37.0306],[-111.5195,37.0189],[-111.5051,37.0147],[-111.4874,37.0105],[-111.4698,37.0076],[-111.4598,37.0081],[-111.4466,37.0114],[-111.4331,37.016],[-111.4163,37.0193],[-111.3795,37.0199],[-111.3616,37.0183],[-111.3484,37.0205],[-111.3441,37.0222],[-111.3383,37.027],[-111.335,37.0316],[-111.328,37.0453],[-111.3246,37.0474],[-111.3171,37.0464],[-111.308,37.0402],[-111.3059,37.0373],[-111.2922,37.0279],[-111.2847,37.0183],[-111.2808,37.0011],[-111.2833,37.0017],[-111.2828,36.999],[-111.2806,36.9961],[-111.274,36.9937],[-111.2719,36.9856],[-111.2667,36.9771],[-111.2622,36.9666],[-111.2548,36.9377],[-111.2518,36.938],[-111.2495,36.9318],[-111.2479,36.9209],[-111.2348,36.9038],[-111.2228,36.8917],[-111.2191,36.8864],[-111.2183,36.8691],[-111.2171,36.866],[-111.213,36.8584],[-111.2087,36.8531],[-111.2057,36.851],[-111.2019,36.8456],[-111.1938,36.8262],[-111.1899,36.8208],[-111.1779,36.8142],[-111.1645,36.8119],[-111.14,36.8054],[-111.1276,36.7941],[-111.1185,36.7882],[-111.1053,36.7864],[-111.0928,36.7826],[-111.0826,36.7836],[-111.07,36.789],[-111.0532,36.8003],[-111.0319,36.8074],[-111.0138,36.8078],[-111.0069,36.81],[-110.9901,36.8198],[-110.9626,36.8299],[-110.9589,36.8304],[-110.9475,36.8426],[-110.9413,36.8474],[-110.9373,36.8492],[-110.9271,36.8519],[-110.9155,36.8524],[-110.8958,36.8597],[-110.8789,36.8648],[-110.8357,36.872],[-110.8216,36.8836],[-110.8121,36.8876],[-110.8019,36.8902],[-110.7877,36.8971],[-110.7838,36.898],[-110.7588,36.8948],[-110.7522,36.891],[-110.7454,36.8846],[-110.7404,36.8816],[-110.73,36.8828],[-110.7263,36.8814],[-110.7153,36.8716],[-110.7085,36.8612],[-110.6957,36.8513],[-110.6885,36.8491],[-110.6746,36.8511],[-110.6703,36.8493],[-110.6631,36.8397],[-110.6574,36.8347],[-110.6508,36.8261],[-110.6101,36.7909],[-110.604,36.7869],[-110.5936,36.7757],[-110.5676,36.7606],[-110.5556,36.751],[-110.5495,36.7407],[-110.5467,36.7314],[-110.5397,36.7171],[-110.5208,36.6918],[-110.5132,36.6851],[-110.5061,36.6813],[-110.4959,36.6722],[-110.4855,36.6677],[-110.4797,36.6623],[-110.4769,36.6613],[-110.4633,36.6615],[-110.4535,36.6561],[-110.4433,36.6518],[-110.4371,36.6506],[-110.4354,36.6493],[-110.4143,36.6616],[-110.4013,36.6729],[-110.3835,36.6923],[-110.3717,36.6995],[-110.3456,36.7124],[-110.335,36.716],[-110.2957,36.7248],[-110.2894,36.7256],[-110.2733,36.7231],[-110.2668,36.721],[-110.2486,36.7194],[-110.2419,36.7211],[-110.2278,36.7268],[-110.2145,36.7347],[-110.1871,36.7435],[-110.1785,36.7449],[-110.1553,36.7455],[-110.1341,36.7479],[-110.1206,36.7513],[-110.0968,36.7556],[-110.074,36.7672],[-110.067,36.7688],[-110.035,36.7716],[-110.0257,36.7734],[-110.0084,36.7802],[-109.9471,36.7974],[-109.8939,36.8183],[-109.8766,36.8266],[-109.8625,36.8367],[-109.8528,36.842],[-109.832,36.857],[-109.8183,36.864],[-109.8105,36.8663],[-109.8065,36.8665],[-109.7823,36.8634],[-109.7711,36.8669],[-109.7647,36.8718],[-109.7548,36.8844],[-109.7473,36.8921],[-109.7404,36.8941],[-109.7331,36.894],[-109.7303,36.8919],[-109.7283,36.886],[-109.7285,36.8775],[-109.7301,36.872],[-109.7368,36.8604],[-109.7362,36.8595],[-109.7323,36.8598],[-109.729,36.8611],[-109.72,36.8708],[-109.7172,36.8728],[-109.7138,36.8737],[-109.703,36.8744],[-109.6961,36.8718],[-109.6893,36.8717],[-109.6635,36.8747],[-109.6496,36.8752],[-109.6407,36.8741],[-109.6212,36.8689],[-109.5952,36.8636],[-109.5835,36.862],[-109.5507,36.8609],[-109.5435,36.8619],[-109.5265,36.8622],[-109.4943,36.856],[-109.4556,36.8516],[-109.4411,36.8511],[-109.4272,36.8524],[-109.4168,36.8494],[-109.4098,36.8491],[-109.395,36.8515],[-109.3891,36.849],[-109.3819,36.8479],[-109.3693,36.8439],[-109.3587,36.8439],[-109.3566,36.843],[-109.3294,36.8432],[-109.3237,36.847],[-109.3082,36.8486],[-109.2935,36.8523],[-109.2903,36.8572],[-109.288,36.8653],[-109.2801,36.8759],[-109.2665,36.8852],[-109.2602,36.8887],[-109.254,36.8908],[-109.251,36.8902],[-109.2029,36.892],[-109.1718,36.8958],[-109.1296,36.8949],[-109.1189,36.8977],[-109.1108,36.9039],[-109.1095,36.9065],[-109.1096,36.9097],[-109.1069,36.9202],[-109.1006,36.9327],[-109.1002,36.9394],[-109.092,36.9476],[-109.0843,36.9528],[-109.0713,36.9585],[-109.061,36.9616],[-109.0544,36.9628],[-109.0425,36.9622],[-109.04,36.9707],[-109.033,36.9728],[-109.0246,36.9726],[-109.0192,36.9705],[-109.014,36.97],[-108.9906,36.9693],[-108.9777,36.9698],[-108.9509,36.9733],[-108.926,36.9727],[-108.913,36.9738],[-108.8922,36.9722],[-108.8858,36.9704],[-108.8737,36.9687],[-108.8552,36.968],[-108.8465,36.9665],[-108.8278,36.968],[-108.8064,36.9672],[-108.7979,36.9653],[-108.7891,36.9659],[-108.7806,36.9687],[-108.765,36.979],[-108.7549,36.9895],[-108.7447,36.9969],[-108.737,37.0052],[-108.7044,37.0348],[-108.6824,37.0454],[-108.6536,37.05],[-108.6278,37.0447],[-108.6089,37.0439],[-108.5907,37.05],[-108.5679,37.0545],[-108.5535,37.053],[-108.5262,37.0469],[-108.5126,37.0507],[-108.4936,37.0515],[-108.4716,37.0507],[-108.4406,37.0447],[-108.4125,37.0356],[-108.3867,37.0242],[-108.3625,37.0098],[-108.3526,36.9984],[-108.3525,36.9941],[-108.3501,36.9915],[-108.3371,36.985],[-108.3339,36.982],[-108.3295,36.9683],[-108.3269,36.9658],[-108.3116,36.9568],[-108.2928,36.9436],[-108.2663,36.9387],[-108.2501,36.9401],[-108.2358,36.9401],[-108.2247,36.937],[-108.2096,36.9348],[-108.1867,36.9258],[-108.161,36.9201],[-108.1419,36.9171],[-108.1249,36.9124],[-108.0997,36.9019],[-108.0878,36.8957],[-108.0783,36.8888],[-108.0617,36.8788],[-108.0561,36.8771],[-108.0206,36.8517],[-108.02,36.8501],[-108.0089,36.8391],[-108.006,36.8339],[-108,36.8267],[-107.9949,36.8238],[-107.9897,36.821],[-107.983,36.8191],[-107.9681,36.8183],[-107.9624,36.8169],[-107.9439,36.8104],[-107.9255,36.8051],[-107.9188,36.8018],[-107.9096,36.794],[-107.8874,36.7698],[-107.8829,36.7664],[-107.8728,36.7559],[-107.8638,36.7496],[-107.8565,36.7429],[-107.845,36.7347],[-107.8371,36.7268],[-107.8272,36.7197],[-107.8226,36.7175],[-107.8073,36.7158],[-107.7999,36.7133],[-107.7851,36.7073],[-107.776,36.7016],[-107.767,36.6973],[-107.7404,36.6865],[-107.7315,36.6813],[-107.7156,36.6696],[-107.7077,36.6608],[-107.7009,36.65],[-107.695,36.6435],[-107.6928,36.6377],[-107.6857,36.6327],[-107.6823,36.6235],[-107.674,36.6133],[-107.6714,36.6032],[-107.6701,36.5916],[-107.6709,36.5822],[-107.6665,36.574],[-107.6669,36.5687],[-107.6639,36.5673],[-107.6586,36.559],[-107.6539,36.5544],[-107.6327,36.541],[-107.6217,36.5293],[-107.6115,36.5227],[-107.5868,36.5097],[-107.5796,36.5068],[-107.5678,36.5],[-107.5602,36.4938],[-107.5496,36.4909],[-107.5434,36.4861],[-107.525,36.478],[-107.5146,36.4665],[-107.5091,36.4559],[-107.4884,36.4467],[-107.4829,36.4425],[-107.4758,36.4335],[-107.4733,36.422],[-107.4738,36.4103],[-107.4714,36.4001],[-107.4684,36.3785],[-107.4606,36.3725],[-107.4529,36.352],[-107.4483,36.3432],[-107.4402,36.3349],[-107.4317,36.3279],[-107.4268,36.3261],[-107.408,36.3253],[-107.3972,36.3257],[-107.3625,36.3248],[-107.3387,36.3167],[-107.3156,36.3128],[-107.3126,36.3128],[-107.2893,36.3217],[-107.2778,36.3237],[-107.267,36.3268],[-107.2513,36.3287],[-107.2447,36.3284],[-107.2221,36.3239],[-107.2028,36.3232],[-107.1798,36.3198],[-107.1732,36.3201],[-107.154,36.3242],[-107.1417,36.3243],[-107.1246,36.3229],[-107.1211,36.3218],[-107.1175,36.3193],[-107.11,36.3114],[-107.106,36.3089],[-107.0863,36.3009],[-107.0818,36.2982],[-107.0733,36.2903],[-107.0699,36.2802],[-107.0543,36.2672],[-107.0492,36.2583],[-107.0385,36.2454],[-107.0318,36.2392],[-107.0166,36.2294],[-107.0052,36.2241],[-106.9979,36.2228],[-106.9904,36.2233],[-106.9809,36.2267],[-106.9665,36.2353],[-106.9399,36.2375],[-106.9256,36.2414],[-106.9038,36.2389],[-106.8497,36.2356],[-106.8205,36.2306],[-106.8038,36.2225],[-106.7979,36.2175],[-106.7862,36.2126],[-106.7839,36.2079],[-106.777,36.199],[-106.7628,36.1937],[-106.749,36.1925],[-106.7353,36.1925],[-106.6948,36.1941],[-106.6747,36.1871],[-106.6633,36.1802],[-106.6465,36.174],[-106.6393,36.1737],[-106.6312,36.1754],[-106.6274,36.1773],[-106.6243,36.1812],[-106.6195,36.1837],[-106.6062,36.1868],[-106.5989,36.1966],[-106.5907,36.2045],[-106.5836,36.2099],[-106.5769,36.2211],[-106.5565,36.2357],[-106.5557,36.2399],[-106.5481,36.2494],[-106.5414,36.2549],[-106.5351,36.2639],[-106.528,36.2684],[-106.5215,36.2705],[-106.5142,36.2706],[-106.5087,36.2697],[-106.4889,36.2641],[-106.4723,36.2574],[-106.4563,36.2471],[-106.4387,36.2424],[-106.4228,36.2332],[-106.3968,36.2262],[-106.3788,36.2181],[-106.3564,36.2096],[-106.3446,36.2035],[-106.3379,36.2017],[-106.329,36.201],[-106.3201,36.2038],[-106.3169,36.2076]],[[-107.2355,36.9992],[-107.232,36.9929],[-107.229,36.9704],[-107.2068,36.9524],[-107.1982,36.944],[-107.1884,36.9316],[-107.1535,36.9077],[-107.147,36.9014],[-107.1384,36.8904],[-107.1248,36.8611],[-107.1222,36.8509],[-107.1222,36.8399],[-107.1196,36.8268],[-107.1105,36.8094],[-107.1083,36.7959],[-107.1018,36.7853],[-107.0994,36.7771],[-107.0947,36.7684],[-107.0925,36.7409],[-107.0913,36.7379],[-107.0876,36.7344],[-107.0766,36.7267],[-107.0566,36.7162],[-107.0533,36.7148],[-107.0388,36.7124],[-107.0329,36.7079],[-107.0173,36.7018],[-107.0082,36.6955],[-106.9893,36.6891],[-106.9784,36.6883],[-106.9687,36.681],[-106.963,36.6793],[-106.9514,36.6685],[-106.9491,36.66],[-106.9469,36.6452],[-106.9507,36.6411],[-106.9515,36.637],[-106.9451,36.6291],[-106.9354,36.6241],[-106.9265,36.6223],[-106.9004,36.6201],[-106.8955,36.6208],[-106.8695,36.6315],[-106.8677,36.6311],[-106.863,36.6246],[-106.859,36.6208],[-106.8558,36.6154],[-106.8523,36.6122],[-106.8462,36.6101],[-106.8399,36.6103],[-106.8315,36.6092],[-106.8212,36.6104],[-106.8138,36.6132],[-106.8086,36.617],[-106.8029,36.6256],[-106.7953,36.6298],[-106.7877,36.6306],[-106.7854,36.6299],[-106.7797,36.6302]],[[-107.2355,36.9992],[-107.2274,36.9934],[-107.2085,36.9892],[-107.181,36.9857],[-107.1617,36.9884],[-107.1443,36.9831],[-107.1378,36.9781],[-107.1329,36.9768],[-107.1124,36.981],[-107.1014,36.9808],[-107.0947,36.9774],[-107.0842,36.9651],[-107.0728,36.9555],[-107.0679,36.9528],[-107.0604,36.9499],[-107.0548,36.9491],[-107.0408,36.9529],[-107.0369,36.9531],[-107.014,36.9426],[-107.0038,36.9358],[-106.9953,36.9345],[-106.9934,36.9324],[-106.9879,36.9193],[-106.9831,36.9161],[-106.9725,36.9127],[-106.9603,36.9073],[-106.9477,36.8979],[-106.9395,36.8868],[-106.9327,36.8815],[-106.9217,36.8771],[-106.9057,36.868],[-106.9019,36.8607],[-106.9019,36.8523],[-106.8999,36.8466],[-106.8931,36.8403],[-106.8912,36.8376],[-106.8889,36.8306],[-106.8872,36.8297],[-106.8779,36.8182],[-106.8627,36.8098],[-106.8446,36.8033],[-106.8318,36.7973],[-106.8211,36.788],[-106.8178,36.7837],[-106.8075,36.7752],[-106.7965,36.7693],[-106.7871,36.7581],[-106.7783,36.7519],[-106.775,36.7427],[-106.7693,36.734],[-106.7689,36.7279],[-106.7704,36.7178],[-106.7678,36.7151],[-106.7645,36.7134],[-106.753,36.7111],[-106.7326,36.709],[-106.7236,36.7071],[-106.717,36.7037],[-106.7071,36.7018],[-106.6928,36.7008],[-106.6668,36.702],[-106.6556,36.7011],[-106.6519,36.7016],[-106.6468,36.7006],[-106.6362,36.6973],[-106.616,36.6853],[-106.6067,36.6769],[-106.603,36.6766],[-106.5974,36.6664],[-106.5902,36.6591],[-106.5864,36.6531],[-106.5657,36.6315],[-106.5543,36.6231],[-106.5394,36.6156],[-106.5227,36.6052],[-106.5065,36.5873],[-106.5012,36.5773],[-106.4672,36.5506],[-106.4767,36.541],[-106.4791,36.5345],[-106.4795,36.5252],[-106.4759,36.4904],[-106.4762,36.4878],[-106.48,36.4813],[-106.4829,36.4727],[-106.4839,36.4641],[-106.4783,36.4277],[-106.4752,36.4209],[-106.4753,36.4188],[-106.4789,36.4159]],[[-109.0807,37.8956],[-109.0672,37.8888],[-109.0617,37.8836],[-109.0573,37.8777],[-109.0499,37.8713],[-109.0464,37.8658],[-109.0339,37.8239],[-109.0308,37.8179],[-109.0283,37.8156],[-109.02,37.8122],[-109.0074,37.8049],[-109,37.7993],[-108.9769,37.7887],[-108.9638,37.7776],[-108.9581,37.7719],[-108.9527,37.7624],[-108.9321,37.7427],[-108.9207,37.7276],[-108.9173,37.7213],[-108.9126,37.7052],[-108.9036,37.6974],[-108.9004,37.6964],[-108.8914,37.6878],[-108.8867,37.6849],[-108.8805,37.6785],[-108.8784,37.6724],[-108.8799,37.6649],[-108.8865,37.6561],[-108.8915,37.6521],[-108.8971,37.6436],[-108.8973,37.6395],[-108.8955,37.6373],[-108.8922,37.6349],[-108.8816,37.6306],[-108.8684,37.6293],[-108.8592,37.6326],[-108.848,37.6398],[-108.8405,37.6428],[-108.8287,37.6432],[-108.8226,37.6417],[-108.8113,37.6285],[-108.8049,37.6163],[-108.7957,37.6052],[-108.7849,37.5925],[-108.773,37.5836],[-108.7697,37.5752],[-108.769,37.5672],[-108.7664,37.5646],[-108.763,37.5631],[-108.7522,37.5503],[-108.7469,37.5476],[-108.7457,37.5459],[-108.7383,37.541],[-108.7204,37.5242],[-108.6993,37.512],[-108.6877,37.5076],[-108.6859,37.5034],[-108.677,37.497],[-108.651,37.4929],[-108.6292,37.4915],[-108.6041,37.4904],[-108.5787,37.4921],[-108.5653,37.4899],[-108.5501,37.4797],[-108.5373,37.473],[-108.5324,37.4716],[-108.5295,37.4695],[-108.5211,37.4661],[-108.5171,37.4657],[-108.51,37.4628],[-108.5016,37.4574],[-108.4932,37.4536],[-108.4868,37.4522],[-108.4649,37.4439],[-108.4422,37.4396],[-108.4358,37.4368],[-108.4282,37.4351],[-108.4197,37.4351],[-108.3972,37.4243],[-108.3803,37.4203],[-108.376,37.4177],[-108.3684,37.4078],[-108.361,37.3919],[-108.3502,37.3831],[-108.3343,37.3762],[-108.3128,37.3711],[-108.302,37.3629],[-108.2859,37.3545],[-108.2649,37.3501],[-108.2542,37.3506],[-108.2382,37.3497],[-108.2316,37.3475],[-108.2296,37.3481],[-108.2261,37.3469],[-108.2208,37.3424],[-108.2107,37.3364],[-108.1954,37.332],[-108.1744,37.3233],[-108.1647,37.3204],[-108.1449,37.3195],[-108.1252,37.3223],[-108.1153,37.3225],[-108.0958,37.3185],[-108.0884,37.316],[-108.0791,37.3113],[-108.0642,37.2995],[-108.0515,37.2922],[-108.0362,37.2815],[-108.026,37.2701],[-108.0209,37.2605],[-108.0165,37.2556],[-108.0066,37.2537],[-107.9977,37.2497],[-107.9748,37.2435],[-107.9557,37.2371],[-107.9169,37.2311],[-107.899,37.2268],[-107.8862,37.2223],[-107.8613,37.217],[-107.854,37.2164],[-107.8465,37.2187],[-107.8319,37.2253],[-107.8246,37.227],[-107.8154,37.2264],[-107.8115,37.2249],[-107.7875,37.2265],[-107.7812,37.2252],[-107.7479,37.2122],[-107.7434,37.2118],[-107.7407,37.2052],[-107.7287,37.1958],[-107.7133,37.1872],[-107.6888,37.1788],[-107.6792,37.1737],[-107.6754,37.1682],[-107.6711,37.1647],[-107.6608,37.1522],[-107.6497,37.1407],[-107.6465,37.1355],[-107.6424,37.122],[-107.6387,37.1153],[-107.6228,37.102],[-107.6109,37.0885],[-107.5968,37.0808],[-107.593,37.0798],[-107.5584,37.0635],[-107.5498,37.0604],[-107.5365,37.0511],[-107.5346,37.0507],[-107.526,37.0441],[-107.5133,37.0417],[-107.4926,37.0403],[-107.4634,37.0308],[-107.4213,37.0202],[-107.3931,37.0192],[-107.3823,37.0195],[-107.3606,37.0219],[-107.3362,37.022],[-107.3261,37.0198],[-107.3077,37.0132],[-107.289,37.0079],[-107.2818,37.0049],[-107.2402,37.0014],[-107.2362,37.0004],[-107.2355,36.9992]],[[-109.2601,38.2374],[-109.253,38.2344],[-109.2439,38.2284],[-109.2343,38.2243],[-109.221,38.2138],[-109.2142,38.2104],[-109.2057,38.2045],[-109.1871,38.1852],[-109.1479,38.1563],[-109.1354,38.1434],[-109.1066,38.1254],[-109.1025,38.12],[-109.101,38.1118],[-109.1022,38.1068],[-109.1109,38.0932],[-109.1128,38.0825],[-109.1168,38.0738],[-109.1202,38.0624],[-109.1187,38.0426],[-109.1229,38.0113],[-109.125,38.0031],[-109.1248,37.9981],[-109.1217,37.9809],[-109.1192,37.9753],[-109.1112,37.9636],[-109.1088,37.9578],[-109.1064,37.9497],[-109.1039,37.932],[-109.1017,37.9264],[-109.0905,37.9059],[-109.0807,37.8956]],[[-109.401,38.3082],[-109.3923,38.2856],[-109.3867,38.2748],[-109.3852,38.2692],[-109.3828,38.2579],[-109.3807,38.2244],[-109.3775,38.2102],[-109.377,38.1892],[-109.3733,38.1808],[-109.3694,38.1756],[-109.3267,38.1262],[-109.3161,38.1168],[-109.3083,38.1113],[-109.3014,38.1077],[-109.2902,38.1052],[-109.2828,38.1051],[-109.2726,38.1023],[-109.2674,38.0966],[-109.2631,38.0889],[-109.2499,38.0746],[-109.2424,38.0685],[-109.2322,38.055],[-109.2317,38.0531],[-109.2345,38.0072],[-109.2312,37.999],[-109.2251,37.9921],[-109.2058,37.9759],[-109.1862,37.9671],[-109.1753,37.9637],[-109.166,37.9573],[-109.1564,37.9537],[-109.1493,37.9523],[-109.1422,37.9493],[-109.1293,37.9413],[-109.122,37.9355],[-109.1145,37.9269],[-109.1096,37.9181],[-109.0998,37.906],[-109.0908,37.8993],[-109.0807,37.8956]],[[-109.401,38.3082],[-109.3781,38.303],[-109.3567,38.2959],[-109.3362,38.2876],[-109.3236,38.2809],[-109.3129,38.2764],[-109.3061,38.273],[-109.2996,38.2683],[-109.29,38.2545],[-109.2816,38.2473],[-109.2698,38.2408],[-109.2601,38.2374]],[[-109.4489,38.4694],[-109.4395,38.449],[-109.4383,38.4343],[-109.4403,38.4235],[-109.4442,38.4156],[-109.4505,38.4085],[-109.4542,38.3997],[-109.4527,38.3858],[-109.4483,38.3778],[-109.4366,38.3656],[-109.4339,38.3564],[-109.4308,38.3395],[-109.4285,38.3341],[-109.4177,38.3215],[-109.4112,38.3156],[-109.4095,38.3123],[-109.401,38.3082]],[[-109.4489,38.4694],[-109.4285,38.4626],[-109.4126,38.4554],[-109.3868,38.4478],[-109.3755,38.4456],[-109.3616,38.4395],[-109.3438,38.4354],[-109.3367,38.4318],[-109.3261,38.4284],[-109.3079,38.4168],[-109.2949,38.4123],[-109.285,38.4112],[-109.2817,38.4122],[-109.2728,38.4189],[-109.2652,38.4209],[-109.2571,38.4211],[-109.2504,38.4202],[-109.2362,38.4129],[-109.2229,38.3975],[-109.2219,38.3912],[-109.2285,38.3663],[-109.2318,38.3573],[-109.2356,38.3519],[-109.2402,38.3406],[-109.2452,38.3334],[-109.2481,38.3246],[-109.2481,38.3156],[-109.2498,38.3069],[-109.2546,38.2955],[-109.2601,38.2869],[-109.26,38.2766],[-109.2639,38.2571],[-109.2601,38.2374]],[[-109.5717,38.5772],[-109.5587,38.5719],[-109.5234,38.5512],[-109.5006,38.541],[-109.4873,38.5306],[-109.4831,38.5253],[-109.4777,38.5141],[-109.466,38.4978],[-109.4542,38.4779],[-109.4498,38.4722],[-109.4489,38.4694]],[[-109.5953,38.588],[-109.5932,38.5839],[-109.5836,38.5781],[-109.5802,38.5771],[-109.5717,38.5772]],[[-109.5953,38.588],[-109.5863,38.5885],[-109.5801,38.5853],[-109.5717,38.5772]],[[-111.9754,38.8431],[-111.9924,38.832],[-112.0033,38.8234],[-112.0136,38.818],[-112.0233,38.8095],[-112.0378,38.7905],[-112.0607,38.7699],[-112.0647,38.7644],[-112.0698,38.7535],[-112.0743,38.7484],[-112.0854,38.7369],[-112.0986,38.7254],[-112.1162,38.7063],[-112.1237,38.6994],[-112.1323,38.6886],[-112.1384,38.6831],[-112.1495,38.6746],[-112.1635,38.6679],[-112.1829,38.6601],[-112.1902,38.6549],[-112.2044,38.6402],[-112.2116,38.6251],[-112.2247,38.6112],[-112.2266,38.6032],[-112.2241,38.5974],[-112.2174,38.5862],[-112.2069,38.5725],[-112.2012,38.5612],[-112.1944,38.5333],[-112.1933,38.5228],[-112.1934,38.5139],[-112.1958,38.5075],[-112.2083,38.4937],[-112.2189,38.4732],[-112.2254,38.4474],[-112.2229,38.4417],[-112.2117,38.4288],[-112.2099,38.4145],[-112.2084,38.4115],[-112.205,38.4096],[-112.2036,38.4065],[-112.2023,38.3981],[-112.2031,38.3891],[-112.206,38.3787],[-112.2061,38.3705],[-112.2037,38.3651],[-112.2004,38.3627],[-112.195,38.355],[-112.191,38.3437],[-112.1917,38.3334],[-112.1955,38.3254],[-112.2019,38.3175],[-112.205,38.3114],[-112.2137,38.2863],[-112.2139,38.2745],[-112.2162,38.2624],[-112.2156,38.2571],[-112.2071,38.2424],[-112.2072,38.2372],[-112.2173,38.2152],[-112.2266,38.2013],[-112.2321,38.1953],[-112.2543,38.1847],[-112.2686,38.1758],[-112.2846,38.1586],[-112.303,38.1457],[-112.3179,38.1329],[-112.325,38.1285],[-112.3325,38.1205],[-112.3378,38.1123],[-112.3414,38.1038],[-112.3451,38.0723],[-112.3484,38.0575],[-112.3517,38.0493],[-112.356,38.0323],[-112.3593,38.0272],[-112.3659,38.0233],[-112.3884,38],[-112.3917,37.9972],[-112.4023,37.9918],[-112.4078,37.9876],[-112.413,37.9731],[-112.4197,37.9692],[-112.4445,37.9717],[-112.4586,37.9713],[-112.4606,37.9696],[-112.4674,37.967],[-112.4706,37.9673],[-112.477,37.9705],[-112.4927,37.9845],[-112.5025,37.9908],[-112.5102,37.9972],[-112.5172,37.9985],[-112.5206,37.9981],[-112.5273,37.9954],[-112.5333,37.9911],[-112.5371,37.9895],[-112.5404,37.9869],[-112.5441,37.9786],[-112.5528,37.9714],[-112.5632,37.9678],[-112.5671,37.9655],[-112.5769,37.9565],[-112.5825,37.9534],[-112.5935,37.9437],[-112.6038,37.937],[-112.6079,37.9311],[-112.61,37.9251],[-112.6193,37.9179],[-112.6264,37.9172],[-112.6439,37.9125],[-112.6571,37.904],[-112.6602,37.903],[-112.6658,37.8987],[-112.6756,37.8964],[-112.7017,37.9047],[-112.7086,37.9056],[-112.7298,37.906],[-112.7439,37.9028],[-112.7578,37.8978],[-112.7756,37.8888],[-112.7936,37.8745],[-112.814,37.8604],[-112.834,37.8496],[-112.8586,37.8412],[-112.8745,37.8373],[-112.8982,37.8334],[-112.9201,37.8263],[-112.9407,37.8265],[-112.9513,37.8249],[-112.9581,37.8225],[-112.96,37.8205],[-113,37.7936],[-113.0095,37.7898],[-113.0248,37.7812],[-113.0692,37.7678],[-113.0918,37.7658],[-113.1164,37.7582],[-113.1478,37.7552],[-113.1562,37.7507],[-113.1658,37.7437],[-113.1752,37.741],[-113.1892,37.7399],[-113.1962,37.7402],[-113.2139,37.7451],[-113.224,37.749],[-113.2806,37.7605],[-113.2996,37.7658],[-113.3075,37.7671],[-113.3514,37.7819],[-113.3762,37.7859],[-113.395,37.7874],[-113.4373,37.7881],[-113.4478,37.7865],[-113.458,37.7833],[-113.4682,37.7786],[-113.48,37.7685],[-113.4925,37.7546],[-113.5126,37.7239],[-113.5151,37.7097],[-113.5186,37.705],[-113.5324,37.6949],[-113.5438,37.6732],[-113.5497,37.6647],[-113.598,37.6207],[-113.6149,37.6099],[-113.6186,37.606],[-113.624,37.5943],[-113.6266,37.5786],[-113.6201,37.5532],[-113.6191,37.5421],[-113.6203,37.5313],[-113.6251,37.5175],[-113.6345,37.5023],[-113.6468,37.4725],[-113.6544,37.4594],[-113.6558,37.4531],[-113.6614,37.4483],[-113.6775,37.4396],[-113.6792,37.4366],[-113.6806,37.4311],[-113.6824,37.3986],[-113.6895,37.3767],[-113.7198,37.344],[-113.7273,37.3331],[-113.7311,37.3253],[-113.7332,37.3137],[-113.7356,37.3078],[-113.7416,37.3019],[-113.7676,37.2848],[-113.779,37.2609],[-113.7822,37.2434],[-113.7814,37.216],[-113.7771,37.1993],[-113.7755,37.1962],[-113.7704,37.1916],[-113.7715,37.1854],[-113.7749,37.1777],[-113.7816,37.167],[-113.8034,37.1506],[-113.8094,37.1474],[-113.8125,37.1425],[-113.818,37.1368],[-113.8248,37.1128],[-113.8304,37.1022],[-113.837,37.0951],[-113.8472,37.0897],[-113.8574,37.0861],[-113.8849,37.069],[-113.8917,37.0611],[-113.8991,37.0447],[-113.9017,37.0418],[-113.9102,37.0143],[-113.915,37.0035],[-113.9201,36.9992],[-113.9208,36.9905],[-113.9226,36.9874],[-113.9231,36.9796],[-113.9251,36.9712],[-113.926,36.9548],[-113.932,36.9423],[-113.9325,36.9335],[-113.9296,36.891],[-113.9341,36.8817]],[[-111.9754,38.8431],[-111.9649,38.8352],[-111.9584,38.8352],[-111.9554,38.8344],[-111.9426,38.8291],[-111.9354,38.8236],[-111.9314,38.822],[-111.928,38.8221],[-111.9247,38.8233],[-111.9123,38.8309],[-111.9012,38.8395],[-111.8879,38.8519],[-111.882,38.8555],[-111.8708,38.8606],[-111.8676,38.8636],[-111.8612,38.8751],[-111.8591,38.8773],[-111.8567,38.8757],[-111.8552,38.8728],[-111.8541,38.8667],[-111.8514,38.8651],[-111.8365,38.8651],[-111.8178,38.8689],[-111.7804,38.8815],[-111.7692,38.8825],[-111.7624,38.8795],[-111.7541,38.8721],[-111.7501,38.8661],[-111.7435,38.8596]],[[-111.7435,38.8596],[-111.7439,38.8713],[-111.7462,38.8831],[-111.7502,38.8905],[-111.7516,38.8959],[-111.7491,38.9073],[-111.749,38.9121],[-111.7504,38.9182],[-111.753,38.9228],[-111.7795,38.9304],[-111.7855,38.9308],[-111.7961,38.9353],[-111.8057,38.9352],[-111.8269,38.9322],[-111.8522,38.9332],[-111.8685,38.9323],[-111.876,38.9314],[-111.8906,38.9272],[-111.9119,38.9251],[-111.9196,38.9234],[-111.9309,38.9157],[-111.9397,38.9059],[-111.9478,38.8927],[-111.9553,38.8822],[-111.9592,38.8786],[-111.9668,38.8675],[-111.9699,38.8613],[-111.9735,38.8464],[-111.9754,38.8431]],[[-110.1315,38.9842],[-110.1174,38.9732],[-110.1067,38.9675],[-110.1005,38.9631],[-110.0982,38.9587],[-110.0846,38.9508],[-110.0792,38.9458],[-110.0726,38.9422],[-110.0386,38.917],[-110.0249,38.9028],[-110.0157,38.8888],[-109.9887,38.8675],[-109.9653,38.8534],[-109.9552,38.8458],[-109.9443,38.836],[-109.9374,38.8275],[-109.9227,38.8165],[-109.9041,38.8008],[-109.8967,38.7976],[-109.8894,38.7969],[-109.8756,38.7932],[-109.8684,38.7925],[-109.8267,38.7809],[-109.7996,38.7695],[-109.7686,38.7589],[-109.7408,38.7476],[-109.7383,38.7456],[-109.7216,38.7234],[-109.7188,38.7206],[-109.7094,38.7145],[-109.7061,38.7073],[-109.7024,38.6909],[-109.699,38.6824],[-109.6857,38.6666],[-109.6784,38.6533],[-109.6719,38.6446],[-109.6535,38.628],[-109.6268,38.6144],[-109.6188,38.6115],[-109.6115,38.6108],[-109.608,38.6088],[-109.6047,38.6039],[-109.6012,38.5956],[-109.5953,38.588]],[[-110.1315,38.9842],[-110.137,38.9942],[-110.1378,39.001],[-110.1428,39.0098],[-110.1486,39.0135],[-110.156,39.016],[-110.1632,39.0172],[-110.1806,39.0045],[-110.1898,38.9989],[-110.2004,38.9867],[-110.21,38.9817],[-110.2385,38.98],[-110.2556,38.9848],[-110.2729,38.9857],[-110.2828,38.9891],[-110.2895,38.9935],[-110.2965,39],[-110.2964,39.003],[-110.3111,39.0304],[-110.3227,39.0707],[-110.3253,39.0761],[-110.3308,39.0939],[-110.337,39.0985],[-110.3461,39.103],[-110.3575,39.106],[-110.3776,39.113],[-110.3996,39.1233],[-110.4178,39.1369],[-110.4268,39.1482],[-110.4308,39.1515],[-110.4401,39.1556],[-110.4541,39.1601],[-110.478,39.171],[-110.4936,39.173],[-110.5125,39.171],[-110.5297,39.1724],[-110.544,39.1711],[-110.5596,39.1717],[-110.5815,39.1706],[-110.5924,39.1675],[-110.6193,39.1545],[-110.6268,39.1532],[-110.6413,39.1567],[-110.6627,39.1656],[-110.6814,39.169],[-110.6879,39.1715],[-110.6922,39.172],[-110.7028,39.1755],[-110.7093,39.1788],[-110.7207,39.1813],[-110.7358,39.182],[-110.7569,39.179],[-110.7757,39.1823],[-110.7913,39.1823],[-110.8158,39.1896],[-110.8297,39.1926],[-110.8541,39.2022],[-110.8685,39.2055],[-110.8827,39.2124],[-110.8904,39.2146],[-110.8944,39.2145],[-110.9122,39.2129],[-110.9149,39.2114],[-110.9186,39.2109],[-110.924,39.2072],[-110.9339,39.1972],[-110.9391,39.189],[-110.942,39.1802],[-110.9435,39.1644],[-110.9424,39.1538],[-110.9492,39.1456],[-110.9515,39.1381],[-110.9548,39.1358],[-110.969,39.1312],[-110.9751,39.1279],[-110.9946,39.1218],[-111.0228,39.1149],[-111.0342,39.1099],[-111.0468,39.0972],[-111.0616,39.0867],[-111.0636,39.0843],[-111.0669,39.0822],[-111.0887,39.073],[-111.1036,39.0613],[-111.1264,39.0375],[-111.1282,39.029],[-111.1299,39.0258],[-111.1499,39.0088],[-111.1522,39.0058],[-111.1658,38.9817],[-111.1749,38.9679],[-111.1912,38.9518],[-111.2097,38.9309],[-111.2381,38.9058],[-111.2607,38.8841],[-111.2671,38.8764],[-111.2759,38.8627],[-111.2889,38.8485],[-111.3001,38.8394],[-111.3116,38.833],[-111.3352,38.8177],[-111.3404,38.8125],[-111.353,38.7964],[-111.3643,38.7728],[-111.3712,38.7674],[-111.3816,38.7636],[-111.3888,38.7623],[-111.4067,38.762],[-111.4215,38.7642],[-111.4359,38.7648],[-111.4503,38.7642],[-111.454,38.7653],[-111.4826,38.7851],[-111.5078,38.8001],[-111.5131,38.8045],[-111.5312,38.8145],[-111.5339,38.8165],[-111.536,38.8204],[-111.5527,38.8253],[-111.5872,38.8303],[-111.5972,38.8302],[-111.6038,38.827],[-111.6093,38.8231],[-111.6112,38.8203],[-111.6146,38.8184],[-111.6178,38.8126],[-111.6245,38.8102],[-111.6385,38.8094],[-111.6632,38.8045],[-111.6773,38.8044],[-111.6876,38.806],[-111.6996,38.8116],[-111.7066,38.8191],[-111.7237,38.8317],[-111.7388,38.8444],[-111.7418,38.8505],[-111.7435,38.8596]]]}}]}